UPDATE sites SET site_logo='/mediacenter/media/images/113/logo/865_1434943116_6055877e8c968e3.jpg',footercontent='<div class=\"footer-nd\">\r\n<p><span style=\"font-size: 18px; line-height: 28.7999992370605px;\"><b>Về chúng tôi</b></span></p>\r\n\r\n<p><strong>Địa chỉ : 335 Cầu Giấy -&nbsp;Hà Nội - Việt Nam</strong><br />\r\nTài khoản cá nhân:&nbsp;<strong>ACB: 8822233</strong>&nbsp;- Tên chủ tài khoản:&nbsp;<strong>Trần văn B</strong>&nbsp;(Ngân hàng ACB - Phòng giao dịch Kim liên - Hà Nội)<br />\r\nTài khoản cá nhân:&nbsp;<strong>Agribank: 166668446666</strong>- Tên chủ tài khoản:&nbsp;<strong>Nguyễn Văn C</strong><br />\r\nTài khoản cá nhân:&nbsp;<strong>ACB: 152958919</strong>&nbsp;- Tên chủ tài khoản:&nbsp;<strong>CTY TNHH DT TM XD Solid</strong><br />\r\nTài khoản cá nhân:&nbsp;<strong>Sacombank: 060055006262</strong>&nbsp;- Tên chủ tài khoản:&nbsp;<strong>CTY TNHH DT TM XD solid</strong></p>\r\n\r\n<p>© Copy right-2015 nanoweb.vn</p>\r\n</div>\r\n',contact='<p style=\"color: rgb(51, 51, 51); font-family: sans-serif, Arial, Verdana, \'Trebuchet MS\'; font-size: 13px; font-style: normal; font-variant: normal; font-weight: normal; letter-spacing: normal; line-height: 20.7999992370605px; orphans: auto; text-align: start; text-indent: 0px; text-transform: none; white-space: normal; widows: auto; word-spacing: 0px; -webkit-text-stroke-width: 0px;\">CÔNG TY CỔ PHẦN NĂNG LƯỢNG QUỐC TẾ VIỆT NHẬT<br />\r\nWebsite: www.nangluongfujisolar.com<br />\r\nĐịa chỉ : Đ/c: 859 đường Quang Trung, Hà Đông, Hà Nội<br />\r\nSố Điện Thoại : 0916910930</p>\r\n\r\n<p style=\"color: rgb(51, 51, 51); font-family: sans-serif, Arial, Verdana, \'Trebuchet MS\'; font-size: 13px; font-style: normal; font-variant: normal; font-weight: normal; letter-spacing: normal; line-height: 20.7999992370605px; orphans: auto; text-align: start; text-indent: 0px; text-transform: none; white-space: normal; widows: auto; word-spacing: 0px; -webkit-text-stroke-width: 0px;\"><em>Xin vui lòng điền các yêu cầu vào form dưới đây và gửi cho chúng tôi. Chúng tôi sẽ trả lời bạn ngay sau khi nhận được. Xin chân thành cảm ơn!</em></p>\r\n',admin_default='economy' WHERE site_id=[site_id];

INSERT INTO site_introduces (site_id,user_id, title, sortdesc, description, image_path, image_name, meta_keywords, meta_description, meta_title, created_time, modified_time) VALUES ([site_id],[user_id],'','','<p style=\"text-align: center;\"><img alt=\"\" src=\"http://w3ni131.web3nhat.net/data/media/81/images/2015/Trust-681x321.jpg\" style=\"width: 681px; height: 321px;\" /></p>\r\n\r\n<p>Trung Tâm Phân Phối Sản Phẩm Sơn Hà Trên Toàn Quốc là đơn vị cung cấp sản phẩm Sơn Hà lớn nhất tại Việt Nam . Hiện nay chúng tôi là nhà phân phối của Tổng công ty Cổ phần Quốc tế Sơn Hà có trụ sở tại Hà Nội hơn 10 năm qua. Chúng tôi đã thấu hiểu quan điểm, chính sách chiến lược của Tổng công ty là làm thế nào để đưa được sản phẩm tới tay người tiêu dùng trên khắp mọi miền Tổ quốc và bạn bè Quốc tế.<br />\r\n<br />\r\nVới mạng lưới phân phối rộng khắp tại 63 tỉnh thành phố của Việt Nam .Sản phẩm chúng tôi cung cấp luôn đảm bảo chất lượng tiêu chuẩn của của nhà sảm xuất , dịch vụ chu đáo trước và sau bán hàng , tư vấn miễn phí tại nhà là nguyên nhân khiến đông đảo khách hàng tìm tới chúng tôi và qua đó ngày càng khẳng định được vị trí số 1 của mình tại thị trường Việt Nam trong lĩnh vực kinh doanh sản phẩm Sơn Hà .<br />\r\nHưởng ứng chương trình khuyến khích \"Người Việt Nam dùng hàng Việt Nam\", sản phẩm của chúng tôi không bị giới hạn bởi&nbsp; khoảng cách. Để đạt được những thành quả trên, đội ngũ cán bộ, công nhân viên chuyên nghiệp cùng với các chi nhánh, các nhà phân phối, các đại lý chính thức của chúng tôi luôn nỗ lực hoàn thiện mình để đưa đến cho khách hàng cung cách, thái độ phục vụ tư vấn tận tình.<br />\r\n<br />\r\nHãy gọi đến TRUNG TÂM của chúng tôi, quý khách sẽ luôn nhận được sự tư vấn miễn phí, tận tình và sử dụng những sản phẩm chất lượng tiêu chuẩn Quốc tế và dịch vụ Chăm sóc khách hàng hoàn hảo.Bạn “cần”&nbsp; chúng tôi “có “&nbsp; rất hân hạnh được phục vụ quý khách hàng.<br />\r\n&nbsp;</p>\r\n\r\n<p style=\"text-align: center;\"><span style=\"font-size:18px;\">\" Sự hài lòng của quý khách là tiêu chí của chúng tôi \".<br />\r\nTrân trọng được hợp tác !</span></p>\r\n','','','','','',[now],[now]);

INSERT INTO site_support (site_id,user_id,`data`, created_time, modified_time) VALUES ([site_id],[user_id],'[{\"type\":\"phone\",\"phone\":\"0948 854 888\"},{\"type\":\"yahoo\",\"nick\":\"buithanhdung@yahoo.com\",\"title\":\"\"},{\"type\":\"skype\",\"nick\":\"buithanhdung\",\"title\":\"\"}]',[now],[now]);

INSERT INTO maps (id,site_id, user_id, latlng, `name`, address, email, phone, website, headoffice, `order`, created_time, modified_time) VALUES (null,[site_id],[user_id],'21.007066,105.831931','Công ty Công Nghệ 3 Nhất','82 Phạm Ngọc Thạch - Đống Đa - Hà nội','support@web3nhat.com','0948854888','web3nhat.vn',1,0,[now],[now]);


INSERT INTO banner_groups (banner_group_id, banner_group_name, banner_group_description, site_id, user_id, width, height, created_time)  VALUES (null, 'Nhóm banner slide home', '', '[site_id]', '[user_id]', '1366', '381', '[now]');
set @banner_groups107 = LAST_INSERT_ID();
INSERT INTO banner_groups (banner_group_id, banner_group_name, banner_group_description, site_id, user_id, width, height, created_time)  VALUES (null, 'Nhóm banner bên trái', '', '[site_id]', '[user_id]', '221', '0', '[now]');
set @banner_groups108 = LAST_INSERT_ID();
INSERT INTO banner_groups (banner_group_id, banner_group_name, banner_group_description, site_id, user_id, width, height, created_time)  VALUES (null, 'Banner top (cạnh logo)', '', '[site_id]', '[user_id]', '612', '0', '[now]');
set @banner_groups109 = LAST_INSERT_ID();
INSERT INTO banner_groups (banner_group_id, banner_group_name, banner_group_description, site_id, user_id, width, height, created_time)  VALUES (null, 'Banner Main Header', '', '[site_id]', '[user_id]', '1300', '381', '[now]');
set @banner_groups115 = LAST_INSERT_ID();


INSERT INTO banners (banner_id, site_id, banner_group_id, banner_name, banner_description, banner_src, banner_width, banner_height, banner_link, banner_type, banner_order, banner_rules, banner_target, created_time, banner_showall) VALUES (null, [site_id],@banner_groups115, 'Banner 1','','/mediacenter/media/files/113/banners/479_1434943600_162558780709875d.jpg',1300,381,'',1,1,'',0,[now],1);
set @banners266 = LAST_INSERT_ID();
INSERT INTO banners (banner_id, site_id, banner_group_id, banner_name, banner_description, banner_src, banner_width, banner_height, banner_link, banner_type, banner_order, banner_rules, banner_target, created_time, banner_showall) VALUES (null, [site_id],@banner_groups115, 'Banner 2','','/mediacenter/media/files/113/banners/186_1434943623_188558780878831d.jpg',1300,381,'',1,2,'',0,[now],1);
set @banners267 = LAST_INSERT_ID();
INSERT INTO banners (banner_id, site_id, banner_group_id, banner_name, banner_description, banner_src, banner_width, banner_height, banner_link, banner_type, banner_order, banner_rules, banner_target, created_time, banner_showall) VALUES (null, [site_id],@banner_groups108, 'Banner 4','','/mediacenter/media/files/113/banners/655_1434949060_23558795c4429c8.jpg',221,0,'',1,1,'',0,[now],1);
set @banners268 = LAST_INSERT_ID();
INSERT INTO banners (banner_id, site_id, banner_group_id, banner_name, banner_description, banner_src, banner_width, banner_height, banner_link, banner_type, banner_order, banner_rules, banner_target, created_time, banner_showall) VALUES (null, [site_id],@banner_groups108, 'Banner 10','','/mediacenter/media/files/113/banners/191_1434949086_783558795de46504.jpg',221,0,'',1,2,'',0,[now],1);
set @banners269 = LAST_INSERT_ID();


INSERT INTO news_categories (cat_id, site_id, user_id, cat_parent, cat_name, `alias`, cat_order, cat_description, cat_countchild, image_path, image_name, `status`, created_time, modified_time, showinhome, meta_keywords, meta_description, meta_title) VALUES (null,[site_id],[user_id],0,'Tin tức','tin-tuc',15,'',0,'','',1,[now], [now],1,'','','');
set @news_categories116 = LAST_INSERT_ID();




INSERT INTO product_attribute_set (id, `name`, `code`, sort_order, site_id) VALUES (null,'Nhóm thuộc tính chung','chung',1,[site_id]);
set @product_attribute_set18 = LAST_INSERT_ID();
INSERT INTO product_attribute_set (id, `name`, `code`, sort_order, site_id) VALUES (null,'nhóm thuộc tính riêng','nhom-thuoc-tinh-rieng',2,[site_id]);
set @product_attribute_set19 = LAST_INSERT_ID();

INSERT INTO product_categories (cat_id, site_id, attribute_set_id, cat_parent, cat_name, `alias`, cat_order, cat_description, cat_countchild, image_path, image_name, `status`, created_time, modified_time, showinhome, meta_keywords, meta_description, icon_path, icon_name) VALUES (null,[site_id],NULL,0,'Nội thất phòng khách','noi-that-phong-khach',9,'nội thất phòng khách',0,'/media/images/113/category/ava/','117_1434959402_5705587be2a3b3f4.jpg',1,[now], [now],1,'','','','');
set @product_categories402 = LAST_INSERT_ID();
INSERT INTO product_categories (cat_id, site_id, attribute_set_id, cat_parent, cat_name, `alias`, cat_order, cat_description, cat_countchild, image_path, image_name, `status`, created_time, modified_time, showinhome, meta_keywords, meta_description, icon_path, icon_name) VALUES (null,[site_id],NULL,0,'Nội thất phòng ngủ','noi-that-phong-ngu',10,'nội thất phòng ngủ',0,'','',1,[now], [now],1,'','','','');
set @product_categories403 = LAST_INSERT_ID();
INSERT INTO product_categories (cat_id, site_id, attribute_set_id, cat_parent, cat_name, `alias`, cat_order, cat_description, cat_countchild, image_path, image_name, `status`, created_time, modified_time, showinhome, meta_keywords, meta_description, icon_path, icon_name) VALUES (null,[site_id],NULL,0,'Nội thất phòng ngủ trẻ em','noi-that-phong-ngu-tre-em',11,'nội thất phòng ngủ trẻ em',0,'','',1,[now], [now],0,'','','','');
set @product_categories404 = LAST_INSERT_ID();
INSERT INTO product_categories (cat_id, site_id, attribute_set_id, cat_parent, cat_name, `alias`, cat_order, cat_description, cat_countchild, image_path, image_name, `status`, created_time, modified_time, showinhome, meta_keywords, meta_description, icon_path, icon_name) VALUES (null,[site_id],NULL,0,'Nội thất phòng ăn','noi-that-phong-an',12,'Nội thất phòng ăn ',0,'','',1,[now], [now],1,'','','','');
set @product_categories405 = LAST_INSERT_ID();
INSERT INTO product_categories (cat_id, site_id, attribute_set_id, cat_parent, cat_name, `alias`, cat_order, cat_description, cat_countchild, image_path, image_name, `status`, created_time, modified_time, showinhome, meta_keywords, meta_description, icon_path, icon_name) VALUES (null,[site_id],NULL,0,'Nộ thất phòng tắm','no-that-phong-tam',13,'Nội thất phòng tắm',0,'','',1,[now], [now],1,'','','','');
set @product_categories413 = LAST_INSERT_ID();



INSERT INTO product_attribute (`id`, `name`, `code`, `attribute_set_id`, `type`, `frontend_input`, `frontend_label`, `default_value`, `is_configurable`, `is_filterable`, `field_product`, `is_frontend`, `is_system`, `sort_order`,`field_configurable`,`type_option`,`site_id`) VALUES (null,'Xuất xứ','xuat-xu',@product_attribute_set18,'static','select','','',1,1,1,1,1,2,0,0,[site_id]);
set @product_attribute34 = LAST_INSERT_ID();

INSERT INTO product_attribute_option (`id`, `attribute_id`, `index_key`, `sort_order`, `value`,`ext`,`site_id`) VALUES (null,@product_attribute34,64,0,'Nhật bản','',[site_id]);
set @product_attribute_option64 = LAST_INSERT_ID();
UPDATE product_attribute_option SET index_key=id WHERE id=@product_attribute_option64;
INSERT INTO product_attribute_option (`id`, `attribute_id`, `index_key`, `sort_order`, `value`,`ext`,`site_id`) VALUES (null,0,2,0,'123','',[site_id]);
set @product_attribute_option65 = LAST_INSERT_ID();
INSERT INTO product_attribute_option (`id`, `attribute_id`, `index_key`, `sort_order`, `value`,`ext`,`site_id`) VALUES (null,0,3,0,'Sơn hà','',[site_id]);
set @product_attribute_option66 = LAST_INSERT_ID();
INSERT INTO product_attribute_option (`id`, `attribute_id`, `index_key`, `sort_order`, `value`,`ext`,`site_id`) VALUES (null,@product_attribute34,67,0,'Mỹ','',[site_id]);
set @product_attribute_option67 = LAST_INSERT_ID();
UPDATE product_attribute_option SET index_key=id WHERE id=@product_attribute_option67;
INSERT INTO product_attribute_option (`id`, `attribute_id`, `index_key`, `sort_order`, `value`,`ext`,`site_id`) VALUES (null,@product_attribute34,68,0,'Úc','',[site_id]);
set @product_attribute_option68 = LAST_INSERT_ID();
UPDATE product_attribute_option SET index_key=id WHERE id=@product_attribute_option68;

INSERT INTO product (`id`, `attribute_set_id`, `name`, `code`, `alias`, `ishot`, `price`, `price_market`, `price_discount`, `price_discount_percent`, `avatar_id`, `avatar_path`, `avatar_name`, `currency`, `include_vat`, `quantity`, `position`, `product_category_id`, `category_track`, `status`, `state`, `created_user`, `created_time`, `modified_user`, `modified_time`, `site_id`, `meta_keywords`, `meta_description`, `meta_title`, `list_product_relate`, `isnew`, `manufacturer_id`, `cus_field1`, `cus_field2`, `cus_field3`, `cus_field4`, `cus_field5`, `cus_field6`, `cus_field7`, `cus_field8`, `cus_field9`, `cus_field10`, `cus_field11`, `cus_field12`, `cus_field13`, `cus_field14`, `cus_field15`, `cus_field16`, `cus_field17`, `cus_field18`, `cus_field19`, `cus_field20`, `cus_field21`, `cus_field22`, `cus_field23`, `cus_field24`, `cus_field25`, `cus_field26`, `cus_field27`, `cus_field28`, `cus_field29`, `cus_field30`, `cus_field31`, `cus_field32`, `cus_field33`, `cus_field34`, `cus_field35`, `cus_field36`, `cus_field37`, `cus_field38`) VALUES (null,null,'Sen vòi','GO36','sen-voi',0,1650000.00,1750000.00,0.00,0,0,'/media/images/products/113/1/','613_1435025286_2245588bf863901a.jpg','',0,0,1000,@product_categories413,CONCAT(@product_categories413),1,1,[user_id],[now],[user_id],[now],[site_id],'','','','',1,0,0,0,0,0,0,0,0,0,0,0,0,0,0,0,0,0,0,0,0.0000,0.0000,0.0000,0.0000,0.0000,0.0000,0.0000,0.0000,0,0,0,0,0,0,0,0,0,0,0,0);
set @product148 = LAST_INSERT_ID();
INSERT INTO product (`id`, `attribute_set_id`, `name`, `code`, `alias`, `ishot`, `price`, `price_market`, `price_discount`, `price_discount_percent`, `avatar_id`, `avatar_path`, `avatar_name`, `currency`, `include_vat`, `quantity`, `position`, `product_category_id`, `category_track`, `status`, `state`, `created_user`, `created_time`, `modified_user`, `modified_time`, `site_id`, `meta_keywords`, `meta_description`, `meta_title`, `list_product_relate`, `isnew`, `manufacturer_id`, `cus_field1`, `cus_field2`, `cus_field3`, `cus_field4`, `cus_field5`, `cus_field6`, `cus_field7`, `cus_field8`, `cus_field9`, `cus_field10`, `cus_field11`, `cus_field12`, `cus_field13`, `cus_field14`, `cus_field15`, `cus_field16`, `cus_field17`, `cus_field18`, `cus_field19`, `cus_field20`, `cus_field21`, `cus_field22`, `cus_field23`, `cus_field24`, `cus_field25`, `cus_field26`, `cus_field27`, `cus_field28`, `cus_field29`, `cus_field30`, `cus_field31`, `cus_field32`, `cus_field33`, `cus_field34`, `cus_field35`, `cus_field36`, `cus_field37`, `cus_field38`) VALUES (null,null,'Đĩa xà phòng','GO36','dia-xa-phong',0,210000.00,300000.00,0.00,0,0,'/media/images/products/113/1/','218_1435025087_3405588bebf772df.jpg','',0,0,1000,@product_categories413,CONCAT(@product_categories413),1,1,[user_id],[now],[user_id],[now],[site_id],'','','','',1,0,0,0,0,0,0,0,0,0,0,0,0,0,0,0,0,0,0,0,0.0000,0.0000,0.0000,0.0000,0.0000,0.0000,0.0000,0.0000,0,0,0,0,0,0,0,0,0,0,0,0);
set @product147 = LAST_INSERT_ID();
INSERT INTO product (`id`, `attribute_set_id`, `name`, `code`, `alias`, `ishot`, `price`, `price_market`, `price_discount`, `price_discount_percent`, `avatar_id`, `avatar_path`, `avatar_name`, `currency`, `include_vat`, `quantity`, `position`, `product_category_id`, `category_track`, `status`, `state`, `created_user`, `created_time`, `modified_user`, `modified_time`, `site_id`, `meta_keywords`, `meta_description`, `meta_title`, `list_product_relate`, `isnew`, `manufacturer_id`, `cus_field1`, `cus_field2`, `cus_field3`, `cus_field4`, `cus_field5`, `cus_field6`, `cus_field7`, `cus_field8`, `cus_field9`, `cus_field10`, `cus_field11`, `cus_field12`, `cus_field13`, `cus_field14`, `cus_field15`, `cus_field16`, `cus_field17`, `cus_field18`, `cus_field19`, `cus_field20`, `cus_field21`, `cus_field22`, `cus_field23`, `cus_field24`, `cus_field25`, `cus_field26`, `cus_field27`, `cus_field28`, `cus_field29`, `cus_field30`, `cus_field31`, `cus_field32`, `cus_field33`, `cus_field34`, `cus_field35`, `cus_field36`, `cus_field37`, `cus_field38`) VALUES (null,null,'Bàn ghế ăn gỗ sồi ','BA 29','ban-ghe-an-go-soi',0,12000000.00,13500000.00,0.00,0,0,'/media/images/products/113/1/','577_1434974658_4725587f9c2c12d9.jpg','',0,0,1000,@product_categories405,CONCAT(@product_categories405),1,1,[user_id],[now],[user_id],[now],[site_id],'','','','',1,0,0,0,0,0,0,0,0,0,0,0,0,0,0,0,0,0,0,0,0.0000,0.0000,0.0000,0.0000,0.0000,0.0000,0.0000,0.0000,0,0,0,0,0,0,0,0,0,0,0,0);
set @product146 = LAST_INSERT_ID();
INSERT INTO product (`id`, `attribute_set_id`, `name`, `code`, `alias`, `ishot`, `price`, `price_market`, `price_discount`, `price_discount_percent`, `avatar_id`, `avatar_path`, `avatar_name`, `currency`, `include_vat`, `quantity`, `position`, `product_category_id`, `category_track`, `status`, `state`, `created_user`, `created_time`, `modified_user`, `modified_time`, `site_id`, `meta_keywords`, `meta_description`, `meta_title`, `list_product_relate`, `isnew`, `manufacturer_id`, `cus_field1`, `cus_field2`, `cus_field3`, `cus_field4`, `cus_field5`, `cus_field6`, `cus_field7`, `cus_field8`, `cus_field9`, `cus_field10`, `cus_field11`, `cus_field12`, `cus_field13`, `cus_field14`, `cus_field15`, `cus_field16`, `cus_field17`, `cus_field18`, `cus_field19`, `cus_field20`, `cus_field21`, `cus_field22`, `cus_field23`, `cus_field24`, `cus_field25`, `cus_field26`, `cus_field27`, `cus_field28`, `cus_field29`, `cus_field30`, `cus_field31`, `cus_field32`, `cus_field33`, `cus_field34`, `cus_field35`, `cus_field36`, `cus_field37`, `cus_field38`) VALUES (null,null,'Bàn ghế ăn hiện đại ','BA34','ban-ghe-an-hien-dai',0,11700000.00,13000000.00,0.00,0,0,'/media/images/products/113/1/','490_1434974349_9455587f88d897e5.jpg','',0,0,1000,@product_categories405,CONCAT(@product_categories405),1,1,[user_id],[now],[user_id],[now],[site_id],'','','','',1,0,0,0,0,0,0,0,0,0,0,0,0,0,0,0,0,0,0,0,0.0000,0.0000,0.0000,0.0000,0.0000,0.0000,0.0000,0.0000,0,0,0,0,0,0,0,0,0,0,0,0);
set @product145 = LAST_INSERT_ID();
INSERT INTO product (`id`, `attribute_set_id`, `name`, `code`, `alias`, `ishot`, `price`, `price_market`, `price_discount`, `price_discount_percent`, `avatar_id`, `avatar_path`, `avatar_name`, `currency`, `include_vat`, `quantity`, `position`, `product_category_id`, `category_track`, `status`, `state`, `created_user`, `created_time`, `modified_user`, `modified_time`, `site_id`, `meta_keywords`, `meta_description`, `meta_title`, `list_product_relate`, `isnew`, `manufacturer_id`, `cus_field1`, `cus_field2`, `cus_field3`, `cus_field4`, `cus_field5`, `cus_field6`, `cus_field7`, `cus_field8`, `cus_field9`, `cus_field10`, `cus_field11`, `cus_field12`, `cus_field13`, `cus_field14`, `cus_field15`, `cus_field16`, `cus_field17`, `cus_field18`, `cus_field19`, `cus_field20`, `cus_field21`, `cus_field22`, `cus_field23`, `cus_field24`, `cus_field25`, `cus_field26`, `cus_field27`, `cus_field28`, `cus_field29`, `cus_field30`, `cus_field31`, `cus_field32`, `cus_field33`, `cus_field34`, `cus_field35`, `cus_field36`, `cus_field37`, `cus_field38`) VALUES (null,null,'Tủ quần áo gỗ ','TQA10','tu-quan-ao-go-sang-trong-va-hien-dai-cho-khong-gian-cua-gia-dinh-ban',0,3900000.00,4300000.00,0.00,0,0,'/media/images/products/113/1/','329_1434973605_875587f5a536fc6.jpg','',0,0,1000,@product_categories403,CONCAT(@product_categories403),1,1,[user_id],[now],[user_id],[now],[site_id],'','','','',1,0,0,0,0,0,0,0,0,0,0,0,0,0,0,0,0,0,0,0,0.0000,0.0000,0.0000,0.0000,0.0000,0.0000,0.0000,0.0000,0,0,0,0,0,0,0,0,0,0,0,0);
set @product144 = LAST_INSERT_ID();
INSERT INTO product (`id`, `attribute_set_id`, `name`, `code`, `alias`, `ishot`, `price`, `price_market`, `price_discount`, `price_discount_percent`, `avatar_id`, `avatar_path`, `avatar_name`, `currency`, `include_vat`, `quantity`, `position`, `product_category_id`, `category_track`, `status`, `state`, `created_user`, `created_time`, `modified_user`, `modified_time`, `site_id`, `meta_keywords`, `meta_description`, `meta_title`, `list_product_relate`, `isnew`, `manufacturer_id`, `cus_field1`, `cus_field2`, `cus_field3`, `cus_field4`, `cus_field5`, `cus_field6`, `cus_field7`, `cus_field8`, `cus_field9`, `cus_field10`, `cus_field11`, `cus_field12`, `cus_field13`, `cus_field14`, `cus_field15`, `cus_field16`, `cus_field17`, `cus_field18`, `cus_field19`, `cus_field20`, `cus_field21`, `cus_field22`, `cus_field23`, `cus_field24`, `cus_field25`, `cus_field26`, `cus_field27`, `cus_field28`, `cus_field29`, `cus_field30`, `cus_field31`, `cus_field32`, `cus_field33`, `cus_field34`, `cus_field35`, `cus_field36`, `cus_field37`, `cus_field38`) VALUES (null,null,'Tủ quần áo gỗ ','TQA04','tu-quan-ao-go',0,3500000.00,3800000.00,0.00,0,0,'/media/images/products/113/1/','291_1434973033_5825587f369c26cd.gif','',0,0,1000,@product_categories403,CONCAT(@product_categories403),1,1,[user_id],[now],[user_id],[now],[site_id],'','','','',1,0,0,0,0,0,0,0,0,0,0,0,0,0,0,0,0,0,0,0,0.0000,0.0000,0.0000,0.0000,0.0000,0.0000,0.0000,0.0000,0,0,0,0,0,0,0,0,0,0,0,0);
set @product143 = LAST_INSERT_ID();
INSERT INTO product (`id`, `attribute_set_id`, `name`, `code`, `alias`, `ishot`, `price`, `price_market`, `price_discount`, `price_discount_percent`, `avatar_id`, `avatar_path`, `avatar_name`, `currency`, `include_vat`, `quantity`, `position`, `product_category_id`, `category_track`, `status`, `state`, `created_user`, `created_time`, `modified_user`, `modified_time`, `site_id`, `meta_keywords`, `meta_description`, `meta_title`, `list_product_relate`, `isnew`, `manufacturer_id`, `cus_field1`, `cus_field2`, `cus_field3`, `cus_field4`, `cus_field5`, `cus_field6`, `cus_field7`, `cus_field8`, `cus_field9`, `cus_field10`, `cus_field11`, `cus_field12`, `cus_field13`, `cus_field14`, `cus_field15`, `cus_field16`, `cus_field17`, `cus_field18`, `cus_field19`, `cus_field20`, `cus_field21`, `cus_field22`, `cus_field23`, `cus_field24`, `cus_field25`, `cus_field26`, `cus_field27`, `cus_field28`, `cus_field29`, `cus_field30`, `cus_field31`, `cus_field32`, `cus_field33`, `cus_field34`, `cus_field35`, `cus_field36`, `cus_field37`, `cus_field38`) VALUES (null,null,'Tủ giày gỗ','TG18','tu-giay-go',0,3700000.00,3900000.00,0.00,0,0,'/media/images/products/113/1/','34_1434972751_2285587f24fa8600.jpg','',0,0,1000,@product_categories402,CONCAT(@product_categories402),1,1,[user_id],[now],[user_id],[now],[site_id],'','','','',1,0,0,0,0,0,0,0,0,0,0,0,0,0,0,0,0,0,0,0,0.0000,0.0000,0.0000,0.0000,0.0000,0.0000,0.0000,0.0000,0,0,0,0,0,0,0,0,0,0,0,0);
set @product142 = LAST_INSERT_ID();
INSERT INTO product (`id`, `attribute_set_id`, `name`, `code`, `alias`, `ishot`, `price`, `price_market`, `price_discount`, `price_discount_percent`, `avatar_id`, `avatar_path`, `avatar_name`, `currency`, `include_vat`, `quantity`, `position`, `product_category_id`, `category_track`, `status`, `state`, `created_user`, `created_time`, `modified_user`, `modified_time`, `site_id`, `meta_keywords`, `meta_description`, `meta_title`, `list_product_relate`, `isnew`, `manufacturer_id`, `cus_field1`, `cus_field2`, `cus_field3`, `cus_field4`, `cus_field5`, `cus_field6`, `cus_field7`, `cus_field8`, `cus_field9`, `cus_field10`, `cus_field11`, `cus_field12`, `cus_field13`, `cus_field14`, `cus_field15`, `cus_field16`, `cus_field17`, `cus_field18`, `cus_field19`, `cus_field20`, `cus_field21`, `cus_field22`, `cus_field23`, `cus_field24`, `cus_field25`, `cus_field26`, `cus_field27`, `cus_field28`, `cus_field29`, `cus_field30`, `cus_field31`, `cus_field32`, `cus_field33`, `cus_field34`, `cus_field35`, `cus_field36`, `cus_field37`, `cus_field38`) VALUES (null,null,'Tủ rượu gỗ phòng khách','TR12','tu-ruou-go-phong-khach',0,3800000.00,4000000.00,0.00,0,0,'/media/images/products/113/1/','694_1434972596_5055587f1b4b2b8a.jpg','',0,0,1000,@product_categories402,CONCAT(@product_categories402),1,1,[user_id],[now],[user_id],[now],[site_id],'','','','',1,0,0,0,0,0,0,0,0,0,0,0,0,0,0,0,0,0,0,0,0.0000,0.0000,0.0000,0.0000,0.0000,0.0000,0.0000,0.0000,0,0,0,0,0,0,0,0,0,0,0,0);
set @product141 = LAST_INSERT_ID();
INSERT INTO product (`id`, `attribute_set_id`, `name`, `code`, `alias`, `ishot`, `price`, `price_market`, `price_discount`, `price_discount_percent`, `avatar_id`, `avatar_path`, `avatar_name`, `currency`, `include_vat`, `quantity`, `position`, `product_category_id`, `category_track`, `status`, `state`, `created_user`, `created_time`, `modified_user`, `modified_time`, `site_id`, `meta_keywords`, `meta_description`, `meta_title`, `list_product_relate`, `isnew`, `manufacturer_id`, `cus_field1`, `cus_field2`, `cus_field3`, `cus_field4`, `cus_field5`, `cus_field6`, `cus_field7`, `cus_field8`, `cus_field9`, `cus_field10`, `cus_field11`, `cus_field12`, `cus_field13`, `cus_field14`, `cus_field15`, `cus_field16`, `cus_field17`, `cus_field18`, `cus_field19`, `cus_field20`, `cus_field21`, `cus_field22`, `cus_field23`, `cus_field24`, `cus_field25`, `cus_field26`, `cus_field27`, `cus_field28`, `cus_field29`, `cus_field30`, `cus_field31`, `cus_field32`, `cus_field33`, `cus_field34`, `cus_field35`, `cus_field36`, `cus_field37`, `cus_field38`) VALUES (null,null,'Sofa nỉ','NI03','sofa-ni',0,14700000.00,15000000.00,0.00,0,0,'/media/images/products/113/1/','147_1434972448_2235587f120d20b7.jpg','',0,0,1000,@product_categories402,CONCAT(@product_categories402),1,1,[user_id],[now],[user_id],[now],[site_id],'','','','',1,0,0,0,0,0,0,0,0,0,0,0,0,0,0,0,0,0,0,0,0.0000,0.0000,0.0000,0.0000,0.0000,0.0000,0.0000,0.0000,0,0,0,0,0,0,0,0,0,0,0,0);
set @product140 = LAST_INSERT_ID();
INSERT INTO product (`id`, `attribute_set_id`, `name`, `code`, `alias`, `ishot`, `price`, `price_market`, `price_discount`, `price_discount_percent`, `avatar_id`, `avatar_path`, `avatar_name`, `currency`, `include_vat`, `quantity`, `position`, `product_category_id`, `category_track`, `status`, `state`, `created_user`, `created_time`, `modified_user`, `modified_time`, `site_id`, `meta_keywords`, `meta_description`, `meta_title`, `list_product_relate`, `isnew`, `manufacturer_id`, `cus_field1`, `cus_field2`, `cus_field3`, `cus_field4`, `cus_field5`, `cus_field6`, `cus_field7`, `cus_field8`, `cus_field9`, `cus_field10`, `cus_field11`, `cus_field12`, `cus_field13`, `cus_field14`, `cus_field15`, `cus_field16`, `cus_field17`, `cus_field18`, `cus_field19`, `cus_field20`, `cus_field21`, `cus_field22`, `cus_field23`, `cus_field24`, `cus_field25`, `cus_field26`, `cus_field27`, `cus_field28`, `cus_field29`, `cus_field30`, `cus_field31`, `cus_field32`, `cus_field33`, `cus_field34`, `cus_field35`, `cus_field36`, `cus_field37`, `cus_field38`) VALUES (null,null,'Sofa gỗ ','SG19','sofa-go',0,30000000.00,33000000.00,0.00,0,0,'/media/images/products/113/1/','134_1434972285_2385587f07d83819.gif','',0,0,1000,@product_categories402,CONCAT(@product_categories402),1,1,[user_id],[now],[user_id],[now],[site_id],'','','','',1,0,0,0,0,0,0,0,0,0,0,0,0,0,0,0,0,0,0,0,0.0000,0.0000,0.0000,0.0000,0.0000,0.0000,0.0000,0.0000,0,0,0,0,0,0,0,0,0,0,0,0);
set @product139 = LAST_INSERT_ID();
INSERT INTO product (`id`, `attribute_set_id`, `name`, `code`, `alias`, `ishot`, `price`, `price_market`, `price_discount`, `price_discount_percent`, `avatar_id`, `avatar_path`, `avatar_name`, `currency`, `include_vat`, `quantity`, `position`, `product_category_id`, `category_track`, `status`, `state`, `created_user`, `created_time`, `modified_user`, `modified_time`, `site_id`, `meta_keywords`, `meta_description`, `meta_title`, `list_product_relate`, `isnew`, `manufacturer_id`, `cus_field1`, `cus_field2`, `cus_field3`, `cus_field4`, `cus_field5`, `cus_field6`, `cus_field7`, `cus_field8`, `cus_field9`, `cus_field10`, `cus_field11`, `cus_field12`, `cus_field13`, `cus_field14`, `cus_field15`, `cus_field16`, `cus_field17`, `cus_field18`, `cus_field19`, `cus_field20`, `cus_field21`, `cus_field22`, `cus_field23`, `cus_field24`, `cus_field25`, `cus_field26`, `cus_field27`, `cus_field28`, `cus_field29`, `cus_field30`, `cus_field31`, `cus_field32`, `cus_field33`, `cus_field34`, `cus_field35`, `cus_field36`, `cus_field37`, `cus_field38`) VALUES (null,null,'Kệ tivi gỗ phòng khách','KTV84','ke-tivi-go-phong-khach',0,3000000.00,3500000.00,0.00,0,0,'/media/images/products/113/1/','4_1434972128_5965587efe0c2fe3.jpg','',0,0,1000,@product_categories402,CONCAT(@product_categories402),1,1,[user_id],[now],[user_id],[now],[site_id],'','','','',1,0,0,0,0,0,0,0,0,0,0,0,0,0,0,0,0,0,0,0,0.0000,0.0000,0.0000,0.0000,0.0000,0.0000,0.0000,0.0000,0,0,0,0,0,0,0,0,0,0,0,0);
set @product138 = LAST_INSERT_ID();
INSERT INTO product (`id`, `attribute_set_id`, `name`, `code`, `alias`, `ishot`, `price`, `price_market`, `price_discount`, `price_discount_percent`, `avatar_id`, `avatar_path`, `avatar_name`, `currency`, `include_vat`, `quantity`, `position`, `product_category_id`, `category_track`, `status`, `state`, `created_user`, `created_time`, `modified_user`, `modified_time`, `site_id`, `meta_keywords`, `meta_description`, `meta_title`, `list_product_relate`, `isnew`, `manufacturer_id`, `cus_field1`, `cus_field2`, `cus_field3`, `cus_field4`, `cus_field5`, `cus_field6`, `cus_field7`, `cus_field8`, `cus_field9`, `cus_field10`, `cus_field11`, `cus_field12`, `cus_field13`, `cus_field14`, `cus_field15`, `cus_field16`, `cus_field17`, `cus_field18`, `cus_field19`, `cus_field20`, `cus_field21`, `cus_field22`, `cus_field23`, `cus_field24`, `cus_field25`, `cus_field26`, `cus_field27`, `cus_field28`, `cus_field29`, `cus_field30`, `cus_field31`, `cus_field32`, `cus_field33`, `cus_field34`, `cus_field35`, `cus_field36`, `cus_field37`, `cus_field38`) VALUES (null,null,'Bàn trà gỗ','BT55','ban-tra-go',0,5500000.00,5800000.00,0.00,0,0,'/media/images/products/113/1/','514_1434970188_5005587e84c3325e.jpg','',0,0,1000,@product_categories402,CONCAT(@product_categories402),1,1,[user_id],[now],[user_id],[now],[site_id],'','','','',1,0,0,0,0,0,0,0,0,0,0,0,0,0,0,0,0,0,0,0,0.0000,0.0000,0.0000,0.0000,0.0000,0.0000,0.0000,0.0000,0,0,0,0,0,0,0,0,0,0,0,0);
set @product137 = LAST_INSERT_ID();
INSERT INTO product (`id`, `attribute_set_id`, `name`, `code`, `alias`, `ishot`, `price`, `price_market`, `price_discount`, `price_discount_percent`, `avatar_id`, `avatar_path`, `avatar_name`, `currency`, `include_vat`, `quantity`, `position`, `product_category_id`, `category_track`, `status`, `state`, `created_user`, `created_time`, `modified_user`, `modified_time`, `site_id`, `meta_keywords`, `meta_description`, `meta_title`, `list_product_relate`, `isnew`, `manufacturer_id`, `cus_field1`, `cus_field2`, `cus_field3`, `cus_field4`, `cus_field5`, `cus_field6`, `cus_field7`, `cus_field8`, `cus_field9`, `cus_field10`, `cus_field11`, `cus_field12`, `cus_field13`, `cus_field14`, `cus_field15`, `cus_field16`, `cus_field17`, `cus_field18`, `cus_field19`, `cus_field20`, `cus_field21`, `cus_field22`, `cus_field23`, `cus_field24`, `cus_field25`, `cus_field26`, `cus_field27`, `cus_field28`, `cus_field29`, `cus_field30`, `cus_field31`, `cus_field32`, `cus_field33`, `cus_field34`, `cus_field35`, `cus_field36`, `cus_field37`, `cus_field38`) VALUES (null,null,'Bàn ghế ăn hiện đại ','BA35','ban-ghe-an-hien-dai',1,18500000.00,19500000.00,0.00,0,0,'/media/images/products/113/1/','625_1434970070_3855587e7d628676.jpg','',0,0,1000,@product_categories405,CONCAT(@product_categories405),1,1,[user_id],[now],[user_id],[now],[site_id],'','','','',1,0,0,0,0,0,0,0,0,0,0,0,0,0,0,0,0,0,0,0,0.0000,0.0000,0.0000,0.0000,0.0000,0.0000,0.0000,0.0000,0,0,0,0,0,0,0,0,0,0,0,0);
set @product136 = LAST_INSERT_ID();
INSERT INTO product (`id`, `attribute_set_id`, `name`, `code`, `alias`, `ishot`, `price`, `price_market`, `price_discount`, `price_discount_percent`, `avatar_id`, `avatar_path`, `avatar_name`, `currency`, `include_vat`, `quantity`, `position`, `product_category_id`, `category_track`, `status`, `state`, `created_user`, `created_time`, `modified_user`, `modified_time`, `site_id`, `meta_keywords`, `meta_description`, `meta_title`, `list_product_relate`, `isnew`, `manufacturer_id`, `cus_field1`, `cus_field2`, `cus_field3`, `cus_field4`, `cus_field5`, `cus_field6`, `cus_field7`, `cus_field8`, `cus_field9`, `cus_field10`, `cus_field11`, `cus_field12`, `cus_field13`, `cus_field14`, `cus_field15`, `cus_field16`, `cus_field17`, `cus_field18`, `cus_field19`, `cus_field20`, `cus_field21`, `cus_field22`, `cus_field23`, `cus_field24`, `cus_field25`, `cus_field26`, `cus_field27`, `cus_field28`, `cus_field29`, `cus_field30`, `cus_field31`, `cus_field32`, `cus_field33`, `cus_field34`, `cus_field35`, `cus_field36`, `cus_field37`, `cus_field38`) VALUES (null,null,'Bàn trà gỗ','BT60','ban-tra-go',0,5500000.00,5800000.00,0.00,0,0,'/media/images/products/113/1/','621_1434969939_785587e753b09cd.jpg','',0,0,1000,@product_categories402,CONCAT(@product_categories402),1,1,[user_id],[now],[user_id],[now],[site_id],'','','','',1,0,0,0,0,0,0,0,0,0,0,0,0,0,0,0,0,0,0,0,0.0000,0.0000,0.0000,0.0000,0.0000,0.0000,0.0000,0.0000,0,0,0,0,0,0,0,0,0,0,0,0);
set @product135 = LAST_INSERT_ID();
INSERT INTO product (`id`, `attribute_set_id`, `name`, `code`, `alias`, `ishot`, `price`, `price_market`, `price_discount`, `price_discount_percent`, `avatar_id`, `avatar_path`, `avatar_name`, `currency`, `include_vat`, `quantity`, `position`, `product_category_id`, `category_track`, `status`, `state`, `created_user`, `created_time`, `modified_user`, `modified_time`, `site_id`, `meta_keywords`, `meta_description`, `meta_title`, `list_product_relate`, `isnew`, `manufacturer_id`, `cus_field1`, `cus_field2`, `cus_field3`, `cus_field4`, `cus_field5`, `cus_field6`, `cus_field7`, `cus_field8`, `cus_field9`, `cus_field10`, `cus_field11`, `cus_field12`, `cus_field13`, `cus_field14`, `cus_field15`, `cus_field16`, `cus_field17`, `cus_field18`, `cus_field19`, `cus_field20`, `cus_field21`, `cus_field22`, `cus_field23`, `cus_field24`, `cus_field25`, `cus_field26`, `cus_field27`, `cus_field28`, `cus_field29`, `cus_field30`, `cus_field31`, `cus_field32`, `cus_field33`, `cus_field34`, `cus_field35`, `cus_field36`, `cus_field37`, `cus_field38`) VALUES (null,null,'Chậu bán âm bàn TOTO ','LW646JW/F','chau-ban-am-ban-toto-lw646jwf',0,3120000.00,3300000.00,0.00,0,0,'/media/images/products/113/1/','11_1434969724_3935587e67c58f7a.jpg','',0,0,1000,@product_categories413,CONCAT(@product_categories413),1,1,[user_id],[now],[user_id],[now],[site_id],'','','','',1,0,0,0,0,0,0,0,0,0,0,0,0,0,0,0,0,0,0,0,0.0000,0.0000,0.0000,0.0000,0.0000,0.0000,0.0000,0.0000,0,0,0,0,0,0,0,0,0,0,0,0);
set @product134 = LAST_INSERT_ID();
INSERT INTO product (`id`, `attribute_set_id`, `name`, `code`, `alias`, `ishot`, `price`, `price_market`, `price_discount`, `price_discount_percent`, `avatar_id`, `avatar_path`, `avatar_name`, `currency`, `include_vat`, `quantity`, `position`, `product_category_id`, `category_track`, `status`, `state`, `created_user`, `created_time`, `modified_user`, `modified_time`, `site_id`, `meta_keywords`, `meta_description`, `meta_title`, `list_product_relate`, `isnew`, `manufacturer_id`, `cus_field1`, `cus_field2`, `cus_field3`, `cus_field4`, `cus_field5`, `cus_field6`, `cus_field7`, `cus_field8`, `cus_field9`, `cus_field10`, `cus_field11`, `cus_field12`, `cus_field13`, `cus_field14`, `cus_field15`, `cus_field16`, `cus_field17`, `cus_field18`, `cus_field19`, `cus_field20`, `cus_field21`, `cus_field22`, `cus_field23`, `cus_field24`, `cus_field25`, `cus_field26`, `cus_field27`, `cus_field28`, `cus_field29`, `cus_field30`, `cus_field31`, `cus_field32`, `cus_field33`, `cus_field34`, `cus_field35`, `cus_field36`, `cus_field37`, `cus_field38`) VALUES (null,null,'Kệ tivi gỗ phòng khách',' KTV88','ke-tivi-go-phong-khach',0,3200000.00,3800000.00,0.00,0,0,'/media/images/products/113/1/','408_1434969280_1355587e4c02f7a1.jpg','',0,0,1000,@product_categories402,CONCAT(@product_categories402),1,1,[user_id],[now],[user_id],[now],[site_id],'','','','',1,0,0,0,0,0,0,0,0,0,0,0,0,0,0,0,0,0,0,0,0.0000,0.0000,0.0000,0.0000,0.0000,0.0000,0.0000,0.0000,0,0,0,0,0,0,0,0,0,0,0,0);
set @product133 = LAST_INSERT_ID();
INSERT INTO product (`id`, `attribute_set_id`, `name`, `code`, `alias`, `ishot`, `price`, `price_market`, `price_discount`, `price_discount_percent`, `avatar_id`, `avatar_path`, `avatar_name`, `currency`, `include_vat`, `quantity`, `position`, `product_category_id`, `category_track`, `status`, `state`, `created_user`, `created_time`, `modified_user`, `modified_time`, `site_id`, `meta_keywords`, `meta_description`, `meta_title`, `list_product_relate`, `isnew`, `manufacturer_id`, `cus_field1`, `cus_field2`, `cus_field3`, `cus_field4`, `cus_field5`, `cus_field6`, `cus_field7`, `cus_field8`, `cus_field9`, `cus_field10`, `cus_field11`, `cus_field12`, `cus_field13`, `cus_field14`, `cus_field15`, `cus_field16`, `cus_field17`, `cus_field18`, `cus_field19`, `cus_field20`, `cus_field21`, `cus_field22`, `cus_field23`, `cus_field24`, `cus_field25`, `cus_field26`, `cus_field27`, `cus_field28`, `cus_field29`, `cus_field30`, `cus_field31`, `cus_field32`, `cus_field33`, `cus_field34`, `cus_field35`, `cus_field36`, `cus_field37`, `cus_field38`) VALUES (null,null,'Tủ kéo 4 ngăn','WO 504','tu-keo-4-ngan-wo-504',0,450000.00,500000.00,0.00,0,0,'/media/images/products/113/1/','122_1434968975_3235587e38f36240.jpg','',0,0,1000,@product_categories403,CONCAT(@product_categories403),1,1,[user_id],[now],[user_id],[now],[site_id],'','','','',1,0,0,0,0,0,0,0,0,0,0,0,0,0,0,0,0,0,0,0,0.0000,0.0000,0.0000,0.0000,0.0000,0.0000,0.0000,0.0000,0,0,0,0,0,0,0,0,0,0,0,0);
set @product132 = LAST_INSERT_ID();
INSERT INTO product (`id`, `attribute_set_id`, `name`, `code`, `alias`, `ishot`, `price`, `price_market`, `price_discount`, `price_discount_percent`, `avatar_id`, `avatar_path`, `avatar_name`, `currency`, `include_vat`, `quantity`, `position`, `product_category_id`, `category_track`, `status`, `state`, `created_user`, `created_time`, `modified_user`, `modified_time`, `site_id`, `meta_keywords`, `meta_description`, `meta_title`, `list_product_relate`, `isnew`, `manufacturer_id`, `cus_field1`, `cus_field2`, `cus_field3`, `cus_field4`, `cus_field5`, `cus_field6`, `cus_field7`, `cus_field8`, `cus_field9`, `cus_field10`, `cus_field11`, `cus_field12`, `cus_field13`, `cus_field14`, `cus_field15`, `cus_field16`, `cus_field17`, `cus_field18`, `cus_field19`, `cus_field20`, `cus_field21`, `cus_field22`, `cus_field23`, `cus_field24`, `cus_field25`, `cus_field26`, `cus_field27`, `cus_field28`, `cus_field29`, `cus_field30`, `cus_field31`, `cus_field32`, `cus_field33`, `cus_field34`, `cus_field35`, `cus_field36`, `cus_field37`, `cus_field38`) VALUES (null,null,'Chậu rửa đặt âm bàn TOTO','LT520T','chau-rua-dat-am-ban-toto',0,2150000.00,2300000.00,0.00,0,0,'/media/images/products/113/1/','243_1434968744_8215587e2a8bd0e7.jpg','',0,0,1000,@product_categories413,CONCAT(@product_categories413),1,1,[user_id],[now],[user_id],[now],[site_id],'','','','',1,0,0,0,0,0,0,0,0,0,0,0,0,0,0,0,0,0,0,0,0.0000,0.0000,0.0000,0.0000,0.0000,0.0000,0.0000,0.0000,0,0,0,0,0,0,0,0,0,0,0,0);
set @product131 = LAST_INSERT_ID();
INSERT INTO product (`id`, `attribute_set_id`, `name`, `code`, `alias`, `ishot`, `price`, `price_market`, `price_discount`, `price_discount_percent`, `avatar_id`, `avatar_path`, `avatar_name`, `currency`, `include_vat`, `quantity`, `position`, `product_category_id`, `category_track`, `status`, `state`, `created_user`, `created_time`, `modified_user`, `modified_time`, `site_id`, `meta_keywords`, `meta_description`, `meta_title`, `list_product_relate`, `isnew`, `manufacturer_id`, `cus_field1`, `cus_field2`, `cus_field3`, `cus_field4`, `cus_field5`, `cus_field6`, `cus_field7`, `cus_field8`, `cus_field9`, `cus_field10`, `cus_field11`, `cus_field12`, `cus_field13`, `cus_field14`, `cus_field15`, `cus_field16`, `cus_field17`, `cus_field18`, `cus_field19`, `cus_field20`, `cus_field21`, `cus_field22`, `cus_field23`, `cus_field24`, `cus_field25`, `cus_field26`, `cus_field27`, `cus_field28`, `cus_field29`, `cus_field30`, `cus_field31`, `cus_field32`, `cus_field33`, `cus_field34`, `cus_field35`, `cus_field36`, `cus_field37`, `cus_field38`) VALUES (null,null,'Sofa da','D79','sofa-da',1,19999000.00,21000000.00,0.00,0,0,'/media/images/products/113/1/','6_1434968381_4305587e13d2815d.jpg','',0,0,1000,@product_categories402,CONCAT(@product_categories402),1,1,[user_id],[now],[user_id],[now],[site_id],'','','','',1,0,0,0,0,0,0,0,0,0,0,0,0,0,0,0,0,0,0,0,0.0000,0.0000,0.0000,0.0000,0.0000,0.0000,0.0000,0.0000,0,0,0,0,0,0,0,0,0,0,0,0);
set @product130 = LAST_INSERT_ID();
INSERT INTO product (`id`, `attribute_set_id`, `name`, `code`, `alias`, `ishot`, `price`, `price_market`, `price_discount`, `price_discount_percent`, `avatar_id`, `avatar_path`, `avatar_name`, `currency`, `include_vat`, `quantity`, `position`, `product_category_id`, `category_track`, `status`, `state`, `created_user`, `created_time`, `modified_user`, `modified_time`, `site_id`, `meta_keywords`, `meta_description`, `meta_title`, `list_product_relate`, `isnew`, `manufacturer_id`, `cus_field1`, `cus_field2`, `cus_field3`, `cus_field4`, `cus_field5`, `cus_field6`, `cus_field7`, `cus_field8`, `cus_field9`, `cus_field10`, `cus_field11`, `cus_field12`, `cus_field13`, `cus_field14`, `cus_field15`, `cus_field16`, `cus_field17`, `cus_field18`, `cus_field19`, `cus_field20`, `cus_field21`, `cus_field22`, `cus_field23`, `cus_field24`, `cus_field25`, `cus_field26`, `cus_field27`, `cus_field28`, `cus_field29`, `cus_field30`, `cus_field31`, `cus_field32`, `cus_field33`, `cus_field34`, `cus_field35`, `cus_field36`, `cus_field37`, `cus_field38`) VALUES (null,null,'Tủ quần áo','TQA21','tu-quan-ao',0,3800000.00,4500000.00,0.00,0,0,'/media/images/products/113/1/','752_1434968243_3305587e0b3f18ca.png','',0,0,1000,@product_categories403,CONCAT(@product_categories403),1,1,[user_id],[now],[user_id],[now],[site_id],'','','','',1,0,0,0,0,0,0,0,0,0,0,0,0,0,0,0,0,0,0,0,0.0000,0.0000,0.0000,0.0000,0.0000,0.0000,0.0000,0.0000,0,0,0,0,0,0,0,0,0,0,0,0);
set @product129 = LAST_INSERT_ID();
INSERT INTO product (`id`, `attribute_set_id`, `name`, `code`, `alias`, `ishot`, `price`, `price_market`, `price_discount`, `price_discount_percent`, `avatar_id`, `avatar_path`, `avatar_name`, `currency`, `include_vat`, `quantity`, `position`, `product_category_id`, `category_track`, `status`, `state`, `created_user`, `created_time`, `modified_user`, `modified_time`, `site_id`, `meta_keywords`, `meta_description`, `meta_title`, `list_product_relate`, `isnew`, `manufacturer_id`, `cus_field1`, `cus_field2`, `cus_field3`, `cus_field4`, `cus_field5`, `cus_field6`, `cus_field7`, `cus_field8`, `cus_field9`, `cus_field10`, `cus_field11`, `cus_field12`, `cus_field13`, `cus_field14`, `cus_field15`, `cus_field16`, `cus_field17`, `cus_field18`, `cus_field19`, `cus_field20`, `cus_field21`, `cus_field22`, `cus_field23`, `cus_field24`, `cus_field25`, `cus_field26`, `cus_field27`, `cus_field28`, `cus_field29`, `cus_field30`, `cus_field31`, `cus_field32`, `cus_field33`, `cus_field34`, `cus_field35`, `cus_field36`, `cus_field37`, `cus_field38`) VALUES (null,null,'Sofa ','SF03','sofa',1,900000.00,990000.00,0.00,0,0,'/media/images/products/113/1/','234_1434965964_8415587d7ccc21b2.jpg','',0,0,1000,@product_categories402,CONCAT(@product_categories402),1,1,[user_id],[now],[user_id],[now],[site_id],'','','','',1,0,@product_attribute_option67,0,0,0,0,0,0,0,0,0,0,0,0,0,0,0,0,0,0.0000,0.0000,0.0000,0.0000,0.0000,0.0000,0.0000,0.0000,0,0,0,0,0,0,0,0,0,0,0,0);
set @product117 = LAST_INSERT_ID();
INSERT INTO product (`id`, `attribute_set_id`, `name`, `code`, `alias`, `ishot`, `price`, `price_market`, `price_discount`, `price_discount_percent`, `avatar_id`, `avatar_path`, `avatar_name`, `currency`, `include_vat`, `quantity`, `position`, `product_category_id`, `category_track`, `status`, `state`, `created_user`, `created_time`, `modified_user`, `modified_time`, `site_id`, `meta_keywords`, `meta_description`, `meta_title`, `list_product_relate`, `isnew`, `manufacturer_id`, `cus_field1`, `cus_field2`, `cus_field3`, `cus_field4`, `cus_field5`, `cus_field6`, `cus_field7`, `cus_field8`, `cus_field9`, `cus_field10`, `cus_field11`, `cus_field12`, `cus_field13`, `cus_field14`, `cus_field15`, `cus_field16`, `cus_field17`, `cus_field18`, `cus_field19`, `cus_field20`, `cus_field21`, `cus_field22`, `cus_field23`, `cus_field24`, `cus_field25`, `cus_field26`, `cus_field27`, `cus_field28`, `cus_field29`, `cus_field30`, `cus_field31`, `cus_field32`, `cus_field33`, `cus_field34`, `cus_field35`, `cus_field36`, `cus_field37`, `cus_field38`) VALUES (null,null,'Kệ trang trí Lusco Modulo Home 1500S-2 (Vân Sồi Tatsuta)  ','NH02','ke-trang-tri-lusco-modulo-home-1500s-2-van-soi-tatsuta',0,2700000.00,2800000.00,0.00,0,0,'/media/images/products/113/1/','854_1434965217_4195587d4e1cfa99.jpg','',0,0,1000,@product_categories402,CONCAT(@product_categories402),1,1,[user_id],[now],[user_id],[now],[site_id],'','','','',1,0,@product_attribute_option68,0,0,0,0,0,0,0,0,0,0,0,0,0,0,0,0,0,0.0000,0.0000,0.0000,0.0000,0.0000,0.0000,0.0000,0.0000,0,0,0,0,0,0,0,0,0,0,0,0);
set @product118 = LAST_INSERT_ID();
INSERT INTO product (`id`, `attribute_set_id`, `name`, `code`, `alias`, `ishot`, `price`, `price_market`, `price_discount`, `price_discount_percent`, `avatar_id`, `avatar_path`, `avatar_name`, `currency`, `include_vat`, `quantity`, `position`, `product_category_id`, `category_track`, `status`, `state`, `created_user`, `created_time`, `modified_user`, `modified_time`, `site_id`, `meta_keywords`, `meta_description`, `meta_title`, `list_product_relate`, `isnew`, `manufacturer_id`, `cus_field1`, `cus_field2`, `cus_field3`, `cus_field4`, `cus_field5`, `cus_field6`, `cus_field7`, `cus_field8`, `cus_field9`, `cus_field10`, `cus_field11`, `cus_field12`, `cus_field13`, `cus_field14`, `cus_field15`, `cus_field16`, `cus_field17`, `cus_field18`, `cus_field19`, `cus_field20`, `cus_field21`, `cus_field22`, `cus_field23`, `cus_field24`, `cus_field25`, `cus_field26`, `cus_field27`, `cus_field28`, `cus_field29`, `cus_field30`, `cus_field31`, `cus_field32`, `cus_field33`, `cus_field34`, `cus_field35`, `cus_field36`, `cus_field37`, `cus_field38`) VALUES (null,null,'Tủ áo Bellasofa B1241K (Nâu đậm) ','TOC03','tu-ao-bellasofa-b1241k-nau-dam',0,4600000.00,5200000.00,0.00,0,0,'/media/images/products/113/1/','139_1434967095_4545587dc37c77ed.jpg','',0,0,1000,@product_categories403,CONCAT(@product_categories403),1,1,[user_id],[now],[user_id],[now],[site_id],'','','','',1,0,0,0,0,0,0,0,0,0,0,0,0,0,0,0,0,0,0,0,0.0000,0.0000,0.0000,0.0000,0.0000,0.0000,0.0000,0.0000,0,0,0,0,0,0,0,0,0,0,0,0);
set @product121 = LAST_INSERT_ID();
INSERT INTO product (`id`, `attribute_set_id`, `name`, `code`, `alias`, `ishot`, `price`, `price_market`, `price_discount`, `price_discount_percent`, `avatar_id`, `avatar_path`, `avatar_name`, `currency`, `include_vat`, `quantity`, `position`, `product_category_id`, `category_track`, `status`, `state`, `created_user`, `created_time`, `modified_user`, `modified_time`, `site_id`, `meta_keywords`, `meta_description`, `meta_title`, `list_product_relate`, `isnew`, `manufacturer_id`, `cus_field1`, `cus_field2`, `cus_field3`, `cus_field4`, `cus_field5`, `cus_field6`, `cus_field7`, `cus_field8`, `cus_field9`, `cus_field10`, `cus_field11`, `cus_field12`, `cus_field13`, `cus_field14`, `cus_field15`, `cus_field16`, `cus_field17`, `cus_field18`, `cus_field19`, `cus_field20`, `cus_field21`, `cus_field22`, `cus_field23`, `cus_field24`, `cus_field25`, `cus_field26`, `cus_field27`, `cus_field28`, `cus_field29`, `cus_field30`, `cus_field31`, `cus_field32`, `cus_field33`, `cus_field34`, `cus_field35`, `cus_field36`, `cus_field37`, `cus_field38`) VALUES (null,null,'Giường ngủ tầng CL  ','TOC02','giuong-ngu-tang-cl',1,500000.00,550000.00,0.00,0,0,'/media/images/products/113/1/','11_1434967378_4495587dd5225cb2.jpg','',0,0,1000,@product_categories404,CONCAT(@product_categories404),1,1,[user_id],[now],[user_id],[now],[site_id],'','','','',1,0,0,0,0,0,0,0,0,0,0,0,0,0,0,0,0,0,0,0,0.0000,0.0000,0.0000,0.0000,0.0000,0.0000,0.0000,0.0000,0,0,0,0,0,0,0,0,0,0,0,0);
set @product122 = LAST_INSERT_ID();
INSERT INTO product (`id`, `attribute_set_id`, `name`, `code`, `alias`, `ishot`, `price`, `price_market`, `price_discount`, `price_discount_percent`, `avatar_id`, `avatar_path`, `avatar_name`, `currency`, `include_vat`, `quantity`, `position`, `product_category_id`, `category_track`, `status`, `state`, `created_user`, `created_time`, `modified_user`, `modified_time`, `site_id`, `meta_keywords`, `meta_description`, `meta_title`, `list_product_relate`, `isnew`, `manufacturer_id`, `cus_field1`, `cus_field2`, `cus_field3`, `cus_field4`, `cus_field5`, `cus_field6`, `cus_field7`, `cus_field8`, `cus_field9`, `cus_field10`, `cus_field11`, `cus_field12`, `cus_field13`, `cus_field14`, `cus_field15`, `cus_field16`, `cus_field17`, `cus_field18`, `cus_field19`, `cus_field20`, `cus_field21`, `cus_field22`, `cus_field23`, `cus_field24`, `cus_field25`, `cus_field26`, `cus_field27`, `cus_field28`, `cus_field29`, `cus_field30`, `cus_field31`, `cus_field32`, `cus_field33`, `cus_field34`, `cus_field35`, `cus_field36`, `cus_field37`, `cus_field38`) VALUES (null,null,'Bàn ghế ăn gỗ sồi ','TOC01','ban-ghe-an-go-soi-ma-ba33',1,16000000.00,19390000.00,0.00,0,0,'/media/images/products/113/1/','621_1434967561_7845587de093a332.jpg','',0,0,1000,@product_categories405,CONCAT(@product_categories405),1,1,[user_id],[now],[user_id],[now],[site_id],'','','','',1,0,0,0,0,0,0,0,0,0,0,0,0,0,0,0,0,0,0,0,0.0000,0.0000,0.0000,0.0000,0.0000,0.0000,0.0000,0.0000,0,0,0,0,0,0,0,0,0,0,0,0);
set @product123 = LAST_INSERT_ID();
INSERT INTO product (`id`, `attribute_set_id`, `name`, `code`, `alias`, `ishot`, `price`, `price_market`, `price_discount`, `price_discount_percent`, `avatar_id`, `avatar_path`, `avatar_name`, `currency`, `include_vat`, `quantity`, `position`, `product_category_id`, `category_track`, `status`, `state`, `created_user`, `created_time`, `modified_user`, `modified_time`, `site_id`, `meta_keywords`, `meta_description`, `meta_title`, `list_product_relate`, `isnew`, `manufacturer_id`, `cus_field1`, `cus_field2`, `cus_field3`, `cus_field4`, `cus_field5`, `cus_field6`, `cus_field7`, `cus_field8`, `cus_field9`, `cus_field10`, `cus_field11`, `cus_field12`, `cus_field13`, `cus_field14`, `cus_field15`, `cus_field16`, `cus_field17`, `cus_field18`, `cus_field19`, `cus_field20`, `cus_field21`, `cus_field22`, `cus_field23`, `cus_field24`, `cus_field25`, `cus_field26`, `cus_field27`, `cus_field28`, `cus_field29`, `cus_field30`, `cus_field31`, `cus_field32`, `cus_field33`, `cus_field34`, `cus_field35`, `cus_field36`, `cus_field37`, `cus_field38`) VALUES (null,null,'Tủ bếp gỗ sồi Nga','TB18','tu-bep-go-soi-nga',1,4600000.00,4800000.00,0.00,0,0,'/media/images/products/113/1/','507_1434968022_7285587dfd65f343.jpg','',0,0,1000,@product_categories405,CONCAT(@product_categories405),1,1,[user_id],[now],[user_id],[now],[site_id],'','','','',1,0,0,0,0,0,0,0,0,0,0,0,0,0,0,0,0,0,0,0,0.0000,0.0000,0.0000,0.0000,0.0000,0.0000,0.0000,0.0000,0,0,0,0,0,0,0,0,0,0,0,0);
set @product124 = LAST_INSERT_ID();

INSERT INTO product_info (product_id, product_sortdesc, product_desc, dynamic_field, meta_title, meta_keywords, meta_description, list_product_relate, site_id) VALUES (@product117,'Khung gỗ kháng ẩm; kháng khuẩn. Mút D40 kháng khuẩn; độ bền cao; đàn hồi tốt. Chân Inox không gỉ; được bọc vải','',CONCAT('[{"id":"',@product_attribute34,'","name":"Xuất xứ","code":"xuat-xu","index_key":"',@product_attribute_option67,'","value":"',@product_attribute_option67,'"}]'),'','','','',[site_id]);
INSERT INTO product_info (product_id, product_sortdesc, product_desc, dynamic_field, meta_title, meta_keywords, meta_description, list_product_relate, site_id) VALUES (@product118,'Sản phẩm chỉ được giao hàng trong khu vực Tp. Hồ Chí Minh\r\nChất liệu gỗ công nghiệp cao cấp\r\nThiết kế tinh tế\r\nChất lượng vượt trội\r\nSản xuất tại Malaysia\r\nKhông bảo hành','',CONCAT('[{"id":"',@product_attribute34,'","name":"Xuất xứ","code":"xuat-xu","index_key":"',@product_attribute_option68,'","value":"',@product_attribute_option68,'"}]'),'','','','',[site_id]);
INSERT INTO product_info (product_id, product_sortdesc, product_desc, dynamic_field, meta_title, meta_keywords, meta_description, list_product_relate, site_id) VALUES (@product121,'Chất liệu ván MFC của Malaysia\r\nKiểu dáng hiện đại; sang trọng\r\nSản xuất tại Việt Nam theo công nghệ Châu Âu','',CONCAT('[{"id":"',@product_attribute34,'","name":"Xuất xứ","code":"xuat-xu","index_key":"","value":""}]'),'','','','',[site_id]);
INSERT INTO product_info (product_id, product_sortdesc, product_desc, dynamic_field, meta_title, meta_keywords, meta_description, list_product_relate, site_id) VALUES (@product122,'Vật liệu: Gỗ Thông New Zealand\r\n','',CONCAT('[{"id":"',@product_attribute34,'","name":"Xuất xứ","code":"xuat-xu","index_key":"","value":""}]'),'','','','',[site_id]);
INSERT INTO product_info (product_id, product_sortdesc, product_desc, dynamic_field, meta_title, meta_keywords, meta_description, list_product_relate, site_id) VALUES (@product123,' Sản phẩm được làm bằng gỗ sồi có ưu điểm là nhẹ, chịu lực, chịu ẩm tốt, có khả năng kháng sâu tốt không dễ bị các loại mối, mọt của gỗ thông thường xâm nhập. Sản phẩm đảm bảo chất lượng bền đẹp và sang trọng theo thời gian','',CONCAT('[{"id":"',@product_attribute34,'","name":"Xuất xứ","code":"xuat-xu","index_key":"","value":""}]'),'','','','',[site_id]);
INSERT INTO product_info (product_id, product_sortdesc, product_desc, dynamic_field, meta_title, meta_keywords, meta_description, list_product_relate, site_id) VALUES (@product124,'TB18','',CONCAT('[{"id":"',@product_attribute34,'","name":"Xuất xứ","code":"xuat-xu","index_key":"","value":""}]'),'','','','',[site_id]);
INSERT INTO product_info (product_id, product_sortdesc, product_desc, dynamic_field, meta_title, meta_keywords, meta_description, list_product_relate, site_id) VALUES (@product129,'Thiết kế tinh tế, màu sắc nhẹ nhàng phù hợp với mọi không gian sống chính là sự lựa chọn tuyệt vời cho các gia đình Việt','','','','','','',[site_id]);
INSERT INTO product_info (product_id, product_sortdesc, product_desc, dynamic_field, meta_title, meta_keywords, meta_description, list_product_relate, site_id) VALUES (@product130,'Được làm từ chất liệu giả da Hàn Quốc cao cấp, sofa da mã D79 mang lại cảm giác vô cùng êm ái cho người sử dụng. Tông màu trắng sữa nhẹ nhàng, đơn giản nhưng vô cùng tinh tế, tạo điểm nhấn đặc biệt cho không gian của bạn. Hãy cùng gia đình mình bên nhau sau một ngày mệt mỏi với bộ sản phẩm sofa cao cấp này.','','','','','','',[site_id]);
INSERT INTO product_info (product_id, product_sortdesc, product_desc, dynamic_field, meta_title, meta_keywords, meta_description, list_product_relate, site_id) VALUES (@product131,'Thiết kế sang trọng, tiện dụng, dễ sử dụng','','','','','','',[site_id]);
INSERT INTO product_info (product_id, product_sortdesc, product_desc, dynamic_field, meta_title, meta_keywords, meta_description, list_product_relate, site_id) VALUES (@product132,'Tủ kéo 4 ngăn dễ dàng sử dụng, xuất xứ Trung Quốc','','','','','','',[site_id]);
INSERT INTO product_info (product_id, product_sortdesc, product_desc, dynamic_field, meta_title, meta_keywords, meta_description, list_product_relate, site_id) VALUES (@product133,'Kệ tivi gỗ phòng khách mã KTV88 bao gồm 1 kệ nằm ngang có gắn giá để bạn có thể trang trí đồ vật trông rất sang trọng và tinh tế. Sản phẩm được làm từ chất liệu gỗ MDF sơn bệt ở thành kệ và phủ veneer ở bề mặt tạo nên màu sắc hài hòa bắt mắt giúp cho không gian của bạn tăng tĩnh thẩm mỹ và trở nên tươi mới hơn.','','','','','','',[site_id]);
INSERT INTO product_info (product_id, product_sortdesc, product_desc, dynamic_field, meta_title, meta_keywords, meta_description, list_product_relate, site_id) VALUES (@product134,'Chậu bán âm thiết kế thanh lịch làm tăng thêm sự trang trọng cho phòng tắm của bạn, xuất xứ Nhật Bản','','','','','','',[site_id]);
INSERT INTO product_info (product_id, product_sortdesc, product_desc, dynamic_field, meta_title, meta_keywords, meta_description, list_product_relate, site_id) VALUES (@product135,'Bàn gỗ BT60 là một thiết kế khá đơn giản chỉ với một mặt bàn vuông và một chân trụ đứng. Nếu bạn là người yêu thích sự đơn giản nhưng lại toát lên vẻ cá tính thì bàn trà gỗ mã BT60 là hoàn toàn dành cho bạn. Mẫu thiết kế cũng là xu hướng mới hiện nay bởi nó sẽ giúp cho cách bày trí không gian của bạn thêm gọn gàng, tiết kiệm diện tích.\r\n','','','','','','',[site_id]);
INSERT INTO product_info (product_id, product_sortdesc, product_desc, dynamic_field, meta_title, meta_keywords, meta_description, list_product_relate, site_id) VALUES (@product136,'Sở hữu bộ Bàn ghế ăn hiện đại mã BA35 cho phòng bếp bạn sẽ trải nghiệm được sự tiện nghi, sang trọng chưa bao giờ có. Mẫu thiết kế khá công phu tất cả được làm bằng gỗ sồi nga bền đẹp theo thời gian. Đặc biệt với sản phẩm gồm 8 chiếc ghế ngồi lót đệm nỉ cao cấp tạo sự thoải mái dễ chịu cho người sử dụng chắc chắn Bàn ghế ăn hiện đại mã BA35 sẽ chinh phục hoàn toàn những khách hàng khó tính nhất.','','','','','','',[site_id]);
INSERT INTO product_info (product_id, product_sortdesc, product_desc, dynamic_field, meta_title, meta_keywords, meta_description, list_product_relate, site_id) VALUES (@product137,'Chiếc bàn trà này được ví như một\" cô nàng yểu điệu\" bởi nó có thiết kế vô cùng tinh tế. Với những đường nét trang trí mềm mại và có tính thẩm mỹ cao. Chất liệu gỗ được phủ Venner và phủ PU bóng mờ tạo ra vẻ đẹp ấn tượng cho bàn trà. Những vân gỗ sẽ là những chi tiết làm nổi bật và tạo điểm nhấn cho chiếc bàn trà đẹp này. Đây là món đồ nội thất đẹp và phù hợp với nhiều không gian và phong cách thiết kế nội thất khác nhau.\r\n','','','','','','',[site_id]);
INSERT INTO product_info (product_id, product_sortdesc, product_desc, dynamic_field, meta_title, meta_keywords, meta_description, list_product_relate, site_id) VALUES (@product138,'Nếu bạn là người yêu thích sự đơn giản, nhẹ nhàng mà lại sang trọng quý phái thì Kệ tivi gỗ phòng khách mã KTV84 là lựa chọn hoàn hảo nhất. Sản phẩm được sử dụng chất liệu gỗ HDF phủ veneer có ưu điểm là cách âm, có khả năng chịu nhiệt cao đặc biệt là có khả năng chống ẩm mốc tốt hơn gỗ MDF nên khách hàng hoàn toàn yên tâm khi lựa chọn.','','','','','','',[site_id]);
INSERT INTO product_info (product_id, product_sortdesc, product_desc, dynamic_field, meta_title, meta_keywords, meta_description, list_product_relate, site_id) VALUES (@product139,'Bộ sofa gỗ với phần khung gỗ tự nhiên được sơn đen ấn tượng, kết hợp với da màu be tạo nên một tổng thể hết sức hài hòa và không kém phần sống động. Bộ ghế sofa gỗ này sẽ là nơi lí tưởng để gia chủ iếp đón các vị khách quý đến chơi nhà.','','','','','','',[site_id]);
INSERT INTO product_info (product_id, product_sortdesc, product_desc, dynamic_field, meta_title, meta_keywords, meta_description, list_product_relate, site_id) VALUES (@product140,' Ghế sofa nỉ mã NI03 với kiểu dáng chữ L sang trọng, tiết kiệm không gian diện tích, các chất liệu từ khung xương, đến vải bọc , đệm mút đều được nhập khẩu chính hãng, tạo nên một sản phẩm không chỉ đẹp, sang trọng mà còn bền nữa.','','','','','','',[site_id]);
INSERT INTO product_info (product_id, product_sortdesc, product_desc, dynamic_field, meta_title, meta_keywords, meta_description, list_product_relate, site_id) VALUES (@product141,' Không gian sống của bạn sẽ thay đổi hoàn toàn khi có sự hiện diện của chiếc tủ rượu này, với thiết kế nội thất theo phong cách hiện đại của không gian sống hiện nay vai trò của tủ rượu lại càng có vai trò quan trọng hơn nữa. Một chiếc tủ rượu đẹp, có kích thước gọn nhẹ và tinh tế sẽ làm tăng lên sự tiện nghi và sang trọng cho căn hộ của bạn.\r\n','','','','','','',[site_id]);
INSERT INTO product_info (product_id, product_sortdesc, product_desc, dynamic_field, meta_title, meta_keywords, meta_description, list_product_relate, site_id) VALUES (@product142,'Tủ giày gỗ phối hợp màu sắc đối lập sang trọng và lịch sự, tạo nên điểm nhấn cho ngôi nhà bạn. Sản phẩm tủ giầy tiện dụng không thể thiếu trong mọi gia đình','','','','','','',[site_id]);
INSERT INTO product_info (product_id, product_sortdesc, product_desc, dynamic_field, meta_title, meta_keywords, meta_description, list_product_relate, site_id) VALUES (@product143,'Tủ quần áo gỗ sang trọng và hiện đại cho không gian của gia đình bạn','','','','','','',[site_id]);
INSERT INTO product_info (product_id, product_sortdesc, product_desc, dynamic_field, meta_title, meta_keywords, meta_description, list_product_relate, site_id) VALUES (@product144,'Mẫu Tủ quần áo mã TQA10  mang đến cho không gian sống nhà vẻ đẹp tiện nghi, hiện đại','','','','','','',[site_id]);
INSERT INTO product_info (product_id, product_sortdesc, product_desc, dynamic_field, meta_title, meta_keywords, meta_description, list_product_relate, site_id) VALUES (@product145,'Nếu bạn là người yêu thích sự đơn giản và tiện nghi, muốn xây dựng một không gian sống cổ kính thì Bàn ghế ăn hiện đại mã BA34 là sự lựa chọn hoàn hảo. Sản phẩm được làm bằng gỗ xoan đào lấy tông màu tự nhiên, kết hợp những chiếc ghế lót đệm nỉ màu trắng càng làm tôn lên vẻ đẹp tinh tế mộc mạc của sản phẩm.','','','','','','',[site_id]);
INSERT INTO product_info (product_id, product_sortdesc, product_desc, dynamic_field, meta_title, meta_keywords, meta_description, list_product_relate, site_id) VALUES (@product146,'Làm từ chất liệu Nội thất đẹp gỗ tự nhiên Bộ Bàn ghế ăn gỗ sồi mã BA 29 hướng đến không gian sinh hoạt mở đầy ấn tượng, thiết kế theo gu thẩm mĩ hiện đại, một đời sống tinh thần phong phú. Sản phẩm sản xuất theo dây truyền công nghệ hiện đại, với đội ngũ những người làm việc chuyên nghiệp gửi đến khách hàng những sản phẩm Bàn ăn gỗ chuyên nghiệp nhất.','','','','','','',[site_id]);
INSERT INTO product_info (product_id, product_sortdesc, product_desc, dynamic_field, meta_title, meta_keywords, meta_description, list_product_relate, site_id) VALUES (@product147,'Sản phẩm sản xuất tại Italia. Thiết kế sang trọng, tinh tế.','','','','','','',[site_id]);
INSERT INTO product_info (product_id, product_sortdesc, product_desc, dynamic_field, meta_title, meta_keywords, meta_description, list_product_relate, site_id) VALUES (@product148,'Hãng sản xuất: Viglacera. Bảo hành: 3 năm. Xuất xứ:Việt Nam','','','','','','',[site_id]);

INSERT INTO product_images (img_id, product_id, `name`, `path`, display_name, description, `alias`, site_id, user_id, height, width, created_time, modified_time) VALUES (null,@product118,'854_1434965217_4195587d4e1cfa99.jpg','/media/images/products/113/1/','ke-trang-tri-lusco-modulo-home-1500s-2-van-soi-tatsuta-3685-74049-1-zoom.jpg','','ke-trang-tri-lusco-modulo-home-1500s-2-van-soi-tatsuta-3685-74049-1-zoomjpg',[site_id],[user_id],728,728,[now],[now]);
set @product_images388 = LAST_INSERT_ID();
INSERT INTO product_images (img_id, product_id, `name`, `path`, display_name, description, `alias`, site_id, user_id, height, width, created_time, modified_time) VALUES (null,@product117,'234_1434965964_8415587d7ccc21b2.jpg','/media/images/products/113/1/','sofa-giuong-klosso-m3-en-4478-7921501-1-product.jpg','','sofa-giuong-klosso-m3-en-4478-7921501-1-productjpg',[site_id],[user_id],340,340,[now],[now]);
set @product_images389 = LAST_INSERT_ID();
INSERT INTO product_images (img_id, product_id, `name`, `path`, display_name, description, `alias`, site_id, user_id, height, width, created_time, modified_time) VALUES (null,@product121,'139_1434967095_4545587dc37c77ed.jpg','/media/images/products/113/1/','tu-ao-bellasofa-b1241k-nau-am-5245-413069-1-zoom.jpg','','tu-ao-bellasofa-b1241k-nau-am-5245-413069-1-zoomjpg',[site_id],[user_id],850,850,[now],[now]);
set @product_images392 = LAST_INSERT_ID();
INSERT INTO product_images (img_id, product_id, `name`, `path`, display_name, description, `alias`, site_id, user_id, height, width, created_time, modified_time) VALUES (null,@product122,'11_1434967378_4495587dd5225cb2.jpg','/media/images/products/113/1/','giuong_tang_a_l.jpg','','giuongtangaljpg',[site_id],[user_id],333,500,[now],[now]);
set @product_images393 = LAST_INSERT_ID();
INSERT INTO product_images (img_id, product_id, `name`, `path`, display_name, description, `alias`, site_id, user_id, height, width, created_time, modified_time) VALUES (null,@product123,'621_1434967561_7845587de093a332.jpg','/media/images/products/113/1/','ban-ghe-an-go-soi-ma-ba33_1584.jpg','','ban-ghe-an-go-soi-ma-ba331584jpg',[site_id],[user_id],400,600,[now],[now]);
set @product_images394 = LAST_INSERT_ID();
INSERT INTO product_images (img_id, product_id, `name`, `path`, display_name, description, `alias`, site_id, user_id, height, width, created_time, modified_time) VALUES (null,@product124,'507_1434968022_7285587dfd65f343.jpg','/media/images/products/113/1/','tu-bep-go-soi-nga-ma-tb18_645.jpg','','tu-bep-go-soi-nga-ma-tb18645jpg',[site_id],[user_id],400,600,[now],[now]);
set @product_images396 = LAST_INSERT_ID();
INSERT INTO product_images (img_id, product_id, `name`, `path`, display_name, description, `alias`, site_id, user_id, height, width, created_time, modified_time) VALUES (null,@product129,'752_1434968243_3305587e0b3f18ca.png','/media/images/products/113/1/','tu-quan-ao-ma-tqa21_1613.png','','tu-quan-ao-ma-tqa211613png',[site_id],[user_id],400,600,[now],[now]);
set @product_images397 = LAST_INSERT_ID();
INSERT INTO product_images (img_id, product_id, `name`, `path`, display_name, description, `alias`, site_id, user_id, height, width, created_time, modified_time) VALUES (null,@product130,'6_1434968381_4305587e13d2815d.jpg','/media/images/products/113/1/','sofa-da-ma-d79_1565.jpg','','sofa-da-ma-d791565jpg',[site_id],[user_id],400,600,[now],[now]);
set @product_images398 = LAST_INSERT_ID();
INSERT INTO product_images (img_id, product_id, `name`, `path`, display_name, description, `alias`, site_id, user_id, height, width, created_time, modified_time) VALUES (null,@product131,'243_1434968744_8215587e2a8bd0e7.jpg','/media/images/products/113/1/','chau-rua-dat-am-ban-toto-lt520t.jpg','','chau-rua-dat-am-ban-toto-lt520tjpg',[site_id],[user_id],400,400,[now],[now]);
set @product_images399 = LAST_INSERT_ID();
INSERT INTO product_images (img_id, product_id, `name`, `path`, display_name, description, `alias`, site_id, user_id, height, width, created_time, modified_time) VALUES (null,@product132,'122_1434968975_3235587e38f36240.jpg','/media/images/products/113/1/','thumb_320x320_1432803872_tu-4-ngan-504.jpg','','thumb320x3201432803872tu-4-ngan-504jpg',[site_id],[user_id],290,320,[now],[now]);
set @product_images400 = LAST_INSERT_ID();
INSERT INTO product_images (img_id, product_id, `name`, `path`, display_name, description, `alias`, site_id, user_id, height, width, created_time, modified_time) VALUES (null,@product133,'408_1434969280_1355587e4c02f7a1.jpg','/media/images/products/113/1/','ke-tivi-go-phong-khach-ma-ktv88_1624.jpg','','ke-tivi-go-phong-khach-ma-ktv881624jpg',[site_id],[user_id],400,600,[now],[now]);
set @product_images401 = LAST_INSERT_ID();
INSERT INTO product_images (img_id, product_id, `name`, `path`, display_name, description, `alias`, site_id, user_id, height, width, created_time, modified_time) VALUES (null,@product134,'11_1434969724_3935587e67c58f7a.jpg','/media/images/products/113/1/','chau-ban-am-ban-toto-lw646jw-f.jpg','','chau-ban-am-ban-toto-lw646jw-fjpg',[site_id],[user_id],328,418,[now],[now]);
set @product_images402 = LAST_INSERT_ID();
INSERT INTO product_images (img_id, product_id, `name`, `path`, display_name, description, `alias`, site_id, user_id, height, width, created_time, modified_time) VALUES (null,@product135,'621_1434969939_785587e753b09cd.jpg','/media/images/products/113/1/','ban-tra-go-ma-bt60_1583.jpg','','ban-tra-go-ma-bt601583jpg',[site_id],[user_id],400,600,[now],[now]);
set @product_images403 = LAST_INSERT_ID();
INSERT INTO product_images (img_id, product_id, `name`, `path`, display_name, description, `alias`, site_id, user_id, height, width, created_time, modified_time) VALUES (null,@product136,'625_1434970070_3855587e7d628676.jpg','/media/images/products/113/1/','ban-ghe-an-hien-dai-ma-ba35_1586.jpg','','ban-ghe-an-hien-dai-ma-ba351586jpg',[site_id],[user_id],400,600,[now],[now]);
set @product_images404 = LAST_INSERT_ID();
INSERT INTO product_images (img_id, product_id, `name`, `path`, display_name, description, `alias`, site_id, user_id, height, width, created_time, modified_time) VALUES (null,@product137,'514_1434970188_5005587e84c3325e.jpg','/media/images/products/113/1/','ban-tra-go-ma-bt55_1578.jpg','','ban-tra-go-ma-bt551578jpg',[site_id],[user_id],400,600,[now],[now]);
set @product_images405 = LAST_INSERT_ID();
INSERT INTO product_images (img_id, product_id, `name`, `path`, display_name, description, `alias`, site_id, user_id, height, width, created_time, modified_time) VALUES (null,@product138,'4_1434972128_5965587efe0c2fe3.jpg','/media/images/products/113/1/','ke-tivi-go-phong-khach-ma-ktv84_1621 (1).jpg','','ke-tivi-go-phong-khach-ma-ktv841621-1jpg',[site_id],[user_id],400,600,[now],[now]);
set @product_images406 = LAST_INSERT_ID();
INSERT INTO product_images (img_id, product_id, `name`, `path`, display_name, description, `alias`, site_id, user_id, height, width, created_time, modified_time) VALUES (null,@product139,'134_1434972285_2385587f07d83819.gif','/media/images/products/113/1/','sofa-go-ma-sg19_866.gif','','sofa-go-ma-sg19866gif',[site_id],[user_id],400,600,[now],[now]);
set @product_images407 = LAST_INSERT_ID();
INSERT INTO product_images (img_id, product_id, `name`, `path`, display_name, description, `alias`, site_id, user_id, height, width, created_time, modified_time) VALUES (null,@product140,'147_1434972448_2235587f120d20b7.jpg','/media/images/products/113/1/','ghe-sofa-ni-ma-ni03.jpg','','ghe-sofa-ni-ma-ni03jpg',[site_id],[user_id],400,600,[now],[now]);
set @product_images408 = LAST_INSERT_ID();
INSERT INTO product_images (img_id, product_id, `name`, `path`, display_name, description, `alias`, site_id, user_id, height, width, created_time, modified_time) VALUES (null,@product141,'694_1434972596_5055587f1b4b2b8a.jpg','/media/images/products/113/1/','tu-ruou-go-phong-khach-ma-tr05_1619.jpg','','tu-ruou-go-phong-khach-ma-tr051619jpg',[site_id],[user_id],450,600,[now],[now]);
set @product_images409 = LAST_INSERT_ID();
INSERT INTO product_images (img_id, product_id, `name`, `path`, display_name, description, `alias`, site_id, user_id, height, width, created_time, modified_time) VALUES (null,@product142,'34_1434972751_2285587f24fa8600.jpg','/media/images/products/113/1/','tu-giay-go-dep-ma-tg18_1248.jpg','','tu-giay-go-dep-ma-tg181248jpg',[site_id],[user_id],415,600,[now],[now]);
set @product_images410 = LAST_INSERT_ID();
INSERT INTO product_images (img_id, product_id, `name`, `path`, display_name, description, `alias`, site_id, user_id, height, width, created_time, modified_time) VALUES (null,@product143,'291_1434973033_5825587f369c26cd.gif','/media/images/products/113/1/','tu-quan-ao-ma-tqa04_568.gif','','tu-quan-ao-ma-tqa04568gif',[site_id],[user_id],500,450,[now],[now]);
set @product_images411 = LAST_INSERT_ID();
INSERT INTO product_images (img_id, product_id, `name`, `path`, display_name, description, `alias`, site_id, user_id, height, width, created_time, modified_time) VALUES (null,@product144,'329_1434973605_875587f5a536fc6.jpg','/media/images/products/113/1/','tu-quan-ao-ma-tqa10_1261.jpg','','tu-quan-ao-ma-tqa101261jpg',[site_id],[user_id],560,560,[now],[now]);
set @product_images412 = LAST_INSERT_ID();
INSERT INTO product_images (img_id, product_id, `name`, `path`, display_name, description, `alias`, site_id, user_id, height, width, created_time, modified_time) VALUES (null,@product145,'490_1434974349_9455587f88d897e5.jpg','/media/images/products/113/1/','ban-ghe-an-hien-dai-ma-ba35_1586.jpg','','ban-ghe-an-hien-dai-ma-ba351586jpg',[site_id],[user_id],400,600,[now],[now]);
set @product_images413 = LAST_INSERT_ID();
INSERT INTO product_images (img_id, product_id, `name`, `path`, display_name, description, `alias`, site_id, user_id, height, width, created_time, modified_time) VALUES (null,@product146,'577_1434974658_4725587f9c2c12d9.jpg','/media/images/products/113/1/','ban-ghe-an-go-soi-ma-ba-29_899.jpg','','ban-ghe-an-go-soi-ma-ba-29899jpg',[site_id],[user_id],400,600,[now],[now]);
set @product_images414 = LAST_INSERT_ID();
INSERT INTO product_images (img_id, product_id, `name`, `path`, display_name, description, `alias`, site_id, user_id, height, width, created_time, modified_time) VALUES (null,@product147,'218_1435025087_3405588bebf772df.jpg','/media/images/products/113/1/','thumb_320x320_1431665334_1487go36_fixed.jpg','','thumb320x32014316653341487go36fixedjpg',[site_id],[user_id],213,320,[now],[now]);
set @product_images415 = LAST_INSERT_ID();
INSERT INTO product_images (img_id, product_id, `name`, `path`, display_name, description, `alias`, site_id, user_id, height, width, created_time, modified_time) VALUES (null,@product148,'613_1435025286_2245588bf863901a.jpg','/media/images/products/113/1/','vg511.jpg','','vg511jpg',[site_id],[user_id],600,600,[now],[now]);
set @product_images416 = LAST_INSERT_ID();

UPDATE product SET avatar_id=@product_images416 WHERE id=@product148;
UPDATE product SET avatar_id=@product_images415 WHERE id=@product147;
UPDATE product SET avatar_id=@product_images414 WHERE id=@product146;
UPDATE product SET avatar_id=@product_images413 WHERE id=@product145;
UPDATE product SET avatar_id=@product_images412 WHERE id=@product144;
UPDATE product SET avatar_id=@product_images411 WHERE id=@product143;
UPDATE product SET avatar_id=@product_images410 WHERE id=@product142;
UPDATE product SET avatar_id=@product_images409 WHERE id=@product141;
UPDATE product SET avatar_id=@product_images408 WHERE id=@product140;
UPDATE product SET avatar_id=@product_images407 WHERE id=@product139;
UPDATE product SET avatar_id=@product_images406 WHERE id=@product138;
UPDATE product SET avatar_id=@product_images405 WHERE id=@product137;
UPDATE product SET avatar_id=@product_images404 WHERE id=@product136;
UPDATE product SET avatar_id=@product_images403 WHERE id=@product135;
UPDATE product SET avatar_id=@product_images402 WHERE id=@product134;
UPDATE product SET avatar_id=@product_images401 WHERE id=@product133;
UPDATE product SET avatar_id=@product_images400 WHERE id=@product132;
UPDATE product SET avatar_id=@product_images399 WHERE id=@product131;
UPDATE product SET avatar_id=@product_images398 WHERE id=@product130;
UPDATE product SET avatar_id=@product_images397 WHERE id=@product129;
UPDATE product SET avatar_id=@product_images389 WHERE id=@product117;
UPDATE product SET avatar_id=@product_images388 WHERE id=@product118;
UPDATE product SET avatar_id=@product_images392 WHERE id=@product121;
UPDATE product SET avatar_id=@product_images393 WHERE id=@product122;
UPDATE product SET avatar_id=@product_images394 WHERE id=@product123;
UPDATE product SET avatar_id=@product_images396 WHERE id=@product124;


INSERT INTO product_groups (`group_id`, `site_id`, `user_id`, `name`, `description`, `status`, `alias`, `showinhome`, `meta_keywords`, `meta_description`, `meta_title`, `created_time`) VALUES (null,[site_id],[user_id],'Sản phẩm bán chạy','',1,'san-pham-ban-chay',1,'meta_keywords','meta_description','meta_title',[now]);
set @product_groups9 = LAST_INSERT_ID();
INSERT INTO product_groups (`group_id`, `site_id`, `user_id`, `name`, `description`, `status`, `alias`, `showinhome`, `meta_keywords`, `meta_description`, `meta_title`, `created_time`) VALUES (null,[site_id],[user_id],'Sản phẩm khuyến mãi','',1,'san-pham-khuyen-mai',1,'meta_keywords','meta_description','meta_title',[now]);
set @product_groups10 = LAST_INSERT_ID();

INSERT INTO product_to_groups (`id`, `group_id`, `product_id`, `site_id`, `created_time`) VALUES (null,@product_groups9,@product118,[site_id],[now]);
INSERT INTO product_to_groups (`id`, `group_id`, `product_id`, `site_id`, `created_time`) VALUES (null,@product_groups9,@product142,[site_id],[now]);
INSERT INTO product_to_groups (`id`, `group_id`, `product_id`, `site_id`, `created_time`) VALUES (null,@product_groups9,@product139,[site_id],[now]);
INSERT INTO product_to_groups (`id`, `group_id`, `product_id`, `site_id`, `created_time`) VALUES (null,@product_groups9,@product145,[site_id],[now]);
INSERT INTO product_to_groups (`id`, `group_id`, `product_id`, `site_id`, `created_time`) VALUES (null,@product_groups9,@product141,[site_id],[now]);
INSERT INTO product_to_groups (`id`, `group_id`, `product_id`, `site_id`, `created_time`) VALUES (null,@product_groups9,@product144,[site_id],[now]);
INSERT INTO product_to_groups (`id`, `group_id`, `product_id`, `site_id`, `created_time`) VALUES (null,@product_groups10,@product146,[site_id],[now]);
INSERT INTO product_to_groups (`id`, `group_id`, `product_id`, `site_id`, `created_time`) VALUES (null,@product_groups10,@product144,[site_id],[now]);
INSERT INTO product_to_groups (`id`, `group_id`, `product_id`, `site_id`, `created_time`) VALUES (null,@product_groups10,@product142,[site_id],[now]);
INSERT INTO product_to_groups (`id`, `group_id`, `product_id`, `site_id`, `created_time`) VALUES (null,@product_groups10,@product140,[site_id],[now]);
INSERT INTO product_to_groups (`id`, `group_id`, `product_id`, `site_id`, `created_time`) VALUES (null,@product_groups10,@product138,[site_id],[now]);
INSERT INTO product_to_groups (`id`, `group_id`, `product_id`, `site_id`, `created_time`) VALUES (null,@product_groups10,@product136,[site_id],[now]);
INSERT INTO product_to_groups (`id`, `group_id`, `product_id`, `site_id`, `created_time`) VALUES (null,@product_groups10,@product134,[site_id],[now]);
INSERT INTO product_to_groups (`id`, `group_id`, `product_id`, `site_id`, `created_time`) VALUES (null,@product_groups10,@product132,[site_id],[now]);
INSERT INTO product_to_groups (`id`, `group_id`, `product_id`, `site_id`, `created_time`) VALUES (null,@product_groups10,@product130,[site_id],[now]);
INSERT INTO product_to_groups (`id`, `group_id`, `product_id`, `site_id`, `created_time`) VALUES (null,@product_groups10,@product117,[site_id],[now]);
INSERT INTO product_to_groups (`id`, `group_id`, `product_id`, `site_id`, `created_time`) VALUES (null,@product_groups10,@product118,[site_id],[now]);

INSERT INTO categorypage (id, title, content, site_id, user_id, `alias`, created_time, modified_time, modified_by, meta_keywords, meta_description, meta_title, image_path, image_name) VALUES (null,'Hướng dẫn đặt hàng','<p>Thông tin đang cập nhật ...&nbsp;</p>\r\n',[site_id],[user_id],'huong-dan-dat-hang',[now],[now],[user_id],'','','','','');
set @categorypage32 = LAST_INSERT_ID();
INSERT INTO categorypage (id, title, content, site_id, user_id, `alias`, created_time, modified_time, modified_by, meta_keywords, meta_description, meta_title, image_path, image_name) VALUES (null,'Phương thức vận chuyển','<p><span style=\"line-height: 20.7999992370605px;\">Thông tin đang cập nhật ...&nbsp;</span></p>\r\n',[site_id],[user_id],'phuong-thuc-van-chuyen',[now],[now],[user_id],'','','','','');
set @categorypage33 = LAST_INSERT_ID();
INSERT INTO categorypage (id, title, content, site_id, user_id, `alias`, created_time, modified_time, modified_by, meta_keywords, meta_description, meta_title, image_path, image_name) VALUES (null,'Chính sách đổi trả','<p><span style=\"line-height: 20.7999992370605px;\">Thông tin đang cập nhật ...&nbsp;</span></p>\r\n',[site_id],[user_id],'chinh-sach-doi-tra',[now],[now],[user_id],'','','','','');
set @categorypage34 = LAST_INSERT_ID();
INSERT INTO categorypage (id, title, content, site_id, user_id, `alias`, created_time, modified_time, modified_by, meta_keywords, meta_description, meta_title, image_path, image_name) VALUES (null,'Các câu hỏi thường gặp','<p><span style=\"line-height: 20.7999992370605px;\">Thông tin đang cập nhật ...&nbsp;</span></p>\r\n',[site_id],[user_id],'cac-cau-hoi-thuong-gap',[now],[now],[user_id],'','','','','');
set @categorypage35 = LAST_INSERT_ID();


INSERT INTO videos (video_id, site_id, user_id, video_title, video_description, video_link, video_embed, video_height, video_width, video_prominent, `status`, avatar_path, avatar_name, `alias`, `order`, meta_keywords, meta_description, created_time, modified_time) VALUES (null,[site_id],[user_id],'Quy Trinh- Ban hang da cap thuc pham chuc nang.mp4','','https://www.youtube.com/watch?v=GGptGey6axg','http://www.youtube.com/embed/GGptGey6axg',344,459,1,1,'/media/images/99/video/','745_1429254058_5285530afaa7afad.jpg','quy-trinh--ban-hang-da-cap-thuc-pham-chuc-nangmp4',1,'','',[now],[now]);
set @videos74 = LAST_INSERT_ID();
INSERT INTO videos (video_id, site_id, user_id, video_title, video_description, video_link, video_embed, video_height, video_width, video_prominent, `status`, avatar_path, avatar_name, `alias`, `order`, meta_keywords, meta_description, created_time, modified_time) VALUES (null,[site_id],[user_id],'Sản xuất TVC Quảng Cáo - Đồ Gia Dụng Goldsun','','https://www.youtube.com/watch?v=_CH_xwPal6s','http://www.youtube.com/embed/_CH_xwPal6s',270,480,0,1,'/media/images/81/video/','346_1427371700_6085513f6b4cc19c.jpg','san-xuat-tvc-quang-cao---do-gia-dung-goldsun',1,'','',[now],[now]);
set @videos75 = LAST_INSERT_ID();
INSERT INTO videos (video_id, site_id, user_id, video_title, video_description, video_link, video_embed, video_height, video_width, video_prominent, `status`, avatar_path, avatar_name, `alias`, `order`, meta_keywords, meta_description, created_time, modified_time) VALUES (null,[site_id],[user_id],'Tự tạo máy phát điện 40W thủ công từ đồ gia dụng','','https://www.youtube.com/watch?v=_WRXblF-dv0','http://www.youtube.com/embed/_WRXblF-dv0',270,480,0,1,'/media/images/81/video/','333_1427371675_6115513f69b0a35c.jpg','tu-tao-may-phat-dien-40w-thu-cong-tu-do-gia-dung',1,'','',[now],[now]);
set @videos76 = LAST_INSERT_ID();
INSERT INTO videos (video_id, site_id, user_id, video_title, video_description, video_link, video_embed, video_height, video_width, video_prominent, `status`, avatar_path, avatar_name, `alias`, `order`, meta_keywords, meta_description, created_time, modified_time) VALUES (null,[site_id],[user_id],'Máy lọc nước Kangaroo 8 cấp lọc','','https://www.youtube.com/watch?v=BFkhrftDD2k','http://www.youtube.com/embed/BFkhrftDD2k',270,480,0,1,'/media/images/81/video/','722_1427370865_9155513f371d9a64.jpg','may-loc-nuoc-kangaroo-8-cap-loc',1,'','',[now],[now]);
set @videos77 = LAST_INSERT_ID();


INSERT INTO jobs (id, user_id, site_id, `position`, degree, trade_id, typeofwork, location, quantity, salaryrange, currency, salary_min, salary_max, description, experience, `level`, includes, requirement, benefit, expirydate, publicdate, created_time, modified_time, `alias`, contact_username, contact_email, contact_phone, contact_address,image_path,image_name) VALUES (null,[user_id],[site_id],'Tuyển nhân viên kinh doanh tháng 10',2,26,1,'01',5,2,1,0,0,'<p><span style=\"font-family: Roboto, Arial, Helvetica, sans-serif; line-height: 18.5714282989502px;\">- Tìm kiếm khách hàng tư vấn, cung cấp giải pháp cần thiết lập 1 website cho doanh nghiệp.</span><br style=\"box-sizing: border-box; margin: 0px; padding: 0px; font-family: Roboto, Arial, Helvetica, sans-serif; line-height: 18.5714282989502px;\" />\r\n<span style=\"font-family: Roboto, Arial, Helvetica, sans-serif; line-height: 18.5714282989502px;\">- Gặp gỡ trực tiếp để tư vấn, thuyết phục, đàm phán với khách hàng</span><br style=\"box-sizing: border-box; margin: 0px; padding: 0px; font-family: Roboto, Arial, Helvetica, sans-serif; line-height: 18.5714282989502px;\" />\r\n<span style=\"font-family: Roboto, Arial, Helvetica, sans-serif; line-height: 18.5714282989502px;\">- Lên dự thảo web sau khi khách hàng cơ bản đã đồng ý ký hợp đồng.</span><br style=\"box-sizing: border-box; margin: 0px; padding: 0px; font-family: Roboto, Arial, Helvetica, sans-serif; line-height: 18.5714282989502px;\" />\r\n<span style=\"font-family: Roboto, Arial, Helvetica, sans-serif; line-height: 18.5714282989502px;\">- Ký hợp đồng với khách hàng và tiếp nhận những phản hồi về sản phẩm của khách hàng.</span><br style=\"box-sizing: border-box; margin: 0px; padding: 0px; font-family: Roboto, Arial, Helvetica, sans-serif; line-height: 18.5714282989502px;\" />\r\n<span style=\"font-family: Roboto, Arial, Helvetica, sans-serif; line-height: 18.5714282989502px;\">- Lập kế hoạch công việc cụ thể, mục tiêu phấn đấu gửi cho bộ phận quản lý</span><br style=\"box-sizing: border-box; margin: 0px; padding: 0px; font-family: Roboto, Arial, Helvetica, sans-serif; line-height: 18.5714282989502px;\" />\r\n<span style=\"font-family: Roboto, Arial, Helvetica, sans-serif; line-height: 18.5714282989502px;\">- Lập đề án hướng dẫn cho khách hàng để thu hút khách hàng.</span></p>\r\n',0,1,'<p><span style=\"font-family: Roboto, Arial, Helvetica, sans-serif; line-height: 18.5714282989502px;\">- Tìm kiếm khách hàng tư vấn, cung cấp giải pháp cần thiết lập 1 website cho doanh nghiệp.</span><br style=\"box-sizing: border-box; margin: 0px; padding: 0px; font-family: Roboto, Arial, Helvetica, sans-serif; line-height: 18.5714282989502px;\" />\r\n<span style=\"font-family: Roboto, Arial, Helvetica, sans-serif; line-height: 18.5714282989502px;\">- Gặp gỡ trực tiếp để tư vấn, thuyết phục, đàm phán với khách hàng</span><br style=\"box-sizing: border-box; margin: 0px; padding: 0px; font-family: Roboto, Arial, Helvetica, sans-serif; line-height: 18.5714282989502px;\" />\r\n<span style=\"font-family: Roboto, Arial, Helvetica, sans-serif; line-height: 18.5714282989502px;\">- Lên dự thảo web sau khi khách hàng cơ bản đã đồng ý ký hợp đồng.</span><br style=\"box-sizing: border-box; margin: 0px; padding: 0px; font-family: Roboto, Arial, Helvetica, sans-serif; line-height: 18.5714282989502px;\" />\r\n<span style=\"font-family: Roboto, Arial, Helvetica, sans-serif; line-height: 18.5714282989502px;\">- Ký hợp đồng với khách hàng và tiếp nhận những phản hồi về sản phẩm của khách hàng.</span><br style=\"box-sizing: border-box; margin: 0px; padding: 0px; font-family: Roboto, Arial, Helvetica, sans-serif; line-height: 18.5714282989502px;\" />\r\n<span style=\"font-family: Roboto, Arial, Helvetica, sans-serif; line-height: 18.5714282989502px;\">- Lập kế hoạch công việc cụ thể, mục tiêu phấn đấu gửi cho bộ phận quản lý</span><br style=\"box-sizing: border-box; margin: 0px; padding: 0px; font-family: Roboto, Arial, Helvetica, sans-serif; line-height: 18.5714282989502px;\" />\r\n<span style=\"font-family: Roboto, Arial, Helvetica, sans-serif; line-height: 18.5714282989502px;\">- Lập đề án hướng dẫn cho khách hàng để thu hút khách hàng.</span></p>\r\n','<p><span style=\"font-family: Roboto, Arial, Helvetica, sans-serif; line-height: 18.5714282989502px;\">- Tìm kiếm khách hàng tư vấn, cung cấp giải pháp cần thiết lập 1 website cho doanh nghiệp.</span><br style=\"box-sizing: border-box; margin: 0px; padding: 0px; font-family: Roboto, Arial, Helvetica, sans-serif; line-height: 18.5714282989502px;\" />\r\n<span style=\"font-family: Roboto, Arial, Helvetica, sans-serif; line-height: 18.5714282989502px;\">- Gặp gỡ trực tiếp để tư vấn, thuyết phục, đàm phán với khách hàng</span><br style=\"box-sizing: border-box; margin: 0px; padding: 0px; font-family: Roboto, Arial, Helvetica, sans-serif; line-height: 18.5714282989502px;\" />\r\n<span style=\"font-family: Roboto, Arial, Helvetica, sans-serif; line-height: 18.5714282989502px;\">- Lên dự thảo web sau khi khách hàng cơ bản đã đồng ý ký hợp đồng.</span><br style=\"box-sizing: border-box; margin: 0px; padding: 0px; font-family: Roboto, Arial, Helvetica, sans-serif; line-height: 18.5714282989502px;\" />\r\n<span style=\"font-family: Roboto, Arial, Helvetica, sans-serif; line-height: 18.5714282989502px;\">- Ký hợp đồng với khách hàng và tiếp nhận những phản hồi về sản phẩm của khách hàng.</span><br style=\"box-sizing: border-box; margin: 0px; padding: 0px; font-family: Roboto, Arial, Helvetica, sans-serif; line-height: 18.5714282989502px;\" />\r\n<span style=\"font-family: Roboto, Arial, Helvetica, sans-serif; line-height: 18.5714282989502px;\">- Lập kế hoạch công việc cụ thể, mục tiêu phấn đấu gửi cho bộ phận quản lý</span><br style=\"box-sizing: border-box; margin: 0px; padding: 0px; font-family: Roboto, Arial, Helvetica, sans-serif; line-height: 18.5714282989502px;\" />\r\n<span style=\"font-family: Roboto, Arial, Helvetica, sans-serif; line-height: 18.5714282989502px;\">- Lập đề án hướng dẫn cho khách hàng để thu hút khách hàng.</span></p>\r\n','<p><span style=\"font-family: Roboto, Arial, Helvetica, sans-serif; line-height: 18.5714282989502px;\">- Tìm kiếm khách hàng tư vấn, cung cấp giải pháp cần thiết lập 1 website cho doanh nghiệp.</span><br style=\"box-sizing: border-box; margin: 0px; padding: 0px; font-family: Roboto, Arial, Helvetica, sans-serif; line-height: 18.5714282989502px;\" />\r\n<span style=\"font-family: Roboto, Arial, Helvetica, sans-serif; line-height: 18.5714282989502px;\">- Gặp gỡ trực tiếp để tư vấn, thuyết phục, đàm phán với khách hàng</span><br style=\"box-sizing: border-box; margin: 0px; padding: 0px; font-family: Roboto, Arial, Helvetica, sans-serif; line-height: 18.5714282989502px;\" />\r\n<span style=\"font-family: Roboto, Arial, Helvetica, sans-serif; line-height: 18.5714282989502px;\">- Lên dự thảo web sau khi khách hàng cơ bản đã đồng ý ký hợp đồng.</span><br style=\"box-sizing: border-box; margin: 0px; padding: 0px; font-family: Roboto, Arial, Helvetica, sans-serif; line-height: 18.5714282989502px;\" />\r\n<span style=\"font-family: Roboto, Arial, Helvetica, sans-serif; line-height: 18.5714282989502px;\">- Ký hợp đồng với khách hàng và tiếp nhận những phản hồi về sản phẩm của khách hàng.</span><br style=\"box-sizing: border-box; margin: 0px; padding: 0px; font-family: Roboto, Arial, Helvetica, sans-serif; line-height: 18.5714282989502px;\" />\r\n<span style=\"font-family: Roboto, Arial, Helvetica, sans-serif; line-height: 18.5714282989502px;\">- Lập kế hoạch công việc cụ thể, mục tiêu phấn đấu gửi cho bộ phận quản lý</span><br style=\"box-sizing: border-box; margin: 0px; padding: 0px; font-family: Roboto, Arial, Helvetica, sans-serif; line-height: 18.5714282989502px;\" />\r\n<span style=\"font-family: Roboto, Arial, Helvetica, sans-serif; line-height: 18.5714282989502px;\">- Lập đề án hướng dẫn cho khách hàng để thu hút khách hàng.</span></p>\r\n',1427734800,1427371539,[now],[now],'tuyen-nhan-vien-kinh-doanh-thang-10','A. Dũng','buithanhdung@gmail.com','0948854888','Phòng 211 - Nhà G1 - Số 79 - Ngõ 82 - Phạm Ngọc Thạch - Đống Đa - Hà Nội','/media/images/99/jobs/','768_1429246160_608553090d0770f4.jpg');
set @jobs26817 = LAST_INSERT_ID();
INSERT INTO jobs (id, user_id, site_id, `position`, degree, trade_id, typeofwork, location, quantity, salaryrange, currency, salary_min, salary_max, description, experience, `level`, includes, requirement, benefit, expirydate, publicdate, created_time, modified_time, `alias`, contact_username, contact_email, contact_phone, contact_address,image_path,image_name) VALUES (null,[user_id],[site_id],'Tuyển nhân viên kinh doanh thiết kế website',2,51,1,'01',5,3,1,4000000,10000000,'<p><span style=\"font-family: Roboto, Arial, Helvetica, sans-serif; line-height: 18.5714282989502px;\">- Tìm kiếm khách hàng tư vấn, cung cấp giải pháp cần thiết lập 1 website cho doanh nghiệp.</span><br style=\"box-sizing: border-box; margin: 0px; padding: 0px; font-family: Roboto, Arial, Helvetica, sans-serif; line-height: 18.5714282989502px;\" />\r\n<span style=\"font-family: Roboto, Arial, Helvetica, sans-serif; line-height: 18.5714282989502px;\">- Gặp gỡ trực tiếp để tư vấn, thuyết phục, đàm phán với khách hàng</span><br style=\"box-sizing: border-box; margin: 0px; padding: 0px; font-family: Roboto, Arial, Helvetica, sans-serif; line-height: 18.5714282989502px;\" />\r\n<span style=\"font-family: Roboto, Arial, Helvetica, sans-serif; line-height: 18.5714282989502px;\">- Lên dự thảo web sau khi khách hàng cơ bản đã đồng ý ký hợp đồng.</span><br style=\"box-sizing: border-box; margin: 0px; padding: 0px; font-family: Roboto, Arial, Helvetica, sans-serif; line-height: 18.5714282989502px;\" />\r\n<span style=\"font-family: Roboto, Arial, Helvetica, sans-serif; line-height: 18.5714282989502px;\">- Ký hợp đồng với khách hàng và tiếp nhận những phản hồi về sản phẩm của khách hàng.</span><br style=\"box-sizing: border-box; margin: 0px; padding: 0px; font-family: Roboto, Arial, Helvetica, sans-serif; line-height: 18.5714282989502px;\" />\r\n<span style=\"font-family: Roboto, Arial, Helvetica, sans-serif; line-height: 18.5714282989502px;\">- Lập kế hoạch công việc cụ thể, mục tiêu phấn đấu gửi cho bộ phận quản lý</span><br style=\"box-sizing: border-box; margin: 0px; padding: 0px; font-family: Roboto, Arial, Helvetica, sans-serif; line-height: 18.5714282989502px;\" />\r\n<span style=\"font-family: Roboto, Arial, Helvetica, sans-serif; line-height: 18.5714282989502px;\">- Lập đề án hướng dẫn cho khách hàng để thu hút khách hàng.</span></p>\r\n',0,1,'<p><span style=\"font-family: Roboto, Arial, Helvetica, sans-serif; line-height: 18.5714282989502px;\">01 bản CV cá nhân giới thiệu về bản thân (đính kèm file) và 1 ảnh thẻ gửi về địa chỉ: buithanhdung@gmail.com</span></p>\r\n','<p><span style=\"font-family: Roboto, Arial, Helvetica, sans-serif; line-height: 18.5714282989502px;\">- Tốt nghiệp chuyên ngành kinh tế, Quản trị kinh doanh, marketing hoặc các ngành nghề khác.</span><br style=\"box-sizing: border-box; margin: 0px; padding: 0px; font-family: Roboto, Arial, Helvetica, sans-serif; line-height: 18.5714282989502px;\" />\r\n<span style=\"font-family: Roboto, Arial, Helvetica, sans-serif; line-height: 18.5714282989502px;\">- Sử dụng internet và phần mềm máy tính thành thạo ( Hiểu biết về internet, có kinh nghiệm kinh doanh là một lợi thế ).</span><br style=\"box-sizing: border-box; margin: 0px; padding: 0px; font-family: Roboto, Arial, Helvetica, sans-serif; line-height: 18.5714282989502px;\" />\r\n<span style=\"font-family: Roboto, Arial, Helvetica, sans-serif; line-height: 18.5714282989502px;\">- Khả năng giao tiếp đàm phán tốt, giọng nói dễ nghe, chịu áp lực tốt.</span><br style=\"box-sizing: border-box; margin: 0px; padding: 0px; font-family: Roboto, Arial, Helvetica, sans-serif; line-height: 18.5714282989502px;\" />\r\n<span style=\"font-family: Roboto, Arial, Helvetica, sans-serif; line-height: 18.5714282989502px;\">- Yêu thích công việc kinh doanh.</span><br style=\"box-sizing: border-box; margin: 0px; padding: 0px; font-family: Roboto, Arial, Helvetica, sans-serif; line-height: 18.5714282989502px;\" />\r\n<span style=\"font-family: Roboto, Arial, Helvetica, sans-serif; line-height: 18.5714282989502px;\">- Nhanh nhẹn, chăm chỉ, ngoại hình ưa nhìn.</span><br style=\"box-sizing: border-box; margin: 0px; padding: 0px; font-family: Roboto, Arial, Helvetica, sans-serif; line-height: 18.5714282989502px;\" />\r\n<span style=\"font-family: Roboto, Arial, Helvetica, sans-serif; line-height: 18.5714282989502px;\">- Ưu tiên sinh viên mới ra trường, trẻ trung, năng động .</span><br style=\"box-sizing: border-box; margin: 0px; padding: 0px; font-family: Roboto, Arial, Helvetica, sans-serif; line-height: 18.5714282989502px;\" />\r\n<span style=\"font-family: Roboto, Arial, Helvetica, sans-serif; line-height: 18.5714282989502px;\">- Ứng viên có xe máy và máy tính cá nhân.</span></p>\r\n','<p><span style=\"font-family: Roboto, Arial, Helvetica, sans-serif; line-height: 18.5714282989502px;\">- Có cơ hội thăng tiến cao.</span><br style=\"box-sizing: border-box; margin: 0px; padding: 0px; font-family: Roboto, Arial, Helvetica, sans-serif; line-height: 18.5714282989502px;\" />\r\n<span style=\"font-family: Roboto, Arial, Helvetica, sans-serif; line-height: 18.5714282989502px;\">- Được hưởng lương cứng + trợ cấp + hoa hồng + thưởng.</span><br style=\"box-sizing: border-box; margin: 0px; padding: 0px; font-family: Roboto, Arial, Helvetica, sans-serif; line-height: 18.5714282989502px;\" />\r\n<span style=\"font-family: Roboto, Arial, Helvetica, sans-serif; line-height: 18.5714282989502px;\">- Hỗ trợ ăn trưa.</span><br style=\"box-sizing: border-box; margin: 0px; padding: 0px; font-family: Roboto, Arial, Helvetica, sans-serif; line-height: 18.5714282989502px;\" />\r\n<span style=\"font-family: Roboto, Arial, Helvetica, sans-serif; line-height: 18.5714282989502px;\">- Được đóng BHXH, BHYT</span><br style=\"box-sizing: border-box; margin: 0px; padding: 0px; font-family: Roboto, Arial, Helvetica, sans-serif; line-height: 18.5714282989502px;\" />\r\n<span style=\"font-family: Roboto, Arial, Helvetica, sans-serif; line-height: 18.5714282989502px;\">- Làm việc trong môi trường chuyên nghiệp, nhiều cơ hội học tập, phát triển, và được hưởng đãi ngộ phù hợp với năng lực</span><br style=\"box-sizing: border-box; margin: 0px; padding: 0px; font-family: Roboto, Arial, Helvetica, sans-serif; line-height: 18.5714282989502px;\" />\r\n<span style=\"font-family: Roboto, Arial, Helvetica, sans-serif; line-height: 18.5714282989502px;\">- Có cơ hội tham gia các khóa đào tạo, huấn luyện chuyên môn.</span><br style=\"box-sizing: border-box; margin: 0px; padding: 0px; font-family: Roboto, Arial, Helvetica, sans-serif; line-height: 18.5714282989502px;\" />\r\n<span style=\"font-family: Roboto, Arial, Helvetica, sans-serif; line-height: 18.5714282989502px;\">- Được đào tạo về kỹ năng, cảm nhận về kinh doanh, các kiến thức chuyên sâu về thương mại điện tử, internet.</span></p>\r\n',1433005200,1427371049,[now],[now],'tuyen-nhan-vien-kinh-doanh-thiet-ke-website','A. Dũng','buithanhdung@gmail.com','0948854888','Phòng 211 - Nhà G1 - Số 79 - Ngõ 82 - Phạm Ngọc Thạch - Đống Đa - Hà Nội','/media/images/99/jobs/','708_1429246173_437553090ddbf108.jpg');
set @jobs26818 = LAST_INSERT_ID();
INSERT INTO jobs (id, user_id, site_id, `position`, degree, trade_id, typeofwork, location, quantity, salaryrange, currency, salary_min, salary_max, description, experience, `level`, includes, requirement, benefit, expirydate, publicdate, created_time, modified_time, `alias`, contact_username, contact_email, contact_phone, contact_address,image_path,image_name) VALUES (null,[user_id],[site_id],'Tuyển nhân viên thiết kế website',2,1,1,'01',5,1,1,0,0,'<ul style=\"box-sizing: border-box; margin: 0px 0px 10px; padding-right: 0px; padding-left: 0px; list-style-position: inside; font-family: Roboto, Arial, Helvetica, sans-serif; line-height: 18.5714282989502px;\">\r\n	<li style=\"box-sizing: border-box; margin: 0px; padding: 0px;\">Tiếp nhận và phân tích yêu cầu thiết kế, đưa ra ý tưởng phù hợp nhất, và hoàn thành yêu cầu trong thời gian theo kế hoạch;</li>\r\n	<li style=\"box-sizing: border-box; margin: 0px; padding: 0px;\">Lập kế hoạch, nêu ý tưởng và trực tiếp thiết kế giao diện Website, Flash, Banner, Logo...,và các công việc liên quan đến Thiết kế khác;</li>\r\n	<li style=\"box-sizing: border-box; margin: 0px; padding: 0px;\">Kết hợp với bộ phận kinh doanh và các bộ phận khác để đảm bảo thiết kế đáp ứng được nhu cầu của khách hàng;</li>\r\n	<li style=\"box-sizing: border-box; margin: 0px; padding: 0px;\">Thực hiện tốt các công việc khác khi được giao phó.</li>\r\n</ul>\r\n',0,1,'<p><span style=\"font-family: Roboto, Arial, Helvetica, sans-serif; line-height: 18.5714282989502px;\">Đính kèm CV và các sản phẩm tiêu biểu đã thực hiện vào mail buithanhdung@gmail.com</span></p>\r\n','<ul style=\"box-sizing: border-box; margin: 0px 0px 10px; padding-right: 0px; padding-left: 0px; list-style-position: inside; font-family: Roboto, Arial, Helvetica, sans-serif; line-height: 18.5714282989502px;\">\r\n	<li style=\"box-sizing: border-box; margin: 0px; padding: 0px;\">Có kinh nghiệm thiết kế website nhiều lĩnh vực;</li>\r\n	<li style=\"box-sizing: border-box; margin: 0px; padding: 0px;\">Sử dụng thành thạo các công cụ đồ họa: Photoshop, Illustrator, Corel Draw…;</li>\r\n	<li style=\"box-sizing: border-box; margin: 0px; padding: 0px;\">Thành thạo HTML, CSS;</li>\r\n	<li style=\"box-sizing: border-box; margin: 0px; padding: 0px;\">Sử dụng tốt Flash;</li>\r\n	<li style=\"box-sizing: border-box; margin: 0px; padding: 0px;\">Thành thạo Javascripts là một lợi thế</li>\r\n	<li style=\"box-sizing: border-box; margin: 0px; padding: 0px;\">Có tư duy sáng tạo và thẩm mỹ tốt;</li>\r\n	<li style=\"box-sizing: border-box; margin: 0px; padding: 0px;\">Có thể chịu được áp lực trong công việc;</li>\r\n	<li style=\"box-sizing: border-box; margin: 0px; padding: 0px;\">Tỉ mỉ, chu đáo, năng động, nhiệt tình.</li>\r\n</ul>\r\n','<ul style=\"box-sizing: border-box; margin: 0px 0px 10px; padding-right: 0px; padding-left: 0px; list-style-position: inside; font-family: Roboto, Arial, Helvetica, sans-serif; line-height: 18.5714282989502px;\">\r\n	<li style=\"box-sizing: border-box; margin: 0px; padding: 0px;\">Mức lương cạnh tranh phù hợp với năng lực;</li>\r\n	<li style=\"box-sizing: border-box; margin: 0px; padding: 0px;\">Được hưởng các phụ cấp theo quy định của công ty (phụ cấp xăng xe, phụ cấp ăn trưa, ...);</li>\r\n	<li style=\"box-sizing: border-box; margin: 0px; padding: 0px;\">Được làm việc trong môi trường chuyên nghiệp, năng động và có khả năng phát triển;</li>\r\n	<li style=\"box-sizing: border-box; margin: 0px; padding: 0px;\">Được hưởng đầy đủ các chế độ theo luật quy định của công ty: Bảo hiểm xã hội, bảo hiểm y tế, nghỉ mát, ngày lễ, tết…;</li>\r\n	<li style=\"box-sizing: border-box; margin: 0px; padding: 0px;\">Được tham gia các khoá đào tạo nâng cao trình độ chuyên môn, kĩ năng mềm...;</li>\r\n	<li style=\"box-sizing: border-box; margin: 0px; padding: 0px;\">Cơ hội sở hữu cổ phần ưu đãi dành cho thành viên có kết quả làm việc xuất sắc.</li>\r\n</ul>\r\n',1430326800,1427370915,[now],[now],'tuyen-nhan-vien-thiet-ke-website','A. Dũng','buithanhdung@gmail.com','0948854888','Phòng 211 - Nhà G1 - Số 79 - Ngõ 82 - Phạm Ngọc Thạch - Đống Đa - Hà Nội','/media/images/99/jobs/','186_1429246293_247553091555e6d2.jpg');
set @jobs26819 = LAST_INSERT_ID();



INSERT INTO menu_groups (menu_group_id, menu_group_name, menu_group_description, site_id, user_id, config, created_time, modified_time, modified_by, menu_group_type) VALUES (null,'Nhóm menu chính','Nhóm menu chính',[site_id],[user_id],'',[now],[now],[user_id],0);
set @menu_groups35 = LAST_INSERT_ID();
INSERT INTO menu_groups (menu_group_id, menu_group_name, menu_group_description, site_id, user_id, config, created_time, modified_time, modified_by, menu_group_type) VALUES (null,'Nhóm menu footer','Nhóm menu footer',[site_id],[user_id],'',[now],[now],[user_id],0);
set @menu_groups36 = LAST_INSERT_ID();

INSERT INTO menus (menu_id, site_id, user_id, menu_group, menu_title, parent_id, menu_linkto, menu_link, menu_basepath, menu_pathparams, menu_order, `alias`, `status`, menu_target, menu_values, icon_path, icon_name, background_path, background_name, description, created_time, modified_time, modified_by) VALUES (null,[site_id],[user_id],@menu_groups35,'Trang chủ',0,1,'','','[]',1,'trang-chu',1,1,'{\"t\":1,\"oi\":1}','','','','','',[now],[now],[user_id]);
set @menus373 = LAST_INSERT_ID();
INSERT INTO menus (menu_id, site_id, user_id, menu_group, menu_title, parent_id, menu_linkto, menu_link, menu_basepath, menu_pathparams, menu_order, `alias`, `status`, menu_target, menu_values, icon_path, icon_name, background_path, background_name, description, created_time, modified_time, modified_by) VALUES (null,[site_id],[user_id],@menu_groups35,'Giới thiệu',0,1,'','/site/site/introduce','[]',2,'gioi-thieu',1,1,'{\"t\":1,\"oi\":3}','','','','','',[now],[now],[user_id]);
set @menus374 = LAST_INSERT_ID();
INSERT INTO menus (menu_id, site_id, user_id, menu_group, menu_title, parent_id, menu_linkto, menu_link, menu_basepath, menu_pathparams, menu_order, `alias`, `status`, menu_target, menu_values, icon_path, icon_name, background_path, background_name, description, created_time, modified_time, modified_by) VALUES (null,[site_id],[user_id],@menu_groups35,'Tin tức',0,1,'','/news/news','[]',3,'tin-tuc',1,1,'{\"t\":1,\"oi\":8}','','','','','',[now],[now],[user_id]);
set @menus375 = LAST_INSERT_ID();
INSERT INTO menus (menu_id, site_id, user_id, menu_group, menu_title, parent_id, menu_linkto, menu_link, menu_basepath, menu_pathparams, menu_order, `alias`, `status`, menu_target, menu_values, icon_path, icon_name, background_path, background_name, description, created_time, modified_time, modified_by) VALUES (null,[site_id],[user_id],@menu_groups35,'Sản phẩm',0,1,'','/economy/product','[]',4,'san-pham',1,1,'{\"t\":1,\"oi\":9}','','','','','',[now],[now],[user_id]);
set @menus376 = LAST_INSERT_ID();
INSERT INTO menus (menu_id, site_id, user_id, menu_group, menu_title, parent_id, menu_linkto, menu_link, menu_basepath, menu_pathparams, menu_order, `alias`, `status`, menu_target, menu_values, icon_path, icon_name, background_path, background_name, description, created_time, modified_time, modified_by) VALUES (null,[site_id],[user_id],@menu_groups35,'Liên hệ',0,1,'','/site/site/contact','[]',10,'lien-he',1,1,'{\"t\":1,\"oi\":2}','','','','','',[now],[now],[user_id]);
set @menus377 = LAST_INSERT_ID();
INSERT INTO menus (menu_id, site_id, user_id, menu_group, menu_title, parent_id, menu_linkto, menu_link, menu_basepath, menu_pathparams, menu_order, `alias`, `status`, menu_target, menu_values, icon_path, icon_name, background_path, background_name, description, created_time, modified_time, modified_by) VALUES (null,[site_id],[user_id],@menu_groups35,'Album ảnh',0,1,'','/media/album/all','[]',7,'album-anh',1,1,'{\"t\":1,\"oi\":11}','','','','','',[now],[now],[user_id]);
set @menus379 = LAST_INSERT_ID();
INSERT INTO menus (menu_id, site_id, user_id, menu_group, menu_title, parent_id, menu_linkto, menu_link, menu_basepath, menu_pathparams, menu_order, `alias`, `status`, menu_target, menu_values, icon_path, icon_name, background_path, background_name, description, created_time, modified_time, modified_by) VALUES (null,[site_id],[user_id],@menu_groups35,'Tuyển dụng',0,1,'','/work/job','[]',8,'tuyen-dung',1,1,'{\"t\":1,\"oi\":13}','','','','','',[now],[now],[user_id]);
set @menus380 = LAST_INSERT_ID();
INSERT INTO menus (menu_id, site_id, user_id, menu_group, menu_title, parent_id, menu_linkto, menu_link, menu_basepath, menu_pathparams, menu_order, `alias`, `status`, menu_target, menu_values, icon_path, icon_name, background_path, background_name, description, created_time, modified_time, modified_by) VALUES (null,[site_id],[user_id],@menu_groups36,'Hỗ trợ khách hàng',0,1,'','','',0,'ho-tro-khach-hang',1,1,'{\"t\":1,\"oi\":0}','','','','','',[now],[now],[user_id]);
set @menus381 = LAST_INSERT_ID();
INSERT INTO menus (menu_id, site_id, user_id, menu_group, menu_title, parent_id, menu_linkto, menu_link, menu_basepath, menu_pathparams, menu_order, `alias`, `status`, menu_target, menu_values, icon_path, icon_name, background_path, background_name, description, created_time, modified_time, modified_by) VALUES (null,[site_id],[user_id],@menu_groups36,'Các câu hỏi thường gặp',@menus381,1,'','/page/category/detail',CONCAT('{"id":',@categorypage35,',"alias":"cac-cau-hoi-thuong-gap"}'),0,'cac-cau-hoi-thuong-gap',1,1,'','','','','','',[now],[now],[user_id]);
set @menus383 = LAST_INSERT_ID();
INSERT INTO menus (menu_id, site_id, user_id, menu_group, menu_title, parent_id, menu_linkto, menu_link, menu_basepath, menu_pathparams, menu_order, `alias`, `status`, menu_target, menu_values, icon_path, icon_name, background_path, background_name, description, created_time, modified_time, modified_by) VALUES (null,[site_id],[user_id],@menu_groups36,'Hướng dẫn đặt hàng',@menus381,1,'','/page/category/detail',CONCAT('{"id":',@categorypage32,',"alias":"huong-dan-dat-hang"}'),2,'huong-dan-dat-hang',1,1,'','','','','','',[now],[now],[user_id]);
set @menus384 = LAST_INSERT_ID();
INSERT INTO menus (menu_id, site_id, user_id, menu_group, menu_title, parent_id, menu_linkto, menu_link, menu_basepath, menu_pathparams, menu_order, `alias`, `status`, menu_target, menu_values, icon_path, icon_name, background_path, background_name, description, created_time, modified_time, modified_by) VALUES (null,[site_id],[user_id],@menu_groups36,'Phương thức vận chuyển',@menus381,1,'','/page/category/detail',CONCAT('{"id":',@categorypage33,',"alias":"phuong-thuc-van-chuyen"}'),4,'phuong-thuc-van-chuyen',1,1,'','','','','','',[now],[now],[user_id]);
set @menus385 = LAST_INSERT_ID();
INSERT INTO menus (menu_id, site_id, user_id, menu_group, menu_title, parent_id, menu_linkto, menu_link, menu_basepath, menu_pathparams, menu_order, `alias`, `status`, menu_target, menu_values, icon_path, icon_name, background_path, background_name, description, created_time, modified_time, modified_by) VALUES (null,[site_id],[user_id],@menu_groups35,'Video',0,1,'','/media/video/all','[]',5,'video',1,1,'{\"t\":1,\"oi\":12}','','','','','',[now],[now],[user_id]);
set @menus404 = LAST_INSERT_ID();
INSERT INTO menus (menu_id, site_id, user_id, menu_group, menu_title, parent_id, menu_linkto, menu_link, menu_basepath, menu_pathparams, menu_order, `alias`, `status`, menu_target, menu_values, icon_path, icon_name, background_path, background_name, description, created_time, modified_time, modified_by) VALUES (null,[site_id],[user_id],@menu_groups35,'Nội thất phòng khách',@menus376,1,'','/economy/product/category',CONCAT('{"id":',@product_categories402,',"alias":"noi-that-phong-khach"}'),0,'noi-that-phong-ngu',1,1,'','','','','','',[now],[now],[user_id]);
set @menus386 = LAST_INSERT_ID();
INSERT INTO menus (menu_id, site_id, user_id, menu_group, menu_title, parent_id, menu_linkto, menu_link, menu_basepath, menu_pathparams, menu_order, `alias`, `status`, menu_target, menu_values, icon_path, icon_name, background_path, background_name, description, created_time, modified_time, modified_by) VALUES (null,[site_id],[user_id],@menu_groups35,'Nội thất phòng ngủ',@menus376,1,'','/economy/product/category',CONCAT('{"id":',@product_categories403,',"alias":"noi-that-phong-ngu"}'),0,'noi-that-phong-khach',1,1,'','','','','','',[now],[now],[user_id]);
set @menus387 = LAST_INSERT_ID();
INSERT INTO menus (menu_id, site_id, user_id, menu_group, menu_title, parent_id, menu_linkto, menu_link, menu_basepath, menu_pathparams, menu_order, `alias`, `status`, menu_target, menu_values, icon_path, icon_name, background_path, background_name, description, created_time, modified_time, modified_by) VALUES (null,[site_id],[user_id],@menu_groups35,'Nội thất phòng ngủ trẻ em',@menus376,1,'','/economy/product/category',CONCAT('{"id":',@product_categories404,',"alias":"noi-that-phong-ngu-tre-em"}'),0,'noi-that-phong-ngu-tre-em',1,1,'','','','','','',[now],[now],[user_id]);
set @menus388 = LAST_INSERT_ID();
INSERT INTO menus (menu_id, site_id, user_id, menu_group, menu_title, parent_id, menu_linkto, menu_link, menu_basepath, menu_pathparams, menu_order, `alias`, `status`, menu_target, menu_values, icon_path, icon_name, background_path, background_name, description, created_time, modified_time, modified_by) VALUES (null,[site_id],[user_id],@menu_groups35,'Nội thất phòng ăn',@menus376,1,'','/economy/product/category',CONCAT('{"id":',@product_categories405,',"alias":"noi-that-phong-an"}'),0,'noi-that-phong-an',1,1,'','','','','','',[now],[now],[user_id]);
set @menus389 = LAST_INSERT_ID();
INSERT INTO menus (menu_id, site_id, user_id, menu_group, menu_title, parent_id, menu_linkto, menu_link, menu_basepath, menu_pathparams, menu_order, `alias`, `status`, menu_target, menu_values, icon_path, icon_name, background_path, background_name, description, created_time, modified_time, modified_by) VALUES (null,[site_id],[user_id],@menu_groups35,'Nội thất phòng tắm',@menus376,1,'','/economy/product/category',CONCAT('{"id":',@product_categories413,',"alias":"no-that-phong-tam"}'),0,'noi-that-phong-tam',1,1,'','','','','','',[now],[now],[user_id]);
set @menus428 = LAST_INSERT_ID();
INSERT INTO menus (menu_id, site_id, user_id, menu_group, menu_title, parent_id, menu_linkto, menu_link, menu_basepath, menu_pathparams, menu_order, `alias`, `status`, menu_target, menu_values, icon_path, icon_name, background_path, background_name, description, created_time, modified_time, modified_by) VALUES (null,[site_id],[user_id],@menu_groups36,'Về Web 3 Nhất',0,1,'','/site/site/introduce','[]',2,'ve-web-3-nhat',1,1,'{\"t\":1,\"oi\":3}','','','','','',[now],[now],[user_id]);
set @menus382 = LAST_INSERT_ID();
INSERT INTO menus (menu_id, site_id, user_id, menu_group, menu_title, parent_id, menu_linkto, menu_link, menu_basepath, menu_pathparams, menu_order, `alias`, `status`, menu_target, menu_values, icon_path, icon_name, background_path, background_name, description, created_time, modified_time, modified_by) VALUES (null,[site_id],[user_id],@menu_groups36,'Giới thiệu 3 Nhất',@menus382,1,'','/site/site/introduce','[]',0,'gioi-thieu-3-nhat',1,1,'{\"t\":1,\"oi\":3}','','','','','',[now],[now],[user_id]);
set @menus370 = LAST_INSERT_ID();
INSERT INTO menus (menu_id, site_id, user_id, menu_group, menu_title, parent_id, menu_linkto, menu_link, menu_basepath, menu_pathparams, menu_order, `alias`, `status`, menu_target, menu_values, icon_path, icon_name, background_path, background_name, description, created_time, modified_time, modified_by) VALUES (null,[site_id],[user_id],@menu_groups36,'Tuyển dụng',@menus382,1,'','/work/job','[]',2,'tuyen-dung',1,1,'{\"t\":1,\"oi\":13}','','','','','',[now],[now],[user_id]);
set @menus371 = LAST_INSERT_ID();
INSERT INTO menus (menu_id, site_id, user_id, menu_group, menu_title, parent_id, menu_linkto, menu_link, menu_basepath, menu_pathparams, menu_order, `alias`, `status`, menu_target, menu_values, icon_path, icon_name, background_path, background_name, description, created_time, modified_time, modified_by) VALUES (null,[site_id],[user_id],@menu_groups36,'Chính sách đổi trả',@menus381,1,'','/page/category/detail',CONCAT('{"id":',@categorypage34,',"alias":"chinh-sach-doi-tra"}'),6,'chinh-sach-doi-tra',1,1,'','','','','','',[now],[now],[user_id]);
set @menus369 = LAST_INSERT_ID();
INSERT INTO menus (menu_id, site_id, user_id, menu_group, menu_title, parent_id, menu_linkto, menu_link, menu_basepath, menu_pathparams, menu_order, `alias`, `status`, menu_target, menu_values, icon_path, icon_name, background_path, background_name, description, created_time, modified_time, modified_by) VALUES (null,[site_id],[user_id],@menu_groups36,'Liên hệ',@menus382,1,'','/site/site/contact','[]',6,'lien-he',1,1,'{\"t\":1,\"oi\":2}','','','','','',[now],[now],[user_id]);
set @menus372 = LAST_INSERT_ID();


INSERT INTO menus_admin (menu_id, site_id, user_id, menu_title, parent_id, menu_linkto, menu_link, menu_basepath, menu_pathparams, menu_order, `alias`, `status`, menu_target, menu_values, iconclass, created_time, modified_time, modified_by) VALUES (null,[site_id],[user_id],'Sản phẩm',0,1,'/san-pham','economy/product','[]',1,'san-pham',1,1,'','icon-file-powerpoint-o',[now],[now],[user_id]);
set @menus_admin526 = LAST_INSERT_ID();
INSERT INTO menus_admin (menu_id, site_id, user_id, menu_title, parent_id, menu_linkto, menu_link, menu_basepath, menu_pathparams, menu_order, `alias`, `status`, menu_target, menu_values, iconclass, created_time, modified_time, modified_by) VALUES (null,[site_id],[user_id],'Quản lý sản phẩm',@menus_admin526,1,'/san-pham','economy/product','[]',1,'quan-ly-san-pham',1,1,'','',[now],[now],[user_id]);
set @menus_admin527 = LAST_INSERT_ID();
INSERT INTO menus_admin (menu_id, site_id, user_id, menu_title, parent_id, menu_linkto, menu_link, menu_basepath, menu_pathparams, menu_order, `alias`, `status`, menu_target, menu_values, iconclass, created_time, modified_time, modified_by) VALUES (null,[site_id],[user_id],'Danh mục sản phẩm',@menus_admin526,1,'/economy/productcategory','economy/productcategory','[]',2,'danh-muc-san-pham',1,1,'','',[now],[now],[user_id]);
set @menus_admin528 = LAST_INSERT_ID();
INSERT INTO menus_admin (menu_id, site_id, user_id, menu_title, parent_id, menu_linkto, menu_link, menu_basepath, menu_pathparams, menu_order, `alias`, `status`, menu_target, menu_values, iconclass, created_time, modified_time, modified_by) VALUES (null,[site_id],[user_id],'Nhóm sản phẩm',@menus_admin526,1,'/economy/productgroups','economy/productgroups','[]',3,'nhom-san-pham',1,1,'','',[now],[now],[user_id]);
set @menus_admin529 = LAST_INSERT_ID();
INSERT INTO menus_admin (menu_id, site_id, user_id, menu_title, parent_id, menu_linkto, menu_link, menu_basepath, menu_pathparams, menu_order, `alias`, `status`, menu_target, menu_values, iconclass, created_time, modified_time, modified_by) VALUES (null,[site_id],[user_id],'Nội dung',0,1,'#','','',2,'noi-dung',1,1,'','icon-file-text-o',[now],[now],[user_id]);
set @menus_admin530 = LAST_INSERT_ID();
INSERT INTO menus_admin (menu_id, site_id, user_id, menu_title, parent_id, menu_linkto, menu_link, menu_basepath, menu_pathparams, menu_order, `alias`, `status`, menu_target, menu_values, iconclass, created_time, modified_time, modified_by) VALUES (null,[site_id],[user_id],'Quản lý bài viết',@menus_admin530,1,'/content/news','content/news','[]',1,'quan-ly-bai-viet',1,1,'','',[now],[now],[user_id]);
set @menus_admin531 = LAST_INSERT_ID();
INSERT INTO menus_admin (menu_id, site_id, user_id, menu_title, parent_id, menu_linkto, menu_link, menu_basepath, menu_pathparams, menu_order, `alias`, `status`, menu_target, menu_values, iconclass, created_time, modified_time, modified_by) VALUES (null,[site_id],[user_id],'Danh mục bài viết',@menus_admin530,1,'/content/newscategory','content/newscategory','[]',2,'danh-muc-bai-viet',1,1,'','',[now],[now],[user_id]);
set @menus_admin532 = LAST_INSERT_ID();
INSERT INTO menus_admin (menu_id, site_id, user_id, menu_title, parent_id, menu_linkto, menu_link, menu_basepath, menu_pathparams, menu_order, `alias`, `status`, menu_target, menu_values, iconclass, created_time, modified_time, modified_by) VALUES (null,[site_id],[user_id],'Quản lý trang nội dung',@menus_admin530,1,'/content/categorypage','content/categorypage','[]',6,'quan-ly-trang-noi-dung',1,1,'','',[now],[now],[user_id]);
set @menus_admin533 = LAST_INSERT_ID();
INSERT INTO menus_admin (menu_id, site_id, user_id, menu_title, parent_id, menu_linkto, menu_link, menu_basepath, menu_pathparams, menu_order, `alias`, `status`, menu_target, menu_values, iconclass, created_time, modified_time, modified_by) VALUES (null,[site_id],[user_id],'Quản lý banner',0,1,'/banner/banner','banner/banner','[]',3,'quan-ly-banner',1,1,'','icon-building-o',[now],[now],[user_id]);
set @menus_admin534 = LAST_INSERT_ID();
INSERT INTO menus_admin (menu_id, site_id, user_id, menu_title, parent_id, menu_linkto, menu_link, menu_basepath, menu_pathparams, menu_order, `alias`, `status`, menu_target, menu_values, iconclass, created_time, modified_time, modified_by) VALUES (null,[site_id],[user_id],'Banner',@menus_admin534,1,'/banner/banner','banner/banner','[]',1,'banner',1,1,'','',[now],[now],[user_id]);
set @menus_admin576 = LAST_INSERT_ID();
INSERT INTO menus_admin (menu_id, site_id, user_id, menu_title, parent_id, menu_linkto, menu_link, menu_basepath, menu_pathparams, menu_order, `alias`, `status`, menu_target, menu_values, iconclass, created_time, modified_time, modified_by) VALUES (null,[site_id],[user_id],'Quản lý nhóm banner',@menus_admin534,1,'/banner/bannergroup','banner/bannergroup','[]',2,'quan-ly-nhom-banner',1,1,'','',[now],[now],[user_id]);
set @menus_admin575 = LAST_INSERT_ID();
INSERT INTO menus_admin (menu_id, site_id, user_id, menu_title, parent_id, menu_linkto, menu_link, menu_basepath, menu_pathparams, menu_order, `alias`, `status`, menu_target, menu_values, iconclass, created_time, modified_time, modified_by) VALUES (null,[site_id],[user_id],'Quản lý album ảnh',0,1,'/media/album','media/album','[]',5,'quan-ly-album-anh',1,1,'','icon-file-image-o',[now],[now],[user_id]);
set @menus_admin535 = LAST_INSERT_ID();
INSERT INTO menus_admin (menu_id, site_id, user_id, menu_title, parent_id, menu_linkto, menu_link, menu_basepath, menu_pathparams, menu_order, `alias`, `status`, menu_target, menu_values, iconclass, created_time, modified_time, modified_by) VALUES (null,[site_id],[user_id],'Quản lý menu',0,1,'/interface/menugroup','interface/menugroup','[]',6,'quan-ly-menu',1,1,'','icon-th-list',[now],[now],[user_id]);
set @menus_admin536 = LAST_INSERT_ID();
INSERT INTO menus_admin (menu_id, site_id, user_id, menu_title, parent_id, menu_linkto, menu_link, menu_basepath, menu_pathparams, menu_order, `alias`, `status`, menu_target, menu_values, iconclass, created_time, modified_time, modified_by) VALUES (null,[site_id],[user_id],'Quản lý Video',0,1,'/media/video','media/video','[]',6,'quan-ly-video',1,1,'','icon-video-camera',[now],[now],[user_id]);
set @menus_admin537 = LAST_INSERT_ID();
INSERT INTO menus_admin (menu_id, site_id, user_id, menu_title, parent_id, menu_linkto, menu_link, menu_basepath, menu_pathparams, menu_order, `alias`, `status`, menu_target, menu_values, iconclass, created_time, modified_time, modified_by) VALUES (null,[site_id],[user_id],'Quản lý tuyển dụng',0,1,'/work/jobs','work/jobs','[]',7,'quan-ly-tuyen-dung',1,1,'','icon-user',[now],[now],[user_id]);
set @menus_admin538 = LAST_INSERT_ID();
INSERT INTO menus_admin (menu_id, site_id, user_id, menu_title, parent_id, menu_linkto, menu_link, menu_basepath, menu_pathparams, menu_order, `alias`, `status`, menu_target, menu_values, iconclass, created_time, modified_time, modified_by) VALUES (null,[site_id],[user_id],'Khách hàng',0,1,'#','','[]',8,'khach-hang',1,1,'','icon-users',[now],[now],[user_id]);
set @menus_admin539 = LAST_INSERT_ID();
INSERT INTO menus_admin (menu_id, site_id, user_id, menu_title, parent_id, menu_linkto, menu_link, menu_basepath, menu_pathparams, menu_order, `alias`, `status`, menu_target, menu_values, iconclass, created_time, modified_time, modified_by) VALUES (null,[site_id],[user_id],'Quản lý đơn hàng',@menus_admin539,1,'/economy/order','economy/order','[]',0,'quan-ly-don-hang',1,1,'','',[now],[now],[user_id]);
set @menus_admin540 = LAST_INSERT_ID();
INSERT INTO menus_admin (menu_id, site_id, user_id, menu_title, parent_id, menu_linkto, menu_link, menu_basepath, menu_pathparams, menu_order, `alias`, `status`, menu_target, menu_values, iconclass, created_time, modified_time, modified_by) VALUES (null,[site_id],[user_id],'Liên hệ',@menus_admin539,1,'/custom/customform/statistic','custom/customform/statistic','[]',1,'lien-he',1,1,'','',[now],[now],[user_id]);
set @menus_admin541 = LAST_INSERT_ID();
INSERT INTO menus_admin (menu_id, site_id, user_id, menu_title, parent_id, menu_linkto, menu_link, menu_basepath, menu_pathparams, menu_order, `alias`, `status`, menu_target, menu_values, iconclass, created_time, modified_time, modified_by) VALUES (null,[site_id],[user_id],'Email đăng ký nhận tin',@menus_admin539,1,'/content/newsletter','content/newsletter','[]',4,'email-dang-ky-nhan-tin',1,1,'','',[now],[now],[user_id]);
set @menus_admin542 = LAST_INSERT_ID();
INSERT INTO menus_admin (menu_id, site_id, user_id, menu_title, parent_id, menu_linkto, menu_link, menu_basepath, menu_pathparams, menu_order, `alias`, `status`, menu_target, menu_values, iconclass, created_time, modified_time, modified_by) VALUES (null,[site_id],[user_id],'Cấu hình website',0,1,'#','','[]',10,'cau-hinh-website',1,1,'','icon-gears',[now],[now],[user_id]);
set @menus_admin543 = LAST_INSERT_ID();
INSERT INTO menus_admin (menu_id, site_id, user_id, menu_title, parent_id, menu_linkto, menu_link, menu_basepath, menu_pathparams, menu_order, `alias`, `status`, menu_target, menu_values, iconclass, created_time, modified_time, modified_by) VALUES (null,[site_id],[user_id],'Thông tin cơ bản',@menus_admin543,1,'/setting/setting','setting/setting','[]',1,'thong-tin-co-ban',1,1,'','',[now],[now],[user_id]);
set @menus_admin544 = LAST_INSERT_ID();
INSERT INTO menus_admin (menu_id, site_id, user_id, menu_title, parent_id, menu_linkto, menu_link, menu_basepath, menu_pathparams, menu_order, `alias`, `status`, menu_target, menu_values, iconclass, created_time, modified_time, modified_by) VALUES (null,[site_id],[user_id],'Thông tin giới thiệu',@menus_admin543,1,'/setting/setting/introduce','setting/setting/introduce','[]',2,'thong-tin-gioi-thieu',1,1,'','',[now],[now],[user_id]);
set @menus_admin545 = LAST_INSERT_ID();
INSERT INTO menus_admin (menu_id, site_id, user_id, menu_title, parent_id, menu_linkto, menu_link, menu_basepath, menu_pathparams, menu_order, `alias`, `status`, menu_target, menu_values, iconclass, created_time, modified_time, modified_by) VALUES (null,[site_id],[user_id],'Thông tin liên hệ',@menus_admin543,1,'/interface/sitesettings/contact','interface/sitesettings/contact','[]',3,'thong-tin-lien-he',1,1,'','',[now],[now],[user_id]);
set @menus_admin546 = LAST_INSERT_ID();
INSERT INTO menus_admin (menu_id, site_id, user_id, menu_title, parent_id, menu_linkto, menu_link, menu_basepath, menu_pathparams, menu_order, `alias`, `status`, menu_target, menu_values, iconclass, created_time, modified_time, modified_by) VALUES (null,[site_id],[user_id],'Cấu hình tên miền',@menus_admin543,1,'/setting/setting/domainsetting','setting/setting/domainsetting','[]',3,'cau-hinh-ten-mien',1,1,'','',[now],[now],[user_id]);
set @menus_admin547 = LAST_INSERT_ID();
INSERT INTO menus_admin (menu_id, site_id, user_id, menu_title, parent_id, menu_linkto, menu_link, menu_basepath, menu_pathparams, menu_order, `alias`, `status`, menu_target, menu_values, iconclass, created_time, modified_time, modified_by) VALUES (null,[site_id],[user_id],'Cài đặt bản đồ',@menus_admin543,1,'/setting/map','setting/map','[]',4,'cai-dat-ban-do',1,1,'','',[now],[now],[user_id]);
set @menus_admin548 = LAST_INSERT_ID();
INSERT INTO menus_admin (menu_id, site_id, user_id, menu_title, parent_id, menu_linkto, menu_link, menu_basepath, menu_pathparams, menu_order, `alias`, `status`, menu_target, menu_values, iconclass, created_time, modified_time, modified_by) VALUES (null,[site_id],[user_id],'Hỗ trợ trực tuyến',@menus_admin543,1,'/setting/support','setting/support','[]',8,'ho-tro-truc-tuyen',1,1,'','',[now],[now],[user_id]);
set @menus_admin577 = LAST_INSERT_ID();
INSERT INTO menus_admin (menu_id, site_id, user_id, menu_title, parent_id, menu_linkto, menu_link, menu_basepath, menu_pathparams, menu_order, `alias`, `status`, menu_target, menu_values, iconclass, created_time, modified_time, modified_by) VALUES (null,[site_id],[user_id],'Thông tin chân trang (footer)',@menus_admin543,1,'/interface/sitesettings/footersetting','interface/sitesettings/footersetting','[]',10,'thong-tin-chan-trang-footer',1,1,'','',[now],[now],[user_id]);
set @menus_admin549 = LAST_INSERT_ID();
INSERT INTO menus_admin (menu_id, site_id, user_id, menu_title, parent_id, menu_linkto, menu_link, menu_basepath, menu_pathparams, menu_order, `alias`, `status`, menu_target, menu_values, iconclass, created_time, modified_time, modified_by) VALUES (null,[site_id],[user_id],'Quản lý nội dung tĩnh',@menus_admin543,1,'/widget/widget/pagewidgetlist','widget/widget/pagewidgetlist','[]',12,'quan-ly-noi-dung-tinh',1,1,'','',[now],[now],[user_id]);
set @menus_admin1363 = LAST_INSERT_ID();
INSERT INTO menus_admin (menu_id, site_id, user_id, menu_title, parent_id, menu_linkto, menu_link, menu_basepath, menu_pathparams, menu_order, `alias`, `status`, menu_target, menu_values, iconclass, created_time, modified_time, modified_by) VALUES (null,[site_id],[user_id],'Giao diện',0,1,'#','','[]',12,'giao-dien',1,1,'','icon-desktop',[now],[now],[user_id]);
set @menus_admin550 = LAST_INSERT_ID();
INSERT INTO menus_admin (menu_id, site_id, user_id, menu_title, parent_id, menu_linkto, menu_link, menu_basepath, menu_pathparams, menu_order, `alias`, `status`, menu_target, menu_values, iconclass, created_time, modified_time, modified_by) VALUES (null,[site_id],[user_id],'Tùy chỉnh CSS',@menus_admin550,1,'/interface/sitesettings/stylecustom','interface/sitesettings/stylecustom','[]',5,'tuy-chinh-css',1,1,'','',[now],[now],[user_id]);
set @menus_admin551 = LAST_INSERT_ID();


INSERT INTO forms (form_id, form_code, form_name, form_description, site_id, `status`, created_time, modified_time, user_id) VALUES (null,'fo_142207332754c31defc73c8','Form liên hệ','form liên hệ',[site_id],1,[now],[now],[user_id]);
set @forms22 = LAST_INSERT_ID();

INSERT INTO form_fields (field_id, form_id, field_key, field_label, field_type, field_options, field_required, `order`, site_id, user_id, `status`) VALUES 
(null,@forms22, 'c21','Tên','text','{\"size\":\"large\"}',1,1,[site_id],[user_id],1),
(null,@forms22, 'c102','Email','email','{\"size\":\"large\"}',1,2,[site_id],[user_id],1),
(null,@forms22, 'c143','Số điện thoại','text','{\"size\":\"large\"}',1,3,[site_id],[user_id],1),
(null,@forms22, 'c184','Chủ đề','text','{\"size\":\"large\"}',1,4,[site_id],[user_id],1),
(null,@forms22, 'c225','Nội dung','paragraph','{\"size\":\"large\"}',1,5,[site_id],[user_id],1),
(null,@forms22, 'c266','Gửi yêu cầu','button','{\"size\":\"large\",\"onclick\":\"\",\"button_type\":\"submitform\"}',0,6,[site_id],[user_id],1);


INSERT INTO page_widgets (page_widget_id, site_id,user_id, widget_title, position, page_key, widget_type, widget_id, created_time, showallpage, worder) VALUES (null,[site_id],[user_id],'Danh mục sản phẩm',1,'introduce/introduce/',1,'categorybox',[now],1,1);
set @page_widgets435 = LAST_INSERT_ID();
INSERT INTO page_widgets (page_widget_id, site_id,user_id, widget_title, position, page_key, widget_type, widget_id, created_time, showallpage, worder) VALUES (null,[site_id],[user_id],'menu chính',3,'introduce/introduce/',1,'menu',[now],1,2);
set @page_widgets436 = LAST_INSERT_ID();
INSERT INTO page_widgets (page_widget_id, site_id,user_id, widget_title, position, page_key, widget_type, widget_id, created_time, showallpage, worder) VALUES (null,[site_id],[user_id],'Sản phẩm mới',5,'introduce/introduce/',1,'productsetnew',[now],0,1);
set @page_widgets437 = LAST_INSERT_ID();
INSERT INTO page_widgets (page_widget_id, site_id,user_id, widget_title, position, page_key, widget_type, widget_id, created_time, showallpage, worder) VALUES (null,[site_id],[user_id],'Sản phẩm bán chạy',5,'introduce/introduce/',1,'productgroup',[now],0,2);
set @page_widgets440 = LAST_INSERT_ID();
INSERT INTO page_widgets (page_widget_id, site_id,user_id, widget_title, position, page_key, widget_type, widget_id, created_time, showallpage, worder) VALUES (null,[site_id],[user_id],'Form liên hệ',5,'site/site/contact',1,'customform',[now],0,1);
set @page_widgets442 = LAST_INSERT_ID();
INSERT INTO page_widgets (page_widget_id, site_id,user_id, widget_title, position, page_key, widget_type, widget_id, created_time, showallpage, worder) VALUES (null,[site_id],[user_id],'Bản đồ đường đi',5,'site/site/contact',1,'map',[now],0,2);
set @page_widgets443 = LAST_INSERT_ID();
INSERT INTO page_widgets (page_widget_id, site_id,user_id, widget_title, position, page_key, widget_type, widget_id, created_time, showallpage, worder) VALUES (null,[site_id],[user_id],'Tin tức',5,'news/news/',1,'newsall',[now],0,2);
set @page_widgets444 = LAST_INSERT_ID();
INSERT INTO page_widgets (page_widget_id, site_id,user_id, widget_title, position, page_key, widget_type, widget_id, created_time, showallpage, worder) VALUES (null,[site_id],[user_id],'Danh mục sản phẩm được chọn hiển thị trang chủ',5,'introduce/introduce/',1,'productcategoryinhome',[now],0,3);
set @page_widgets445 = LAST_INSERT_ID();
INSERT INTO page_widgets (page_widget_id, site_id,user_id, widget_title, position, page_key, widget_type, widget_id, created_time, showallpage, worder) VALUES (null,[site_id],[user_id],'Tin tức khác',5,'news/news/detail',1,'newsrelation',[now],0,3);
set @page_widgets447 = LAST_INSERT_ID();
INSERT INTO page_widgets (page_widget_id, site_id,user_id, widget_title, position, page_key, widget_type, widget_id, created_time, showallpage, worder) VALUES (null,[site_id],[user_id],'Social',5,'news/news/detail',1,'social',[now],0,1);
set @page_widgets448 = LAST_INSERT_ID();
INSERT INTO page_widgets (page_widget_id, site_id,user_id, widget_title, position, page_key, widget_type, widget_id, created_time, showallpage, worder) VALUES (null,[site_id],[user_id],'Sản phẩm cùng chuyên mục',5,'economy/product/detail',1,'productsrelation',[now],0,3);
set @page_widgets449 = LAST_INSERT_ID();
INSERT INTO page_widgets (page_widget_id, site_id,user_id, widget_title, position, page_key, widget_type, widget_id, created_time, showallpage, worder) VALUES (null,[site_id],[user_id],'Social',5,'economy/product/detail',1,'social',[now],0,1);
set @page_widgets450 = LAST_INSERT_ID();
INSERT INTO page_widgets (page_widget_id, site_id,user_id, widget_title, position, page_key, widget_type, widget_id, created_time, showallpage, worder) VALUES (null,[site_id],[user_id],'Bình luận',5,'economy/product/detail',1,'facebookcomment',[now],0,2);
set @page_widgets451 = LAST_INSERT_ID();
INSERT INTO page_widgets (page_widget_id, site_id,user_id, widget_title, position, page_key, widget_type, widget_id, created_time, showallpage, worder) VALUES (null,[site_id],[user_id],'Bình luận',5,'news/news/detail',1,'facebookcomment',[now],0,2);
set @page_widgets452 = LAST_INSERT_ID();
INSERT INTO page_widgets (page_widget_id, site_id,user_id, widget_title, position, page_key, widget_type, widget_id, created_time, showallpage, worder) VALUES (null,[site_id],[user_id],'Giỏ hàng',12,'introduce/introduce/',1,'shoppingcart',[now],1,1);
set @page_widgets453 = LAST_INSERT_ID();
INSERT INTO page_widgets (page_widget_id, site_id,user_id, widget_title, position, page_key, widget_type, widget_id, created_time, showallpage, worder) VALUES (null,[site_id],[user_id],'Tìm kiếm',7,'introduce/introduce/',1,'searchbox',[now],1,1);
set @page_widgets454 = LAST_INSERT_ID();
INSERT INTO page_widgets (page_widget_id, site_id,user_id, widget_title, position, page_key, widget_type, widget_id, created_time, showallpage, worder) VALUES (null,[site_id],[user_id],'phone',13,'introduce/introduce/',1,'html',[now],1,1);
set @page_widgets456 = LAST_INSERT_ID();
INSERT INTO page_widgets (page_widget_id, site_id,user_id, widget_title, position, page_key, widget_type, widget_id, created_time, showallpage, worder) VALUES (null,[site_id],[user_id],'menu dưới',14,'introduce/introduce/',1,'menufooter',[now],1,1);
set @page_widgets457 = LAST_INSERT_ID();
INSERT INTO page_widgets (page_widget_id, site_id,user_id, widget_title, position, page_key, widget_type, widget_id, created_time, showallpage, worder) VALUES (null,[site_id],[user_id],'Facebook',1,'introduce/introduce/',1,'html',[now],1,7);
set @page_widgets459 = LAST_INSERT_ID();
INSERT INTO page_widgets (page_widget_id, site_id,user_id, widget_title, position, page_key, widget_type, widget_id, created_time, showallpage, worder) VALUES (null,[site_id],[user_id],'Video',1,'introduce/introduce/',1,'videonew',[now],0,8);
set @page_widgets480 = LAST_INSERT_ID();
INSERT INTO page_widgets (page_widget_id, site_id,user_id, widget_title, position, page_key, widget_type, widget_id, created_time, showallpage, worder) VALUES (null,[site_id],[user_id],'Banner quang cao',1,'introduce/introduce/',1,'banner',[now],1,10);
set @page_widgets481 = LAST_INSERT_ID();
INSERT INTO page_widgets (page_widget_id, site_id,user_id, widget_title, position, page_key, widget_type, widget_id, created_time, showallpage, worder) VALUES (null,[site_id],[user_id],'Product Category In Home',11,'introduce/introduce/',1,'productcategoryinhome',[now],0,5);
set @page_widgets483 = LAST_INSERT_ID();
INSERT INTO page_widgets (page_widget_id, site_id,user_id, widget_title, position, page_key, widget_type, widget_id, created_time, showallpage, worder) VALUES (null,[site_id],[user_id],'Sản phẩm bán chạy',11,'introduce/introduce/',1,'productgroup',[now],0,4);
set @page_widgets485 = LAST_INSERT_ID();
INSERT INTO page_widgets (page_widget_id, site_id,user_id, widget_title, position, page_key, widget_type, widget_id, created_time, showallpage, worder) VALUES (null,[site_id],[user_id],'Map',16,'introduce/introduce/',1,'map',[now],1,1);
set @page_widgets486 = LAST_INSERT_ID();
INSERT INTO page_widgets (page_widget_id, site_id,user_id, widget_title, position, page_key, widget_type, widget_id, created_time, showallpage, worder) VALUES (null,[site_id],[user_id],'Menu Footer',15,'introduce/introduce/',1,'menufooter',[now],1,1);
set @page_widgets487 = LAST_INSERT_ID();
INSERT INTO page_widgets (page_widget_id, site_id,user_id, widget_title, position, page_key, widget_type, widget_id, created_time, showallpage, worder) VALUES (null,[site_id],[user_id],'Banner Group',41,'introduce/introduce/',1,'bannergroup',[now],0,2);
set @page_widgets489 = LAST_INSERT_ID();
INSERT INTO page_widgets (page_widget_id, site_id,user_id, widget_title, position, page_key, widget_type, widget_id, created_time, showallpage, worder) VALUES (null,[site_id],[user_id],'Hỗ trợ trực tuyến',1,'introduce/introduce/',1,'support',[now],0,4);
set @page_widgets490 = LAST_INSERT_ID();
INSERT INTO page_widgets (page_widget_id, site_id,user_id, widget_title, position, page_key, widget_type, widget_id, created_time, showallpage, worder) VALUES (null,[site_id],[user_id],'Top Header',10,'introduce/introduce/',1,'html',[now],1,2);
set @page_widgets491 = LAST_INSERT_ID();
INSERT INTO page_widgets (page_widget_id, site_id,user_id, widget_title, position, page_key, widget_type, widget_id, created_time, showallpage, worder) VALUES (null,[site_id],[user_id],'VỀ CHÚNG TÔI',3,'introduce/introduce/',1,'html',[now],0,3);
set @page_widgets492 = LAST_INSERT_ID();
INSERT INTO page_widgets (page_widget_id, site_id,user_id, widget_title, position, page_key, widget_type, widget_id, created_time, showallpage, worder) VALUES (null,[site_id],[user_id],'abc',3,'economy/shoppingcart/',1,'html',[now],0,3);
set @page_widgets495 = LAST_INSERT_ID();
INSERT INTO page_widgets (page_widget_id, site_id,user_id, widget_title, position, page_key, widget_type, widget_id, created_time, showallpage, worder) VALUES (null,[site_id],[user_id],'Sản phẩm nổi bật',1,'introduce/introduce/',1,'hotproduct',[now],1,9);
set @page_widgets530 = LAST_INSERT_ID();
INSERT INTO page_widgets (page_widget_id, site_id,user_id, widget_title, position, page_key, widget_type, widget_id, created_time, showallpage, worder) VALUES (null,[site_id],[user_id],'Sản phẩm khuyến mại',11,'introduce/introduce/',1,'productgroup',[now],0,2);
set @page_widgets531 = LAST_INSERT_ID();
INSERT INTO page_widgets (page_widget_id, site_id,user_id, widget_title, position, page_key, widget_type, widget_id, created_time, showallpage, worder) VALUES (null,[site_id],[user_id],'Support Header',31,'introduce/introduce/',1,'support',[now],1,1);
set @page_widgets532 = LAST_INSERT_ID();
INSERT INTO page_widgets (page_widget_id, site_id,user_id, widget_title, position, page_key, widget_type, widget_id, created_time, showallpage, worder) VALUES (null,[site_id],[user_id],'sản phẩm',5,'economy/product/',1,'productall',[now],0,1);
set @page_widgets533 = LAST_INSERT_ID();

INSERT INTO page_widget_config (id, page_widget_id, site_id, user_id, config_data, created_time, modified_time) VALUES (null,@page_widgets435,[site_id],[user_id],'{\"type\":\"product\",\"parent\":0,\"showallpage\":\"1\",\"widget_title\":\"Danh m\\u1ee5c s\\u1ea3n ph\\u1ea9m\",\"show_wiget_title\":\"1\"}',[now],[now]);
INSERT INTO page_widget_config (id, page_widget_id, site_id, user_id, config_data, created_time, modified_time) VALUES (null,@page_widgets436,[site_id],[user_id],CONCAT('{"group_id":',@menu_groups35,',"directfrom":"left","showallpage":"1","widget_title":"menu chính","show_wiget_title":"0"}'),[now],[now]);
INSERT INTO page_widget_config (id, page_widget_id, site_id, user_id, config_data, created_time, modified_time) VALUES (null,@page_widgets437,[site_id],[user_id],'{\"limit\":\"4\",\"showallpage\":\"0\",\"widget_title\":\"S\\u1ea3n ph\\u1ea9m m\\u1edbi\",\"show_wiget_title\":\"1\"}',[now],[now]);
INSERT INTO page_widget_config (id, page_widget_id, site_id, user_id, config_data, created_time, modified_time) VALUES (null,@page_widgets440,[site_id],[user_id],CONCAT('{"limit":"4","group_id":',@product_groups9,',"showallpage":"0","widget_title":"Sản phẩm bán chạy","show_wiget_title":"1"}'),[now],[now]);
INSERT INTO page_widget_config (id, page_widget_id, site_id, user_id, config_data, created_time, modified_time) VALUES (null,@page_widgets442,[site_id],[user_id],CONCAT('{"form_id":',@forms22,',"labelClass":"2","showallpage":"0","widget_title":"Form liên hệ","show_wiget_title":"1"}'),[now],[now]);
INSERT INTO page_widget_config (id, page_widget_id, site_id, user_id, config_data, created_time, modified_time) VALUES (null,@page_widgets443,[site_id],[user_id],'{\"limit\":\"3\",\"showallpage\":\"0\",\"widget_title\":\"B\\u1ea3n \\u0111\\u1ed3 \\u0111\\u01b0\\u1eddng \\u0111i\",\"show_wiget_title\":\"1\"}',[now],[now]);
INSERT INTO page_widget_config (id, page_widget_id, site_id, user_id, config_data, created_time, modified_time) VALUES (null,@page_widgets444,[site_id],[user_id],'{\"limit\":\"10\",\"showallpage\":\"0\",\"widget_title\":\"Tin t\\u1ee9c\",\"show_wiget_title\":\"0\"}',[now],[now]);
INSERT INTO page_widget_config (id, page_widget_id, site_id, user_id, config_data, created_time, modified_time) VALUES (null,@page_widgets445,[site_id],[user_id],'{\"itemslimit\":\"4\",\"limit\":\"3\",\"showallpage\":\"0\",\"widget_title\":\"Danh m\\u1ee5c s\\u1ea3n ph\\u1ea9m \\u0111\\u01b0\\u1ee3c ch\\u1ecdn hi\\u1ec3n th\\u1ecb trang ch\\u1ee7\",\"show_wiget_title\":\"0\"}',[now],[now]);
INSERT INTO page_widget_config (id, page_widget_id, site_id, user_id, config_data, created_time, modified_time) VALUES (null,@page_widgets447,[site_id],[user_id],'{\"limit\":\"3\",\"showallpage\":\"0\",\"widget_title\":\"Tin t\\u1ee9c kh\\u00e1c\",\"show_wiget_title\":\"1\"}',[now],[now]);
INSERT INTO page_widget_config (id, page_widget_id, site_id, user_id, config_data, created_time, modified_time) VALUES (null,@page_widgets448,[site_id],[user_id],'{\"showallpage\":\"0\",\"widget_title\":\"Social\",\"show_wiget_title\":\"0\"}',[now],[now]);
INSERT INTO page_widget_config (id, page_widget_id, site_id, user_id, config_data, created_time, modified_time) VALUES (null,@page_widgets449,[site_id],[user_id],'{\"limit\":\"10\",\"showallpage\":\"0\",\"widget_title\":\"S\\u1ea3n ph\\u1ea9m c\\u00f9ng chuy\\u00ean m\\u1ee5c\",\"show_wiget_title\":\"1\"}',[now],[now]);
INSERT INTO page_widget_config (id, page_widget_id, site_id, user_id, config_data, created_time, modified_time) VALUES (null,@page_widgets450,[site_id],[user_id],'{\"showallpage\":\"0\",\"widget_title\":\"Social\",\"show_wiget_title\":\"0\"}',[now],[now]);
INSERT INTO page_widget_config (id, page_widget_id, site_id, user_id, config_data, created_time, modified_time) VALUES (null,@page_widgets451,[site_id],[user_id],'{\"showallpage\":\"0\",\"widget_title\":\"B\\u00ecnh lu\\u1eadn\",\"show_wiget_title\":\"1\"}',[now],[now]);
INSERT INTO page_widget_config (id, page_widget_id, site_id, user_id, config_data, created_time, modified_time) VALUES (null,@page_widgets452,[site_id],[user_id],'{\"showallpage\":\"0\",\"widget_title\":\"B\\u00ecnh lu\\u1eadn\",\"show_wiget_title\":\"1\"}',[now],[now]);
INSERT INTO page_widget_config (id, page_widget_id, site_id, user_id, config_data, created_time, modified_time) VALUES (null,@page_widgets453,[site_id],[user_id],'{\"showallpage\":\"1\",\"widget_title\":\"Gi\\u1ecf h\\u00e0ng\",\"show_wiget_title\":\"1\"}',[now],[now]);
INSERT INTO page_widget_config (id, page_widget_id, site_id, user_id, config_data, created_time, modified_time) VALUES (null,@page_widgets454,[site_id],[user_id],'{\"showcat\":\"0\",\"showallpage\":\"1\",\"widget_title\":\"T\\u00ecm ki\\u1ebfm\",\"show_wiget_title\":\"0\"}',[now],[now]);
INSERT INTO page_widget_config (id, page_widget_id, site_id, user_id, config_data, created_time, modified_time) VALUES (null,@page_widgets456,[site_id],[user_id],'{\"html\":\"<p>H\\u1ed7 tr\\u1ee3: <span style=\\\"color:red\\\"> 0948.854.888<\\/span><\\/p>\\r\\n\",\"showallpage\":\"1\",\"widget_title\":\"phone\",\"show_wiget_title\":\"0\"}',[now],[now]);
INSERT INTO page_widget_config (id, page_widget_id, site_id, user_id, config_data, created_time, modified_time) VALUES (null,@page_widgets457,[site_id],[user_id],CONCAT('{"group_id":',@menu_groups36,',"rows":"10","cols":"2","showallpage":"1","widget_title":"menu dưới","show_wiget_title":"0"}'),[now],[now]);
INSERT INTO page_widget_config (id, page_widget_id, site_id, user_id, config_data, created_time, modified_time) VALUES (null,@page_widgets459,[site_id],[user_id],'{\"html\":\"<div class=\\\"panel panel-default categorybox\\\">\\r\\n<div class=\\\"panel-heading\\\">\\r\\n<h3>Ch\\u00fang t\\u00f4i tr\\u00ean Facebook<\\/h3>\\r\\n<\\/div>\\r\\n\\r\\n<div class=\\\"panel-body\\\">\\r\\n<div id=\\\"fb-root\\\">&nbsp;<\\/div>\\r\\n<script>(function(d, s, id) {\\r\\n  var js, fjs = d.getElementsByTagName(s)[0];\\r\\n  if (d.getElementById(id)) return;\\r\\n  js = d.createElement(s); js.id = id;\\r\\n  js.src = \\\"\\/\\/connect.facebook.net\\/en_US\\/sdk.js#xfbml=1&version=v2.3&appId=336833589730523\\\";\\r\\n  fjs.parentNode.insertBefore(js, fjs);\\r\\n}(document, \'script\', \'facebook-jssdk\'));<\\/script>\\r\\n\\r\\n<div class=\\\"fb-page\\\" data-hide-cover=\\\"false\\\" data-href=\\\"https:\\/\\/www.facebook.com\\/nanoweb.vn\\\" data-show-facepile=\\\"true\\\" data-show-posts=\\\"false\\\" data-width=\\\"250\\\">\\r\\n<div class=\\\"fb-xfbml-parse-ignore\\\">\\r\\n<blockquote cite=\\\"https:\\/\\/www.facebook.com\\/nanoweb.vn\\\"><a href=\\\"https:\\/\\/www.facebook.com\\/nanoweb.vn\\\">Nanoweb<\\/a><\\/blockquote>\\r\\n<\\/div>\\r\\n<\\/div>\\r\\n<\\/div>\\r\\n<\\/div>\\r\\n\",\"showallpage\":\"1\",\"widget_title\":\"Facebook\",\"show_wiget_title\":\"0\"}',[now],[now]);
INSERT INTO page_widget_config (id, page_widget_id, site_id, user_id, config_data, created_time, modified_time) VALUES (null,@page_widgets480,[site_id],[user_id],'{\"limit\":\"1\",\"showallpage\":\"0\",\"widget_title\":\"Video\",\"show_wiget_title\":\"1\"}',[now],[now]);
INSERT INTO page_widget_config (id, page_widget_id, site_id, user_id, config_data, created_time, modified_time) VALUES (null,@page_widgets481,[site_id],[user_id],CONCAT('{"banner_group_id":',@banner_groups108,',"limit":"10","showallpage":"1","widget_title":"Banner quang cao","show_wiget_title":"0"}'),[now],[now]);
INSERT INTO page_widget_config (id, page_widget_id, site_id, user_id, config_data, created_time, modified_time) VALUES (null,@page_widgets483,[site_id],[user_id],'{\"itemslimit\":\"4\",\"limit\":\"4\",\"showallpage\":\"0\",\"widget_title\":\"Product Category In Home\",\"show_wiget_title\":\"0\"}',[now],[now]);
INSERT INTO page_widget_config (id, page_widget_id, site_id, user_id, config_data, created_time, modified_time) VALUES (null,@page_widgets485,[site_id],[user_id],CONCAT('{"limit":"10","group_id":',@product_groups9,',"showallpage":"0","widget_title":"Sản phẩm bán chạy","show_wiget_title":"1"}'),[now],[now]);
INSERT INTO page_widget_config (id, page_widget_id, site_id, user_id, config_data, created_time, modified_time) VALUES (null,@page_widgets486,[site_id],[user_id],'{\"limit\":\"1\",\"showallpage\":\"1\",\"widget_title\":\"Map\",\"show_wiget_title\":\"0\"}',[now],[now]);
INSERT INTO page_widget_config (id, page_widget_id, site_id, user_id, config_data, created_time, modified_time) VALUES (null,@page_widgets487,[site_id],[user_id],CONCAT('{"group_id":',@menu_groups36,',"rows":"5","cols":"5","showallpage":"1","widget_title":"Menu Footer","show_wiget_title":"0"}'),[now],[now]);
INSERT INTO page_widget_config (id, page_widget_id, site_id, user_id, config_data, created_time, modified_time) VALUES (null,@page_widgets489,[site_id],[user_id],CONCAT('{"banner_group_id":',@banner_groups115,',"timeDelay":"4000","style":"style1","limit":"10","showallpage":"0","widget_title":"Banner Group","show_wiget_title":"0"}'),[now],[now]);
INSERT INTO page_widget_config (id, page_widget_id, site_id, user_id, config_data, created_time, modified_time) VALUES (null,@page_widgets490,[site_id],[user_id],'{\"limit\":\"10\",\"showallpage\":\"0\",\"widget_title\":\"H\\u1ed7 tr\\u1ee3 tr\\u1ef1c tuy\\u1ebfn\",\"show_wiget_title\":\"1\"}',[now],[now]);
INSERT INTO page_widget_config (id, page_widget_id, site_id, user_id, config_data, created_time, modified_time) VALUES (null,@page_widgets491,[site_id],[user_id],'{\"html\":\"<p>N\\u1ed9i Th\\u1ea5t \\u0110\\u1ed3 G\\u1ed7 Holdelux - S\\u1ea3n Xu\\u1ea5t &amp; Cung C\\u1ea5p Gi\\u01b0\\u1eddng Ng\\u1ee7, T\\u1ee7 \\u00c1o, \\u0110\\u1ed3 G\\u1ed7 - GI\\u00c1 T\\u1ed0T NH\\u1ea4T CHO KH\\u00c1CH S\\u1ea0N<\\/p>\\r\\n\",\"showallpage\":\"1\",\"widget_title\":\"Top Header\",\"show_wiget_title\":\"0\"}',[now],[now]);
INSERT INTO page_widget_config (id, page_widget_id, site_id, user_id, config_data, created_time, modified_time) VALUES (null,@page_widgets530,[site_id],[user_id],'{\"limit\":\"5\",\"showallpage\":\"1\",\"widget_title\":\"S\\u1ea3n ph\\u1ea9m n\\u1ed5i b\\u1eadt\",\"show_wiget_title\":\"1\"}',[now],[now]);
INSERT INTO page_widget_config (id, page_widget_id, site_id, user_id, config_data, created_time, modified_time) VALUES (null,@page_widgets531,[site_id],[user_id],CONCAT('{"limit":"8","group_id":',@product_groups10,',"showallpage":"0","widget_title":"Sản phẩm khuyến mại","show_wiget_title":"1"}'),[now],[now]);
INSERT INTO page_widget_config (id, page_widget_id, site_id, user_id, config_data, created_time, modified_time) VALUES (null,@page_widgets532,[site_id],[user_id],'{\"limit\":\"1\",\"showallpage\":\"1\",\"widget_title\":\"Support Header\",\"show_wiget_title\":\"0\"}',[now],[now]);
INSERT INTO page_widget_config (id, page_widget_id, site_id, user_id, config_data, created_time, modified_time) VALUES (null,@page_widgets533,[site_id],[user_id],'{\"limit\":\"20\",\"showallpage\":\"0\",\"widget_title\":\"s\\u1ea3n ph\\u1ea9m\",\"show_wiget_title\":\"0\"}',[now],[now]);

