UPDATE sites SET site_logo='/mediacenter/media/images/152/logo/848_1441016853_14055e42c150c325.png',footercontent='<div class=\"footer-nd\">\r\n<p><strong>Trụ sở chính Hà Nội</strong>:&nbsp;Số 99, Ngõ 52, Phạm Hùng, Mỹ Đình 1, Nam Từ Liêm, Hà Nội<br />\r\nĐiện thoại: 0981.952.950 - 0965.098.053<br />\r\nTel: 04.3787.8923<br />\r\nEmail: ecallvn.sale@gmail.com</p>\r\n\r\n<p><strong>Chi nhánh HCM</strong>:&nbsp;2/2A Lê Thúc Hoạch, P. Phú Thọ Hòa, Q. Tân Phú, TP.HCM<br />\r\nĐiện thoại: 0988.325.358 - 0165.929.8408<br />\r\nTel: 08.6676.5224<br />\r\nEmail: ecallvn.hochiminh@gmail.com</p>\r\n</div>\r\n',contact='<p style=\"color: rgb(51, 51, 51); font-family: sans-serif, Arial, Verdana, \'Trebuchet MS\'; font-size: 13px; font-style: normal; font-variant: normal; font-weight: normal; letter-spacing: normal; line-height: 20.7999992370605px; orphans: auto; text-align: start; text-indent: 0px; text-transform: none; white-space: normal; widows: auto; word-spacing: 0px; -webkit-text-stroke-width: 0px;\">CÔNG TY CỔ PHẦN NĂNG LƯỢNG QUỐC TẾ VIỆT NHẬT<br />\r\nWebsite: www.nangluongfujisolar.com<br />\r\nĐịa chỉ : Đ/c: 859 đường Quang Trung, Hà Đông, Hà Nội<br />\r\nSố Điện Thoại : 0916910930</p>\r\n\r\n<p style=\"color: rgb(51, 51, 51); font-family: sans-serif, Arial, Verdana, \'Trebuchet MS\'; font-size: 13px; font-style: normal; font-variant: normal; font-weight: normal; letter-spacing: normal; line-height: 20.7999992370605px; orphans: auto; text-align: start; text-indent: 0px; text-transform: none; white-space: normal; widows: auto; word-spacing: 0px; -webkit-text-stroke-width: 0px;\"><em>Xin vui lòng điền các yêu cầu vào form dưới đây và gửi cho chúng tôi. Chúng tôi sẽ trả lời bạn ngay sau khi nhận được. Xin chân thành cảm ơn!</em></p>\r\n',admin_default='economy' WHERE site_id=[site_id];

INSERT INTO site_introduces (site_id,user_id, title, sortdesc, description, image_path, image_name, meta_keywords, meta_description, meta_title, created_time, modified_time) VALUES ([site_id],[user_id],'Lịch sử thành lập','','<p>Khánh Minh Fruits là cửa hàng nằm tại các địa điểm rất thuận lợi cho khách hàng trên địa bàn Hà Nội. Bằng nhiều nỗ lực liên tục Khánh Minh Fruits đang trở nên hoàn thiện hơn để đem đến cho khách hàng không chỉ những sản phẩm trái cây nhập khẩu chất lượng hàng đầu trên thị trường mà kèm theo đó là những dịch vụ tiện ích thân thiện.</p>\r\n\r\n<p>&nbsp;</p>\r\n\r\n<p>Tháng 11,12/2011 liên tiếp 2 cửa hàng Klever Fruits khai trương tại 213 Giảng Võ và 23B Phan Đình Phùng. Với khách hàng Hà Nội, Klever Fruits đã trở thành thương hiệu cung cấp trái cây tươi được lựa chọn hàng đầu cho mọi nhu cầu thưởng thức, biếu tặng. Sở hữu quy trình nhập khẩu, vận chuyển và bảo quản chuyên nghiệp với hệ thống kho, xe lạnh, tủ trưng bày tiêu chuẩn quốc tế, Klever Fruits mang đến cho khách hàng những sản phẩm ở chất lượng cao nhất đã được lựa chọn rất khắt khe.&nbsp;</p>\r\n\r\n<p>&nbsp;</p>\r\n\r\n<p>Tháng 10, 11/ 2012 hai cửa hàng Klever Fruits 22 Trần Duy Hưng và số 06 Lý Thường Kiệt ra đời nhằm đáp ứng hơn nữa nhu cầu của khách hàng. Danh mục sản phẩm của Klever Fruits luôn đảm bảo cung cấp hầu hết những sản phẩm trái cây đặc sản khắp thế giới đến với khách hàng theo mùa vụ của chính nước sở tại.</p>\r\n\r\n<p>Ngày càng khẳng định uy tín và thương hiệu số 1 trên thị trường trái cây nhập khẩu, ngày 20/01/2013, Klever Fruits đã khai trương cửa hàng tiếp theo tại 370 Cầu Giấy – Hà Nội. Đây là cửa hàng thứ 8 trong hệ thống Trái cây tươi Klever Fruits.</p>\r\n\r\n<p>&nbsp;Tháng 4/ 2013, Klever Fruits đã khai trương cửa hàng trái cây tươi thứ 9 tại 63 Yên Lãng&nbsp;(ngã tư Yên Lãng - Thái Thịnh). Klever Fruits 63 Yên Lãng&nbsp;đi vào hoạt động với kỳ vọng nâng tầm hơn nữa chất lượng sản phẩm dịch vụ, sự tiện lợi với khách hàng của hệ thống Klever Fruits.</p>\r\n\r\n<p>&nbsp;Tháng 7/2013 Klever Fruits khai trương cửa hàng thứ 10 tại 196 Bà Triệu, đánh dấu thêm một bước trưởng thành nữa của Hệ thống Trái cây tươi Klever Fruits, thương hiệu dẫn đầu về Trái cây nhập khẩu tại Hà Nội.</p>\r\n\r\n<p>&nbsp;Tọa lạc tại một trong những vị trí đẹp nhất ở con phố Bà Triệu, nằm giữa đoạn Trần Nhân Tông và Tuệ Tĩnh, chỉ cách Vincom khoảng 300m, cửa hàng Trái cây tươi Klever Fruits là một địa điểm rất thuận tiện cho các quý khách hàng dừng nhanh để chọn và mua trái cây.</p>\r\n\r\n<p>Tiếp theo hệ thống Klever Fruits khai trương cửa hàng thứ 11 lúc 11h00 ngày 01 tháng 11 năm 2013 tại số 111-B6 Phạm Ngọc Thạch, Trung Tự, Đống Đa, Hà Nội<strong>.&nbsp;</strong>Cửa hàng Klever Fruits trên phố Phạm Ngọc Thạch là khu vực trung tâm thương mại, và giải trí của quận Đống Đa, gần trung tâm giải trí Starbowl, siêu thị UNIMART, nhà hàng Kim Liên, công viên Lê Nin.</p>\r\n\r\n<p>&nbsp;Cũng trong tháng 11/2013 hệ thống Klever Fruits khai trương tiếp cửa hàng thứ 12 tại số 75 đường Tôn Đức Thắng, Đống Đa, Hà Nội. Giờ đây, mạng lưới cửa hàng trái cây Klever Fruits đã gần như phủ kín khu vực nội thành Hà Nội.</p>\r\n\r\n<p>Tiếp theo là cửa hàng thứ 13 trong năm 2013 được khai trương tại 156 Tây Sơn, Đống Đa, Hà Nội. Cửa hàng tọa lạc trên con phố Tây Sơn đông đúc, gần với trung tâm thương mại Parkson và trường Đại học Thủy Lợi. Sự phát triển không ngừng là những nỗ lực “nhìn thấy được” của Klever Fruits trong thời gian qua nhằm mang đến cho khách hàng những sản phẩm trái cây tươi cao cấp mang thương hiệu Klever Fruits.</p>\r\n\r\n<p>&nbsp;Cửa hàng thứ 14 của hệ thống Klever có thương hiệu mới là Danny Klever khai trương vào ngày 19.05.2014 tại 93 Láng Hạ, ở đây có nhiều sản phẩm về thực phẩm khác trong đó có một cấu phần trái cây của Klever Fruits.</p>\r\n\r\n<p>&nbsp;Trên Phố Láng Hạ Klever Fruits đã khai trương cửa hàng thứ 15 tại địa chỉ 12H (106) Láng Hạ với nhiều chương trình khuyến mại hấp dẫn.</p>\r\n\r\n<p>&nbsp;Vào sáng nay ngày 15/12/2014, hệ thống Klever Fruits đã chính thức khai trương cửa hàng thứ 16 của hệ thống tại 98 phố Láng Hạ, phường Láng Hạ, quận Đống Đa, Hà Nội.</p>\r\n\r\n<p>Cửa hàng thứ 16 của Klever Fruits tọa lạc ngay đầu phố Láng Hạ,&nbsp; nằm ngay chân cầu vượt, gần ngã tư&nbsp; đường Lê Văn Lương- Láng. Với vị trí thuận lợi cho quý khách hàng&nbsp; đỗ dừng ô tô, xe máy trên một trong những con phố đẹp và sầm uất nhất của thủ đô Hà Nội, Klever Fruits 98 Láng Hạ xứng đáng với khẩu hiệu Luôn dẫn đầu của Klever Fruits trong thị trường trái cây nhập khẩu.</p>\r\n\r\n<p>Vào 15h chiều ngày 25/12/2014, hệ thống Klever Fruits đã chính thức khai trương cửa hàng mới của hệ thống tại 182 Nguyễn Văn Cừ, phường Bồ Đề, quận Long Biên, Hà Nội.</p>\r\n\r\n<p>&nbsp;Cửa hàng mới này của Klever Fruits tọa lạc ngay đầu phố Nguyễn Văn Cừ, nằm trên tuyến đường hai chiều rộng lớn, lại là tuyến giao thông huyết mạch nối liền với khu phố cổ và các khu đô thị mới, xung quanh là rất nhiều các ngân hàng, rất tiện cho quý khách dừng đỗ ô tô, xe máy. Klever Fruits 182 Nguyễn Văn Cừ mang đến cho khách hàng rất nhiều lựa chọn về trái cây tươi, trái cây khô nhập khẩu cao cấp với chất lượng đẳng cấp không thể so sánh.</p>\r\n\r\n<p>Gần đây nhất, Klever Fruits hân hoan chào mừng sự ra đời của thành viên thứ 18 tại địa chỉ 140 Trần Duy Hưng, Cầu Giấy, Hà Nội.&nbsp;</p>\r\n\r\n<p>Tọa lạc trên vị trí được coi là “đắc địa’ ở số 140 Trần Duy Hưng, Klever Fruits thứ 18 với thiết kế màu tím làm chủ đạo nổi bật giữa con phố sầm uất và thu hút ánh mắt khách hàng. Đây xứng đáng là một trong những cửa hàng đẹp nhất của hệ thống và thêm một lần nữa khẳng định chất lượng dẫn đầu của Klever Fruits trong lĩnh vực nhập khẩu trái cây tươi cao cấp.</p>\r\n\r\n<p>&nbsp;</p>\r\n','','','','','',[now],[now]);

INSERT INTO site_support (site_id,user_id,`data`, created_time, modified_time) VALUES ([site_id],[user_id],'[{\"type\":\"phone\",\"phone\":\"0948 854 888\"},{\"type\":\"skype\",\"nick\":\"nvdung1209\",\"title\":\"\"},{\"type\":\"yahoo\",\"nick\":\"nvdung1209@yahoo.com\",\"title\":\"\"},{\"type\":\"googleplus\",\"link\":\"nvdung1209@gmail.com\",\"title\":\"\"}]',[now],[now]);

INSERT INTO maps (id,site_id, user_id, latlng, `name`, address, email, phone, website, headoffice, `order`, created_time, modified_time) VALUES (null,[site_id],[user_id],'21.007066,105.831931','Công ty Công Nghệ Nanoweb','82 Phạm Ngọc Thạch - Đống Đa - Hà nội','support@web3nhat.com','0948854888','web3nhat.vn',1,0,[now],[now]);


INSERT INTO banner_groups (banner_group_id, banner_group_name, banner_group_description, site_id, user_id, width, height, created_time)  VALUES (null, 'Nhóm banner slide home', '1366x465', '[site_id]', '[user_id]', '1366', '465', '[now]');
set @banner_groups292 = LAST_INSERT_ID();
INSERT INTO banner_groups (banner_group_id, banner_group_name, banner_group_description, site_id, user_id, width, height, created_time)  VALUES (null, 'Banner trang trong bên trái', '250xxx', '[site_id]', '[user_id]', '250', '0', '[now]');
set @banner_groups293 = LAST_INSERT_ID();
INSERT INTO banner_groups (banner_group_id, banner_group_name, banner_group_description, site_id, user_id, width, height, created_time)  VALUES (null, 'Banner quảng cáo full width 2', '1349xxx', '[site_id]', '[user_id]', '1349', '0', '[now]');
set @banner_groups294 = LAST_INSERT_ID();
INSERT INTO banner_groups (banner_group_id, banner_group_name, banner_group_description, site_id, user_id, width, height, created_time)  VALUES (null, 'Banner quảng cáo full with 1', '1349xxxx', '[site_id]', '[user_id]', '1349', '0', '[now]');
set @banner_groups295 = LAST_INSERT_ID();


INSERT INTO banners (banner_id, site_id, banner_group_id, banner_name, banner_description, banner_src, banner_width, banner_height, banner_link, banner_type, banner_order, banner_rules, banner_target, created_time, banner_showall) VALUES (null, [site_id],@banner_groups292, 'Hoa quả tươi sạch','<p>Hoa quả tươi sạch.</p>\r\n\r\n<p>Giá rẻ nhất Hà Nội..........</p>\r\n','/mediacenter/media/files/152/banners/199_1441426743_73555ea6d37dfee1.png',1366,465,'',1,0,'',0,[now],1);
set @banners712 = LAST_INSERT_ID();
INSERT INTO banners (banner_id, site_id, banner_group_id, banner_name, banner_description, banner_src, banner_width, banner_height, banner_link, banner_type, banner_order, banner_rules, banner_target, created_time, banner_showall) VALUES (null, [site_id],@banner_groups292, 'Hoa quả','<p>Hoa quả tươi sạch</p>\r\n','/mediacenter/media/files/152/banners/68_1441424488_81155ea6468a1904.png',1366,465,'',1,0,'',0,[now],1);
set @banners713 = LAST_INSERT_ID();
INSERT INTO banners (banner_id, site_id, banner_group_id, banner_name, banner_description, banner_src, banner_width, banner_height, banner_link, banner_type, banner_order, banner_rules, banner_target, created_time, banner_showall) VALUES (null, [site_id],@banner_groups295, 'Quảng cáo 1','','/mediacenter/media/files/152/banners/719_1441077323_14955e5184b41f9b.jpg',1349,0,'',1,1,'',0,[now],1);
set @banners718 = LAST_INSERT_ID();
INSERT INTO banners (banner_id, site_id, banner_group_id, banner_name, banner_description, banner_src, banner_width, banner_height, banner_link, banner_type, banner_order, banner_rules, banner_target, created_time, banner_showall) VALUES (null, [site_id],@banner_groups294, 'Quảng cáo 2','','/mediacenter/media/files/152/banners/17_1441077341_49155e5185dea046.jpg',1349,0,'',1,0,'',0,[now],1);
set @banners719 = LAST_INSERT_ID();
INSERT INTO banners (banner_id, site_id, banner_group_id, banner_name, banner_description, banner_src, banner_width, banner_height, banner_link, banner_type, banner_order, banner_rules, banner_target, created_time, banner_showall) VALUES (null, [site_id],@banner_groups293, 'Banner left','','/mediacenter/media/files/152/banners/333_1441080272_86555e523d010187.jpg',250,0,'',1,0,'',0,[now],1);
set @banners720 = LAST_INSERT_ID();


INSERT INTO news_categories (cat_id, site_id, user_id, cat_parent, cat_name, `alias`, cat_order, cat_description, cat_countchild, image_path, image_name, `status`, created_time, modified_time, showinhome, meta_keywords, meta_description, meta_title) VALUES (null,[site_id],[user_id],0,'Tin tức','tin-tuc',15,'',0,'','',1,[now], [now],1,'','','');
set @news_categories358 = LAST_INSERT_ID();
INSERT INTO news (news_id, news_category_id, news_title, news_sortdesc, news_desc, `alias`, `status`, meta_keywords, meta_description, site_id, user_id, image_path, image_name, created_time, modified_time, modified_by, news_hot, news_source, poster, publicdate) VALUES (null,@news_categories358,'Chùm ảnh thú vị tại tuần lễ trái cây Canada 2015','Ngày 27/8 vừa qua, Tuần lễ trái cây Canada 2015 đã chính thức diễn ra tại 18 cửa hàng thuộc hệ thống Klever Fruits.','<p>Trong khuôn khổ chương trình, khách hàng sẽ được thưởng thức cherry Canada chất lượng loại 1 với giá ưu đãi 499.000 đồng một kg, táo Ambrosia giá từ 79.000 đồng một kg và cùng các loại việt quất và nam việt quất khô chỉ có tại Klever Fruits với giá ưu đãi lên đến 18%.</p>\r\n\r\n<p>Một điều vô cùng đặc biệt là sự xuất hiện của Ngài Đại sứ Đặc mệnh toàn quyền Canada David Devine đã đến tham dự và nếm thử những sản phẩm đặc trưng của Canada tại đây. Đây là một vinh dự lớn lao và là một sự khích lệ to lớn để Klever Fruits tiếp tục cố gắng và giữ vững vị trí hàng đầu trong lĩnh vực nhập khẩu trái cây tươi cao cấp tại Việt Nam.</p>\r\n\r\n<p><strong>Cùng ngắm nhìn những hình ảnh thú vị trong chương trình vừa qua!</strong></p>\r\n\r\n<p style=\"text-align: center;\"><img alt=\"\" src=\"http://w3ni197.web3nhat.net/data/media/152/files/Tin%20tuc%201.png\" style=\"width: 644px; height: 422px;\" /></p>\r\n\r\n<p align=\"center\"><em>Ngài Đại sứ trầm trồ trước cách bài trí tại cửa hàng …</em></p>\r\n\r\n<p align=\"center\">&nbsp;</p>\r\n\r\n<p align=\"center\"><em><img alt=\"https://fbcdn-sphotos-a-a.akamaihd.net/hphotos-ak-xfp1/v/t1.0-9/11898612_701344696666953_3115534893704691440_n.jpg?oh=c96413b6ec9a8217195ef5162e97f78e&amp;oe=5673BA15&amp;__gda__=1449720220_2ed5f3e0e283af158c83a5e79400d0f9\" height=\"384\" src=\"file:///C:/Users/T420/AppData/Local/Temp/msohtmlclip1/01/clip_image004.jpg\" width=\"575\" /></em></p>\r\n\r\n<p align=\"center\"><em>… và rất hào hứng với những trái cây tươi ngon tại đây.</em></p>\r\n\r\n<p align=\"center\">&nbsp;</p>\r\n\r\n<p align=\"center\"><em><img alt=\"https://fbcdn-sphotos-a-a.akamaihd.net/hphotos-ak-xlf1/v/t1.0-9/11951961_701344743333615_7376803774168686407_n.jpg?oh=6f4b5b7f5595f744efce646b8868db67&amp;oe=56781F41&amp;__gda__=1451113534_8d237492cf968b48b8226462288e824d\" height=\"397\" src=\"file:///C:/Users/T420/AppData/Local/Temp/msohtmlclip1/01/clip_image006.jpg\" width=\"595\" /></em></p>\r\n\r\n<p align=\"center\"><em>Ông Nguyễn Xuân Hải, Giám đốc Hệ thống Klever Fruits phát biểu trước chương trình.</em></p>\r\n\r\n<p align=\"center\">&nbsp;</p>\r\n\r\n<p align=\"center\"><img alt=\"https://scontent-hkg3-1.xx.fbcdn.net/hphotos-xfp1/v/t1.0-9/11899817_701344733333616_2685390639462629317_n.jpg?oh=5b1612dcafa01ab21f9a961f40eb7ae7&amp;oe=567AB489\" height=\"407\" src=\"file:///C:/Users/T420/AppData/Local/Temp/msohtmlclip1/01/clip_image007.jpg\" width=\"610\" /></p>\r\n\r\n<p align=\"center\"><em>Ngài Đại sứ bày tỏ sự cám ơn với những đơn vị nhập khẩu như Klever Fruits đã mang những sản vật nổi tiếng của Canada về đến tay người tiêu dùng Việt Nam.</em></p>\r\n\r\n<p align=\"center\">&nbsp;</p>\r\n\r\n<p align=\"center\"><em><img alt=\"https://scontent-hkg3-1.xx.fbcdn.net/hphotos-xfp1/v/t1.0-9/11951368_701344866666936_7985029959517720079_n.jpg?oh=b50ceeace21f129d82b095b12833b1e5&amp;oe=5636747B\" height=\"393\" src=\"file:///C:/Users/T420/AppData/Local/Temp/msohtmlclip1/01/clip_image009.jpg\" width=\"589\" /></em></p>\r\n\r\n<p align=\"center\"><em>Rượu vang Canada – một sản phẩm cũng vô cùng nổi tiếng&nbsp;</em></p>\r\n\r\n<p align=\"center\">&nbsp;</p>\r\n\r\n<p align=\"center\"><img alt=\"https://scontent-hkg3-1.xx.fbcdn.net/hphotos-xpf1/v/t1.0-9/11903876_701344860000270_1124504554431217857_n.jpg?oh=95ca26041725a571b5c1b7cff4218d1c&amp;oe=567DD859\" height=\"404\" src=\"file:///C:/Users/T420/AppData/Local/Temp/msohtmlclip1/01/clip_image011.jpg\" width=\"605\" /></p>\r\n\r\n<p align=\"center\"><em>Mọi người cùng nâng ly chúc mừng</em></p>\r\n\r\n<p align=\"center\">&nbsp;</p>\r\n\r\n<p align=\"center\"><em><img alt=\"https://fbcdn-sphotos-a-a.akamaihd.net/hphotos-ak-xpf1/v/t1.0-9/11951985_701344863333603_5087874871228613599_n.jpg?oh=ff9c8dbc76207775d5e209b34f3b32e6&amp;oe=5680E1F4&amp;__gda__=1450172830_fd1f9361875b946a087297fc689f548a\" height=\"403\" src=\"file:///C:/Users/T420/AppData/Local/Temp/msohtmlclip1/01/clip_image013.jpg\" width=\"604\" /></em></p>\r\n\r\n<p align=\"center\"><em>Ông Trần Tuấn Anh (ngoài cùng bên trái) - Ủy viên Thương mại ĐSQ Canada cũng tham dự sự kiện hôm nay</em></p>\r\n\r\n<p align=\"center\">&nbsp;</p>\r\n\r\n<p align=\"center\"><em><img alt=\"https://fbcdn-sphotos-a-a.akamaihd.net/hphotos-ak-xpf1/v/t1.0-9/11902509_701344956666927_1291939359643117204_n.jpg?oh=e5f0b260b43e2439cfa2015d37645971&amp;oe=5675A7AD&amp;__gda__=1446481351_1701bf9195f5a00f6a962c3bba6722e3\" height=\"427\" src=\"file:///C:/Users/T420/AppData/Local/Temp/msohtmlclip1/01/clip_image014.jpg\" width=\"536\" /></em></p>\r\n\r\n<p align=\"center\"><em>Đại sứ David Devine tỏ ra thích thú với những trái cherry Canada chất lượng đẳng cấp tại Klever Fruits</em></p>\r\n\r\n<p align=\"center\">&nbsp;</p>\r\n\r\n<p align=\"center\"><em><img alt=\"https://scontent-hkg3-1.xx.fbcdn.net/hphotos-xpf1/v/t1.0-9/11892005_701345193333570_3498067534339995743_n.jpg?oh=c7f533c8106f6da44bc46104e3ccfe35&amp;oe=56379B38\" height=\"427\" src=\"file:///C:/Users/T420/AppData/Local/Temp/msohtmlclip1/01/clip_image015.jpg\" width=\"640\" /></em></p>\r\n\r\n<p align=\"center\">&nbsp;</p>\r\n\r\n<p align=\"center\"><img alt=\"https://scontent-hkg3-1.xx.fbcdn.net/hphotos-xlf1/v/t1.0-9/11952017_701345246666898_3846429454441170757_n.jpg?oh=d6662bf2ebabe5b5d06c3d516a93cf37&amp;oe=56632D6B\" height=\"427\" src=\"file:///C:/Users/T420/AppData/Local/Temp/msohtmlclip1/01/clip_image016.jpg\" width=\"640\" /></p>\r\n\r\n<p align=\"center\"><em>Và những trái táo Ambrosia đặc trưng của ngành công nghiệp táo Canada</em></p>\r\n\r\n<p align=\"center\">&nbsp;</p>\r\n\r\n<p align=\"center\"><em><img alt=\"https://scontent-hkg3-1.xx.fbcdn.net/hphotos-xlp1/v/t1.0-9/11947432_701345336666889_6490278370550770306_n.jpg?oh=c0141cd1a3bed2b1d7a6e1a5e7f1e80a&amp;oe=567B0490\" height=\"427\" src=\"file:///C:/Users/T420/AppData/Local/Temp/msohtmlclip1/01/clip_image017.jpg\" width=\"640\" /></em></p>\r\n\r\n<p align=\"center\"><em>Việt quất khô và nam việt quất khô cũng trong danh sách các sản phẩm được quảng bá trong sự kiện lần này</em></p>\r\n\r\n<p align=\"center\">&nbsp;</p>\r\n\r\n<p align=\"center\"><img alt=\"https://scontent-hkg3-1.xx.fbcdn.net/hphotos-xpf1/v/t1.0-9/11885367_701345393333550_1112424002548832166_n.jpg?oh=115b3a4f1250b7ae6caef7f3537ea668&amp;oe=567F2F1B\" height=\"427\" src=\"file:///C:/Users/T420/AppData/Local/Temp/msohtmlclip1/01/clip_image018.jpg\" width=\"640\" /></p>\r\n\r\n<p align=\"center\"><em>Đại sứ rất hài lòng vì những sản phẩm này được khách hàng Việt Nam ưa chuộng</em></p>\r\n\r\n<p align=\"center\">&nbsp;</p>\r\n\r\n<p align=\"center\"><em><img alt=\"https://fbcdn-sphotos-d-a.akamaihd.net/hphotos-ak-xpt1/v/t1.0-9/11951193_701345470000209_5727016326572104173_n.jpg?oh=7708332787d13907389ef7f83b0273ed&amp;oe=5635CE1C&amp;__gda__=1446523672_79db5eb712ea85d896eea19c21eb4d47\" height=\"427\" src=\"file:///C:/Users/T420/AppData/Local/Temp/msohtmlclip1/01/clip_image019.jpg\" width=\"640\" /></em></p>\r\n\r\n<p align=\"center\"><em>Dầu oliu Cobram Úc cũng thu hút sự chú ý của Đại sứ</em></p>\r\n\r\n<p align=\"center\">&nbsp;</p>\r\n\r\n<p align=\"center\"><img alt=\"https://fbcdn-sphotos-d-a.akamaihd.net/hphotos-ak-xlp1/v/t1.0-9/11959988_701345540000202_2833235044461075077_n.png?oh=9c9b3ce0f2bef530473b1625cc443e08&amp;oe=563B5A41&amp;__gda__=1450527315_5e29143137105d96e9f8d377dfb9394a\" height=\"418\" src=\"file:///C:/Users/T420/AppData/Local/Temp/msohtmlclip1/01/clip_image021.jpg\" width=\"640\" /></p>\r\n\r\n<p>Cuối cùng, Ngài Đại sứ không quên gửi lời chúc mừng hệ thống Klever Fruits nhân dịp 10 năm thành lập và có lời cảm ơn vì những nhà nhập khẩu trái cây tươi như Klever Fruits đã góp phần đưa những sản phẩm cherry Canada, táo Ambrosia cùng những trái cây khô như việt quất, nam việt quất khô ngày càng phổ biển trong các bữa ăn gia đình Việt.</p>\r\n\r\n<p>&nbsp;</p>\r\n','chum-anh-thu-vi-tai-tuan-le-trai-cay-canada-2015',1,'','',[site_id],[user_id],'/media/images/152/news/ava/','419_1441102996_27755e57c942ff93.jpg',[now], [now],[user_id],0,'','',[now]);set @news556 = LAST_INSERT_ID();
INSERT INTO news (news_id, news_category_id, news_title, news_sortdesc, news_desc, `alias`, `status`, meta_keywords, meta_description, site_id, user_id, image_path, image_name, created_time, modified_time, modified_by, news_hot, news_source, poster, publicdate) VALUES (null,@news_categories358,'Cách phân biệt nho đỏ hạt Mỹ và nho đỏ Trung Quốc','Hiện nay trên thị trường hoa quả Trung Quốc đang tràn ngập và đội lốt hàng nhập khẩu cao cấp lừa người tiêu dùng, thu lại lợi nhuận khủng. Đặc biệt là sản phẩm nho đỏ có hạt Trung Quốc được quảng cáo là sản phẩm của Mỹ. Biết được tình trạng nhập nhằng này, Luôn Tươi Sạch đã nhập khẩu một lô nho đỏ có hạt Mỹ chuẩn đáp ứng nhu cầu ngon - bổ - sạch của người Việt.','<p><strong><em>1. &nbsp;Giới thiệu về vùng Coachella</em></strong></p>\r\n\r\n<p>Đây là nho trái mùa của vùng Coachella, CA, United States vùng giáp danh với Mexico. &nbsp;Coachella là một thành phố ở&nbsp;Riverside County, California,&nbsp;nằm cách 28 dặm (45 km) về phía đông của Palm Springs, 72 dặm (116 km) về phía đông của&nbsp;Riverside, và 130 dặm (210 km) về phía đông Los Angeles.</p>\r\n\r\n<p>Nửa phía Đông của thung lũng Coachella là dưới mực nước biển, và độ cao trung bình của khu vực là 68 feet (35 m) dưới mực nước biển.&nbsp;Các&nbsp;biển Salton&nbsp;, một hồ nước mặn nằm khoảng 10 dặm (16 km) Nam của Coachella, nằm ​​227 feet (69 m) dưới mực nước biển.</p>\r\n\r\n<p>Tại đây có khí hậu quanh năm khô nóng, hệ thống tưới tiêu thuận lợi tạo điều kiện cho nho phát triển tốt nhất mà không lo bị sâu bệnh tấn công. Hiện tại trên thị trường Việt Nam chỉ có duy nhất Luôn Tươi Sạch cung cấp sản phẩm nho đỏ có hạt Mỹ đạt chuẩn này</p>\r\n\r\n<p>&nbsp;</p>\r\n\r\n<p><strong><em>2. Cách phân biệt nho đỏ có hạt Mỹ và Trung Quốc</em></strong></p>\r\n\r\n<p>Do có hình dáng bên ngoài khá giống nhau cộng với thói quen mua hàng ngoài chợ nên đa phần các bà nội trợ mua phải nho Trung Quốc chứ không phải nho Mỹ như quảng cáo. Để thêm kiến thức cho các bà, các mẹ hãy cùng Luôn Tươi Sạch học cách phân biệt giữa hai loại nho này</p>\r\n\r\n<p>&nbsp;</p>\r\n\r\n<p align=\"center\"><img alt=\"cách phân biệt nho đỏ hạt mỹ và nho đỏ hạt trung quốc\" height=\"300\" src=\"file:///C:/Users/T420/AppData/Local/Temp/msohtmlclip1/01/clip_image002.jpg\" width=\"450\" /></p>\r\n\r\n<p>&nbsp;</p>\r\n\r\n<p>&nbsp;&nbsp;<strong><em>&nbsp;Hình dáng bên ngoài</em></strong></p>\r\n\r\n<p>Thời gian vận chuyển nho Trung Quốc vào thị trường Việt Nam thường rất ngắn cộng với bảo quản bằng thuốc bảo vệ thực vật nên nho trông rất tươi như vừa hái từ trên cây xuống. Một chùm thường rất to có trọng lượng trung bình từ 1kg – 2kg/ chùm. Các quả trên cùng một chùm to&nbsp; nhỏ không đồng đều với nhau</p>\r\n\r\n<p>Nho đỏ hạt Mỹ được vận chuyển bằng đường biển và bảo quản theo công nghệ CA của Mỹ đã áp dụng trên 50 năm giữ được độ tươi ngon, hàm lượng dinh dưỡng của quả. Trọng lượng trung bình từ . Các quả trên chùm to, tròn và kích cỡ đều nhau</p>\r\n\r\n<p>&nbsp;</p>\r\n\r\n<p>&nbsp;<strong><em>&nbsp;&nbsp;Màu sắc</em></strong></p>\r\n\r\n<p>Nho Trung Quốc để riêng rất khó phân biệt nhưng nếu chú ý sẽ thấy rằng chúng có màu đỏ nhạt, phần vỏ rất dễ bóc và mỏng, có thể nhìn thấy bên trong rất nhiều sọc dọc theo chiều quả. Phần cuống từ quả đến cành mập, ngắn và có màu xanh lá cây tươi, lấy tay ngắt cành rất khó.</p>\r\n\r\n<p>Nho đỏ có hạt Mỹ có màu đỏ đậm, các sọc dọc rất ít và mờ. Phần cuống từ quả đến cành khá mảnh, dài, rất dễ ngắt cành bằng tay không.</p>\r\n\r\n<p align=\"center\"><img alt=\"cách phân biệt nho mỹ và nho trung quốc\" height=\"467\" src=\"file:///C:/Users/T420/AppData/Local/Temp/msohtmlclip1/01/clip_image004.jpg\" width=\"586\" /></p>\r\n\r\n<p>&nbsp;</p>\r\n\r\n<p><strong><em>&nbsp; &nbsp;Phần thịt</em></strong></p>\r\n\r\n<p>Nho Trung Quốc khi bổ đôi thường bị chảy nhiều nước, quả bị óp. Màu thịt sậm như màu hoa quả bị ủng, có nhiều hạt</p>\r\n\r\n<p>Nho hạt Mỹ khi bổ không bị chảy nước, quả rất chắc. Màu thịt bên trong lòng có màu đậm, khu vực gần vỏ có màu sáng hơn, ít hạt.</p>\r\n\r\n<p>&nbsp;</p>\r\n\r\n<p align=\"center\"><img alt=\"cách phân biệt nho mỹ và nho trung quốc\" height=\"329\" src=\"file:///C:/Users/T420/AppData/Local/Temp/msohtmlclip1/01/clip_image006.jpg\" width=\"537\" /></p>\r\n\r\n<p>&nbsp;</p>\r\n\r\n<p>&nbsp; &nbsp;<strong><em>Hương vị</em></strong></p>\r\n\r\n<p>Nho Trung Quốc khi tươi thì đặc ruột nhưng khi mang từ kho lạnh ra ruột thường bở nhã, cắn bị xịt nước, thịt nhạt và phảng phất vị chua, đầu lưỡi cảm thấy hơi bị chát.</p>\r\n\r\n<p>Nho Mỹ ruột chắc dù còn tươi hay đã để trong kho lạnh rồi. Vị ngọt đậm tràn vào đầu lưỡi mang đến cảm giác sảng khoái và tỉnh táo</p>\r\n\r\n<p><strong><em>&nbsp; &nbsp;Giá cả</em></strong></p>\r\n\r\n<p>Theo khảo sát của Luôn Tươi Sạch, giá nho có sự chênh lệch khá lớn. Nho Mỹ chuẩn thường có giả cả cao hơn do chi phí vận chuyển, chất lượng sản phẩm.</p>\r\n\r\n<p>Nho Trung Quốc lại có giá thành khá rẻ thường dao động từ 30.000 đồng – 60.000 đồng/kg do chất lượng không đảm bảo và 100% là nhập lậu chưa được các cơ quan chức năng kiểm nghiệm&nbsp;</p>\r\n\r\n<p>&nbsp;</p>\r\n\r\n<p><strong><em>3. Giới thiệu về chương trình \" ĐƯA NHO MỸ LÊN BÀN ĂN VIỆT\"</em></strong></p>\r\n\r\n<p><strong>- &nbsp;Bắt đầu từ ngày 05/08 - 10/08/2015</strong></p>\r\n\r\n<p><strong>- &nbsp;Mua từ 3kg trở lên giá 88.000 đồng/kg, mua thùng 8kg giá 700.000 đồng/ thùng</strong></p>\r\n\r\n<p>- &nbsp;Mua dưới 3kg giá 109.000 đồng/kg</p>\r\n\r\n<p>- &nbsp;Giá áp dụng tại tất cả các cửa hàng trong hệ thống của Luôn Tươi Sạch, giao hàng miễn phí trong nội thành với những đơn hàng từ 300.000 đồng trở lên</p>\r\n\r\n<p><strong>HỆ THỐNG HOA QUẢ NHẬP KHẨU LUÔN TƯƠI SẠCH</strong></p>\r\n','cach-phan-biet-nho-do-hat-my-va-nho-do-trung-quoc',1,'','',[site_id],[user_id],'/media/images/152/news/ava/','171_1441103207_96055e57d67d52b9.jpg',[now], [now],[user_id],0,'','',[now]);set @news557 = LAST_INSERT_ID();
INSERT INTO news (news_id, news_category_id, news_title, news_sortdesc, news_desc, `alias`, `status`, meta_keywords, meta_description, site_id, user_id, image_path, image_name, created_time, modified_time, modified_by, news_hot, news_source, poster, publicdate) VALUES (null,@news_categories358,'Phân biệt dâu tây Đà Lạt và dâu Trung Quốc','Để phân biệt được hai giống dâu tây này, chị em cần lưu ý những đặc điểm sau:','<p><strong><em>Về hình dạng quả:</em></strong></p>\r\n\r\n<p>- Dâu tây Đà Lạt quả to, quả nhỏ không đồng đều, nhiều hình khối khác nhau, trong đó có loại quả còn hơi dài (giống từ Pháp về).</p>\r\n\r\n<p>- Dâu tây Trung Quốc quả to khá đều nhau, rất đẹp.</p>\r\n\r\n<p><strong><em>Về kích thước quả:</em></strong></p>\r\n\r\n<p>- Quả vừa phải, không quá to trong khi đó dâu tây của Trung Quốc quả to và trội hơn hẳn.</p>\r\n\r\n<p><strong><em>Độ cứng:</em></strong></p>\r\n\r\n<p>- Dâu tây Đà Lạt mềm, vỏ không nhẵn và mịn còn dâu của Trung Quốc quả có độ cứng nhất định, vỏ mịn hơn.</p>\r\n\r\n<p><strong><em>Về màu sắc:</em></strong></p>\r\n\r\n<p>- Dâu tây Trung Quốc&nbsp;có màu sắc rất đỏ thậm như hàng nhuộm. Phần lá phủ trên cuống quả rất mướt, phủ đến hơn 1/3 trái dâu và có màu xanh đậm, và to, phủ lên thân quả khả nhiều.</p>\r\n\r\n<p>- Dâu tây Đà Lạt quả sáng, màu hồng nhạt hoặc hơi đỏ nhưng không đều nhau giữa các quả, phần gần cuống màu hơi trắng. Phần lá phủ trên cuống trái dâu Đà Lạt mỏng, ngắn và có màu xanh nhạt. Có loại dâu tây Đà Lạt được lấy giống từ Pháp về thì quả màu đỏ thậm hơn một chút (nhưng chưa thậm bằng dâu Trung Quốc) xong quả lại hơi dài so với bình thường. Phần lá phủ của giống dâu này rất bé, và nhọn (xem hình bên dưới).</p>\r\n\r\n<p><strong><em>Về mùi vị:</em></strong></p>\r\n\r\n<p>- Quả dâu tây Đà Lạt ăn mềm dai và chua thanh có mùi thơm rất đặc trưng.</p>\r\n\r\n<p>- Dâu Trung Quốc khi ăn sẽ có cảm giác bở rõ rệt, không có vị ngọt và chua, có mùi thơm nhẹ...</p>\r\n\r\n<p><strong><em>Thịt quả:</em></strong></p>\r\n\r\n<p>- Dâu Đà Lạt có phần thịt quả màu đỏ nhạt xen lẫn màu trắng, còn dâu tây Trung Quốc có màu đỏ đậm hơn, phần màu trắng bên trong rất ít.</p>\r\n\r\n<p><strong><em>Về thời gian bảo quản:</em></strong></p>\r\n\r\n<p>- Đặc điểm này dễ phân biệt hơn cả bởi lẽ, dâu Đà Lạt gốc thường không sử dụng loại thuốc bảo quản nào, do đó&nbsp;không thể để được lâu, chỉ dùng trong 2,3 ngày ở nhiệt độ 15 độ C. Còn nắng hanh thì một ngày dâu đã héo cuống và thâm.</p>\r\n\r\n<p>- Trong khi đó thì&nbsp;dâu Trung Quốc để ở điều kiện bình thường (25 - 32 độ) thì 7 - 10 ngày vẫn còn tươi.</p>\r\n\r\n<p>Để cho rõ hơn, chị em có thể quan sát hình ảnh so sánh bên dưới đây nhé:</p>\r\n\r\n<p><img alt=\"Phân biệt dâu tây Đà Lạt và Trung Quốc\" height=\"461\" src=\"file:///C:\\Users\\T420\\AppData\\Local\\Temp\\msohtmlclip1\\01\\clip_image001.jpg\" width=\"500\" /></p>\r\n\r\n<p align=\"center\"><em>Dâu tây Đà Lạt và dâu tây Trung Quốc nhìn bên ngoài (Ảnh: Chi cục bảo vệ thực vật tỉnh Lâm Đồng)</em></p>\r\n\r\n<p><img alt=\"Phân biệt dâu tây Đà Lạt và Trung Quốc\" height=\"465\" src=\"file:///C:\\Users\\T420\\AppData\\Local\\Temp\\msohtmlclip1\\01\\clip_image002.jpg\" width=\"500\" /></p>\r\n\r\n<p align=\"center\"><em>Dâu tây Đà Lạt và dâu tây Trung Quốc cắt lát (Ảnh: Chi cục bảo vệ thực vật tỉnh Lâm Đồng)</em></p>\r\n\r\n<p>Dựa vào những đặc điểm phân biệt trên, chị em hãy lưu ý để khi đi mua dâu tây Đà Lạt cho chuẩn nhé!</p>\r\n','phan-biet-dau-tay-da-lat-va-dau-trung-quoc',1,'','',[site_id],[user_id],'/media/images/152/news/ava/','5_1441102932_84955e57c54f412e.jpg',[now], [now],[user_id],0,'','',[now]);set @news558 = LAST_INSERT_ID();
INSERT INTO news (news_id, news_category_id, news_title, news_sortdesc, news_desc, `alias`, `status`, meta_keywords, meta_description, site_id, user_id, image_path, image_name, created_time, modified_time, modified_by, news_hot, news_source, poster, publicdate) VALUES (null,@news_categories358,'Máy nước nóng năng lượng mặt trời nào tốt ?','Hiện có 2 lọai máy nước nóng năng lượng mặt trời phát triển song hành phổ biến trên thế giới là: Ống thu nhiệt thủy tinh chân không & Tấm thu nhiệt. Mỗi lọai đều có mức chất lượng thấp & cao để đáp ứng nhu cầu từ kinh tế đến cao cấp, từ đó phân thành 4 lọai máy nước nóng năng lượng mặt trời như hiện hành.','<p style=\"margin: 0px; padding: 5px 0px; color: rgb(91, 91, 91); font-family: Tahoma; font-size: 11px; line-height: 20px; text-align: justify;\"><span style=\"font-size: 14px;\">Hiện có 2 lọai máy nước nóng năng lượng mặt trời phát triển song hành&nbsp;phổ biến trên thế giới là:&nbsp;Ống thu nhiệt thủy tinh chân không &amp; Tấm thu nhiệt. Mỗi lọai đều có mức chất lượng thấp &amp; cao để đáp ứng nhu cầu từ kinh tế đến cao cấp, từ đó phân thành 4 lọai máy nước nóng năng lượng mặt trời như hiện hành.</span></p>\r\n\r\n<p style=\"margin: 0px; padding: 5px 0px; color: rgb(91, 91, 91); font-family: Tahoma; font-size: 11px; line-height: 20px; text-align: justify;\">&nbsp;</p>\r\n\r\n<h2 style=\"margin: 0px; padding: 0px; font-size: 11px; font-weight: bold; color: rgb(91, 91, 91); font-family: Tahoma; line-height: 20px; text-align: justify;\"><span style=\"color: rgb(255, 140, 0);\"><span style=\"font-size: 14px;\"><strong>Ưu - khuyết điểm của các loại máy nước nóng năng lượng mặt trời:</strong></span></span></h2>\r\n\r\n<p style=\"margin: 0px; padding: 5px 0px; color: rgb(91, 91, 91); font-family: Tahoma; font-size: 11px; line-height: 20px; text-align: justify;\">&nbsp;</p>\r\n\r\n<h3 style=\"margin: 0px; padding: 0px; font-size: 11px; font-weight: bold; color: rgb(91, 91, 91); font-family: Tahoma; line-height: 20px; text-align: justify;\"><span style=\"color: rgb(0, 128, 0);\"><strong><span style=\"font-size: 14px;\">Loại 1: Ống thủy tinh kinh tế (ECO)</span></strong><span style=\"font-size: 14px;\">:</span></span></h3>\r\n\r\n<p style=\"margin: 0px; padding: 5px 0px; color: rgb(91, 91, 91); font-family: Tahoma; font-size: 11px; line-height: 20px; text-align: justify;\"><span style=\"font-size: 14px;\">Dạng ống thu nhiệt thủy tinh chân không thường sử dụng công nghệ Mỹ. Nhưng phát triển ứng dụng mạnh tại Trung Quốc, Ấn Độ. Một số nhà sản xuất tại Úc, Mỹ, châu Âu về loại này thì thường là loại cao cấp nên giá thành cũng khá cao.</span></p>\r\n\r\n<p style=\"margin: 0px; padding: 5px 0px; color: rgb(91, 91, 91); font-family: Tahoma; font-size: 11px; line-height: 20px; text-align: justify;\"><span style=\"font-size: 14px;\">Ưu điểm chung của dạng ống là: Dễ vận chuyển lắp đặt, Không lóng cặn, Lớp mạ thu nhiệt nằm trong môi trường chân không nên lâu lão hóa.</span></p>\r\n\r\n<p style=\"margin: 0px; padding: 5px 0px; color: rgb(91, 91, 91); font-family: Tahoma; font-size: 11px; line-height: 20px; text-align: justify;\"><span style=\"font-size: 14px;\">Khuyết điểm là va chạm mạnh có thể vỡ ống nhưng dể thay thế.&nbsp;</span></p>\r\n\r\n<p style=\"margin: 0px; padding: 5px 0px; color: rgb(91, 91, 91); font-family: Tahoma; font-size: 11px; line-height: 20px; text-align: justify;\"><span style=\"font-size: 14px;\">Tuổi thọ khỏang 10-15 năm nếu chất lượng sản xuất đạt chuẩn.</span></p>\r\n\r\n<p style=\"margin: 0px; padding: 5px 0px; color: rgb(91, 91, 91); font-family: Tahoma; font-size: 11px; line-height: 20px; text-align: justify;\"><span style=\"font-size: 14px;\">Ống thủy tinh loại kinh tế cũng chia làm 2 loại theo tính năng sử dụng là Áp lực thấp &amp; Áp lực cao. Giá thành loại áp lực cao thì đắt hơn so với loại áp lực thấp, do cấu tạo vật liệu cao cấp và bồn chứa nước nóng dày hơn. Về sử dụng thì loại áp lực cao tiện dụng hơn cho các công trình như biệt thự hay dự án cao cấp đòi hỏi nước phải có áp lực.</span></p>\r\n\r\n<p style=\"margin: 0px; padding: 5px 0px; color: rgb(91, 91, 91); font-family: Tahoma; font-size: 11px; line-height: 20px; text-align: justify;\"><span style=\"font-size: 14px;\">Fujisolar có đủ hai loại này: ECO. SP - áp lực thấp, chuyên dụng cho nhà phố; &nbsp;ECO. HP - áp lực cao đến 6bar, chuyên dụng cho biệt thự.</span></p>\r\n\r\n<p style=\"margin: 0px; padding: 5px 0px; color: rgb(91, 91, 91); font-family: Tahoma; font-size: 11px; line-height: 20px; text-align: justify;\"><span style=\"font-size: 14px;\">Ống thủy tính ngày càng đa dạng như ống lõi đen, phổ biến nhất là ống lõi đỏ, chuyên dùng cho vùng băng tuyết là ống lõi dầu (<em>không khuyến khích sử dụng rộng rãi</em>)</span></p>\r\n','may-nuoc-nong-nang-luong-mat-troi-nao-tot-',1,'','',[site_id],[user_id],'/media/images/81/news/ava/','630_1425009394_27454efeaf23008f.jpg',[now], [now],[user_id],1,'','',[now]);set @news559 = LAST_INSERT_ID();




INSERT INTO product_attribute_set (id, `name`, `code`, sort_order, site_id) VALUES (null,'Nhóm thuộc tính chung','chung',1,[site_id]);
set @product_attribute_set45 = LAST_INSERT_ID();

INSERT INTO product_categories (cat_id, site_id, attribute_set_id, cat_parent, cat_name, `alias`, cat_order, cat_description, cat_countchild, image_path, image_name, `status`, created_time, modified_time, showinhome, meta_keywords, meta_description, icon_path, icon_name) VALUES (null,[site_id],NULL,0,'Hoa quả và Sức khỏe','bang-hien-thi-so',2,'',0,'','',1,[now], [now],1,'','','','');
set @product_categories978 = LAST_INSERT_ID();
INSERT INTO product_categories (cat_id, site_id, attribute_set_id, cat_parent, cat_name, `alias`, cat_order, cat_description, cat_countchild, image_path, image_name, `status`, created_time, modified_time, showinhome, meta_keywords, meta_description, icon_path, icon_name) VALUES (null,[site_id],@product_attribute_set45,0,'Siêu thị Hoa Quả','nut-bam-chuong-goi-phuc-vu',1,'',2,'','',1,[now], [now],1,'','','','');
set @product_categories979 = LAST_INSERT_ID();
INSERT INTO product_categories (cat_id, site_id, attribute_set_id, cat_parent, cat_name, `alias`, cat_order, cat_description, cat_countchild, image_path, image_name, `status`, created_time, modified_time, showinhome, meta_keywords, meta_description, icon_path, icon_name) VALUES (null,[site_id],@product_attribute_set45,0,'Làm đẹp cùng Hoa Quả','bo-khuech-dai',3,'',0,'','',1,[now], [now],0,'','','','');
set @product_categories980 = LAST_INSERT_ID();
INSERT INTO product_categories (cat_id, site_id, attribute_set_id, cat_parent, cat_name, `alias`, cat_order, cat_description, cat_countchild, image_path, image_name, `status`, created_time, modified_time, showinhome, meta_keywords, meta_description, icon_path, icon_name) VALUES (null,[site_id],@product_attribute_set45,0,'Ẩm thực','phu-kien',4,'',0,'','',1,[now], [now],1,'','','','');
set @product_categories981 = LAST_INSERT_ID();
INSERT INTO product_categories (cat_id, site_id, attribute_set_id, cat_parent, cat_name, `alias`, cat_order, cat_description, cat_countchild, image_path, image_name, `status`, created_time, modified_time, showinhome, meta_keywords, meta_description, icon_path, icon_name) VALUES (null,[site_id],NULL,0,'Kiến thức','hoa-qua-mien-nam',5,'',0,'','',1,[now], [now],0,'','','','');
set @product_categories982 = LAST_INSERT_ID();



INSERT INTO product_attribute (`id`, `name`, `code`, `attribute_set_id`, `type`, `frontend_input`, `frontend_label`, `default_value`, `is_configurable`, `is_filterable`, `field_product`, `is_frontend`, `is_system`, `sort_order`,`field_configurable`,`type_option`,`site_id`) VALUES (null,'Xuất xứ','xuat-xu',@product_attribute_set45,'static','select','','',1,1,1,1,1,2,0,0,[site_id]);
set @product_attribute73 = LAST_INSERT_ID();

INSERT INTO product_attribute_option (`id`, `attribute_id`, `index_key`, `sort_order`, `value`,`ext`,`site_id`) VALUES (null,@product_attribute73,315,0,'Nhật bản','',[site_id]);
set @product_attribute_option315 = LAST_INSERT_ID();
UPDATE product_attribute_option SET index_key=id WHERE id=@product_attribute_option315;
INSERT INTO product_attribute_option (`id`, `attribute_id`, `index_key`, `sort_order`, `value`,`ext`,`site_id`) VALUES (null,0,2,0,'123','',[site_id]);
set @product_attribute_option316 = LAST_INSERT_ID();
INSERT INTO product_attribute_option (`id`, `attribute_id`, `index_key`, `sort_order`, `value`,`ext`,`site_id`) VALUES (null,0,3,0,'Sơn hà','',[site_id]);
set @product_attribute_option317 = LAST_INSERT_ID();
INSERT INTO product_attribute_option (`id`, `attribute_id`, `index_key`, `sort_order`, `value`,`ext`,`site_id`) VALUES (null,@product_attribute73,318,0,'Mỹ','',[site_id]);
set @product_attribute_option318 = LAST_INSERT_ID();
UPDATE product_attribute_option SET index_key=id WHERE id=@product_attribute_option318;
INSERT INTO product_attribute_option (`id`, `attribute_id`, `index_key`, `sort_order`, `value`,`ext`,`site_id`) VALUES (null,@product_attribute73,319,0,'Úc','',[site_id]);
set @product_attribute_option319 = LAST_INSERT_ID();
UPDATE product_attribute_option SET index_key=id WHERE id=@product_attribute_option319;

INSERT INTO product (`id`, `attribute_set_id`, `name`, `code`, `alias`, `ishot`, `price`, `price_market`, `price_discount`, `price_discount_percent`, `avatar_id`, `avatar_path`, `avatar_name`, `currency`, `include_vat`, `quantity`, `position`, `product_category_id`, `category_track`, `status`, `state`, `created_user`, `created_time`, `modified_user`, `modified_time`, `site_id`, `meta_keywords`, `meta_description`, `meta_title`, `list_product_relate`, `isnew`, `manufacturer_id`, `cus_field1`, `cus_field2`, `cus_field3`, `cus_field4`, `cus_field5`, `cus_field6`, `cus_field7`, `cus_field8`, `cus_field9`, `cus_field10`, `cus_field11`, `cus_field12`, `cus_field13`, `cus_field14`, `cus_field15`, `cus_field16`, `cus_field17`, `cus_field18`, `cus_field19`, `cus_field20`, `cus_field21`, `cus_field22`, `cus_field23`, `cus_field24`, `cus_field25`, `cus_field26`, `cus_field27`, `cus_field28`, `cus_field29`, `cus_field30`, `cus_field31`, `cus_field32`, `cus_field33`, `cus_field34`, `cus_field35`, `cus_field36`, `cus_field37`, `cus_field38`) VALUES (null,null,'Dưa An Tiêm','AT1','dua-an-tiem',1,28000.00,30000.00,0.00,0,0,'/media/images/products/152/1/','468_1441101333_95955e57615dfa4e.jpg','',0,0,1000,@product_categories979,CONCAT(@product_categories979),1,1,[user_id],[now],[user_id],[now],[site_id],'','','','',1,0,0,0,0,0,0,0,0,0,0,0,0,0,0,0,0,0,0,0,0.0000,0.0000,0.0000,0.0000,0.0000,0.0000,0.0000,0.0000,0,0,0,0,0,0,0,0,0,0,0,0);
set @product864 = LAST_INSERT_ID();
INSERT INTO product (`id`, `attribute_set_id`, `name`, `code`, `alias`, `ishot`, `price`, `price_market`, `price_discount`, `price_discount_percent`, `avatar_id`, `avatar_path`, `avatar_name`, `currency`, `include_vat`, `quantity`, `position`, `product_category_id`, `category_track`, `status`, `state`, `created_user`, `created_time`, `modified_user`, `modified_time`, `site_id`, `meta_keywords`, `meta_description`, `meta_title`, `list_product_relate`, `isnew`, `manufacturer_id`, `cus_field1`, `cus_field2`, `cus_field3`, `cus_field4`, `cus_field5`, `cus_field6`, `cus_field7`, `cus_field8`, `cus_field9`, `cus_field10`, `cus_field11`, `cus_field12`, `cus_field13`, `cus_field14`, `cus_field15`, `cus_field16`, `cus_field17`, `cus_field18`, `cus_field19`, `cus_field20`, `cus_field21`, `cus_field22`, `cus_field23`, `cus_field24`, `cus_field25`, `cus_field26`, `cus_field27`, `cus_field28`, `cus_field29`, `cus_field30`, `cus_field31`, `cus_field32`, `cus_field33`, `cus_field34`, `cus_field35`, `cus_field36`, `cus_field37`, `cus_field38`) VALUES (null,null,'Dưa không hạt','Dua 002','dua-khong-hat',1,23000.00,25000.00,0.00,0,0,'/media/images/products/152/1/','932_1441101629_74955e5773d9448f.jpg','',0,0,1000,@product_categories979,CONCAT(@product_categories979),1,1,[user_id],[now],[user_id],[now],[site_id],'','','','',1,0,0,0,0,0,0,0,0,0,0,0,0,0,0,0,0,0,0,0,0.0000,0.0000,0.0000,0.0000,0.0000,0.0000,0.0000,0.0000,0,0,0,0,0,0,0,0,0,0,0,0);
set @product846 = LAST_INSERT_ID();
INSERT INTO product (`id`, `attribute_set_id`, `name`, `code`, `alias`, `ishot`, `price`, `price_market`, `price_discount`, `price_discount_percent`, `avatar_id`, `avatar_path`, `avatar_name`, `currency`, `include_vat`, `quantity`, `position`, `product_category_id`, `category_track`, `status`, `state`, `created_user`, `created_time`, `modified_user`, `modified_time`, `site_id`, `meta_keywords`, `meta_description`, `meta_title`, `list_product_relate`, `isnew`, `manufacturer_id`, `cus_field1`, `cus_field2`, `cus_field3`, `cus_field4`, `cus_field5`, `cus_field6`, `cus_field7`, `cus_field8`, `cus_field9`, `cus_field10`, `cus_field11`, `cus_field12`, `cus_field13`, `cus_field14`, `cus_field15`, `cus_field16`, `cus_field17`, `cus_field18`, `cus_field19`, `cus_field20`, `cus_field21`, `cus_field22`, `cus_field23`, `cus_field24`, `cus_field25`, `cus_field26`, `cus_field27`, `cus_field28`, `cus_field29`, `cus_field30`, `cus_field31`, `cus_field32`, `cus_field33`, `cus_field34`, `cus_field35`, `cus_field36`, `cus_field37`, `cus_field38`) VALUES (null,null,'Vãi thiều','VT01','vai-thieu',0,120000.00,140000.00,0.00,0,0,'/media/images/products/152/1/','335_1441101835_64355e5780b56591.jpg','',0,0,1000,@product_categories979,CONCAT(@product_categories979),1,1,[user_id],[now],[user_id],[now],[site_id],'','','','',1,0,0,0,0,0,0,0,0,0,0,0,0,0,0,0,0,0,0,0,0.0000,0.0000,0.0000,0.0000,0.0000,0.0000,0.0000,0.0000,0,0,0,0,0,0,0,0,0,0,0,0);
set @product847 = LAST_INSERT_ID();
INSERT INTO product (`id`, `attribute_set_id`, `name`, `code`, `alias`, `ishot`, `price`, `price_market`, `price_discount`, `price_discount_percent`, `avatar_id`, `avatar_path`, `avatar_name`, `currency`, `include_vat`, `quantity`, `position`, `product_category_id`, `category_track`, `status`, `state`, `created_user`, `created_time`, `modified_user`, `modified_time`, `site_id`, `meta_keywords`, `meta_description`, `meta_title`, `list_product_relate`, `isnew`, `manufacturer_id`, `cus_field1`, `cus_field2`, `cus_field3`, `cus_field4`, `cus_field5`, `cus_field6`, `cus_field7`, `cus_field8`, `cus_field9`, `cus_field10`, `cus_field11`, `cus_field12`, `cus_field13`, `cus_field14`, `cus_field15`, `cus_field16`, `cus_field17`, `cus_field18`, `cus_field19`, `cus_field20`, `cus_field21`, `cus_field22`, `cus_field23`, `cus_field24`, `cus_field25`, `cus_field26`, `cus_field27`, `cus_field28`, `cus_field29`, `cus_field30`, `cus_field31`, `cus_field32`, `cus_field33`, `cus_field34`, `cus_field35`, `cus_field36`, `cus_field37`, `cus_field38`) VALUES (null,null,'Đào Hà Nội','Đ01','dao-ha-noi',0,20000.00,25000.00,0.00,0,0,'/media/images/products/152/1/','345_1441102197_79555e57975a9356.jpg','',0,0,1000,@product_categories979,CONCAT(@product_categories979),1,1,[user_id],[now],[user_id],[now],[site_id],'','','','',1,0,0,0,0,0,0,0,0,0,0,0,0,0,0,0,0,0,0,0,0.0000,0.0000,0.0000,0.0000,0.0000,0.0000,0.0000,0.0000,0,0,0,0,0,0,0,0,0,0,0,0);
set @product848 = LAST_INSERT_ID();
INSERT INTO product (`id`, `attribute_set_id`, `name`, `code`, `alias`, `ishot`, `price`, `price_market`, `price_discount`, `price_discount_percent`, `avatar_id`, `avatar_path`, `avatar_name`, `currency`, `include_vat`, `quantity`, `position`, `product_category_id`, `category_track`, `status`, `state`, `created_user`, `created_time`, `modified_user`, `modified_time`, `site_id`, `meta_keywords`, `meta_description`, `meta_title`, `list_product_relate`, `isnew`, `manufacturer_id`, `cus_field1`, `cus_field2`, `cus_field3`, `cus_field4`, `cus_field5`, `cus_field6`, `cus_field7`, `cus_field8`, `cus_field9`, `cus_field10`, `cus_field11`, `cus_field12`, `cus_field13`, `cus_field14`, `cus_field15`, `cus_field16`, `cus_field17`, `cus_field18`, `cus_field19`, `cus_field20`, `cus_field21`, `cus_field22`, `cus_field23`, `cus_field24`, `cus_field25`, `cus_field26`, `cus_field27`, `cus_field28`, `cus_field29`, `cus_field30`, `cus_field31`, `cus_field32`, `cus_field33`, `cus_field34`, `cus_field35`, `cus_field36`, `cus_field37`, `cus_field38`) VALUES (null,null,'Quả Na','','bo-khuech-dai-chuong-goi-phuc-vu-srt-6000',1,15000.00,20000.00,0.00,0,0,'/media/images/products/152/1/','464_1441100502_46955e572d6c10dd.jpg','',0,0,1000,@product_categories979,CONCAT(@product_categories979),1,1,[user_id],[now],[user_id],[now],[site_id],'','','','',1,0,0,0,0,0,0,0,0,0,0,0,0,0,0,0,0,0,0,0,0.0000,0.0000,0.0000,0.0000,0.0000,0.0000,0.0000,0.0000,0,0,0,0,0,0,0,0,0,0,0,0);
set @product849 = LAST_INSERT_ID();
INSERT INTO product (`id`, `attribute_set_id`, `name`, `code`, `alias`, `ishot`, `price`, `price_market`, `price_discount`, `price_discount_percent`, `avatar_id`, `avatar_path`, `avatar_name`, `currency`, `include_vat`, `quantity`, `position`, `product_category_id`, `category_track`, `status`, `state`, `created_user`, `created_time`, `modified_user`, `modified_time`, `site_id`, `meta_keywords`, `meta_description`, `meta_title`, `list_product_relate`, `isnew`, `manufacturer_id`, `cus_field1`, `cus_field2`, `cus_field3`, `cus_field4`, `cus_field5`, `cus_field6`, `cus_field7`, `cus_field8`, `cus_field9`, `cus_field10`, `cus_field11`, `cus_field12`, `cus_field13`, `cus_field14`, `cus_field15`, `cus_field16`, `cus_field17`, `cus_field18`, `cus_field19`, `cus_field20`, `cus_field21`, `cus_field22`, `cus_field23`, `cus_field24`, `cus_field25`, `cus_field26`, `cus_field27`, `cus_field28`, `cus_field29`, `cus_field30`, `cus_field31`, `cus_field32`, `cus_field33`, `cus_field34`, `cus_field35`, `cus_field36`, `cus_field37`, `cus_field38`) VALUES (null,null,'Táo Đỏ Mỹ','004','tao-do-my',1,590000.00,650000.00,0.00,0,0,'/media/images/products/152/1/','129_1441102232_50555e579987c2a0.jpg','',0,0,1000,@product_categories978,CONCAT(@product_categories978),1,1,[user_id],[now],[user_id],[now],[site_id],'','','','',1,0,0,0,0,0,0,0,0,0,0,0,0,0,0,0,0,0,0,0,0.0000,0.0000,0.0000,0.0000,0.0000,0.0000,0.0000,0.0000,0,0,0,0,0,0,0,0,0,0,0,0);
set @product850 = LAST_INSERT_ID();
INSERT INTO product (`id`, `attribute_set_id`, `name`, `code`, `alias`, `ishot`, `price`, `price_market`, `price_discount`, `price_discount_percent`, `avatar_id`, `avatar_path`, `avatar_name`, `currency`, `include_vat`, `quantity`, `position`, `product_category_id`, `category_track`, `status`, `state`, `created_user`, `created_time`, `modified_user`, `modified_time`, `site_id`, `meta_keywords`, `meta_description`, `meta_title`, `list_product_relate`, `isnew`, `manufacturer_id`, `cus_field1`, `cus_field2`, `cus_field3`, `cus_field4`, `cus_field5`, `cus_field6`, `cus_field7`, `cus_field8`, `cus_field9`, `cus_field10`, `cus_field11`, `cus_field12`, `cus_field13`, `cus_field14`, `cus_field15`, `cus_field16`, `cus_field17`, `cus_field18`, `cus_field19`, `cus_field20`, `cus_field21`, `cus_field22`, `cus_field23`, `cus_field24`, `cus_field25`, `cus_field26`, `cus_field27`, `cus_field28`, `cus_field29`, `cus_field30`, `cus_field31`, `cus_field32`, `cus_field33`, `cus_field34`, `cus_field35`, `cus_field36`, `cus_field37`, `cus_field38`) VALUES (null,null,'Xoài Thái Lan','003','xoai-thai-lan',1,55000.00,60000.00,0.00,0,0,'/media/images/products/152/1/','385_1441102403_59255e57a43b2f85.jpg','',0,0,1000,@product_categories978,CONCAT(@product_categories978),1,1,[user_id],[now],[user_id],[now],[site_id],'','','','',1,0,0,0,0,0,0,0,0,0,0,0,0,0,0,0,0,0,0,0,0.0000,0.0000,0.0000,0.0000,0.0000,0.0000,0.0000,0.0000,0,0,0,0,0,0,0,0,0,0,0,0);
set @product851 = LAST_INSERT_ID();
INSERT INTO product (`id`, `attribute_set_id`, `name`, `code`, `alias`, `ishot`, `price`, `price_market`, `price_discount`, `price_discount_percent`, `avatar_id`, `avatar_path`, `avatar_name`, `currency`, `include_vat`, `quantity`, `position`, `product_category_id`, `category_track`, `status`, `state`, `created_user`, `created_time`, `modified_user`, `modified_time`, `site_id`, `meta_keywords`, `meta_description`, `meta_title`, `list_product_relate`, `isnew`, `manufacturer_id`, `cus_field1`, `cus_field2`, `cus_field3`, `cus_field4`, `cus_field5`, `cus_field6`, `cus_field7`, `cus_field8`, `cus_field9`, `cus_field10`, `cus_field11`, `cus_field12`, `cus_field13`, `cus_field14`, `cus_field15`, `cus_field16`, `cus_field17`, `cus_field18`, `cus_field19`, `cus_field20`, `cus_field21`, `cus_field22`, `cus_field23`, `cus_field24`, `cus_field25`, `cus_field26`, `cus_field27`, `cus_field28`, `cus_field29`, `cus_field30`, `cus_field31`, `cus_field32`, `cus_field33`, `cus_field34`, `cus_field35`, `cus_field36`, `cus_field37`, `cus_field38`) VALUES (null,null,'Mận con Lạng Sơn','002','man-con-lang-son',0,44000.00,48000.00,0.00,0,0,'/media/images/products/152/1/','844_1441099268_43855e56e0437b80.jpg','',0,0,1000,@product_categories978,CONCAT(@product_categories978),1,1,[user_id],[now],[user_id],[now],[site_id],'','','','',1,0,0,0,0,0,0,0,0,0,0,0,0,0,0,0,0,0,0,0,0.0000,0.0000,0.0000,0.0000,0.0000,0.0000,0.0000,0.0000,0,0,0,0,0,0,0,0,0,0,0,0);
set @product852 = LAST_INSERT_ID();
INSERT INTO product (`id`, `attribute_set_id`, `name`, `code`, `alias`, `ishot`, `price`, `price_market`, `price_discount`, `price_discount_percent`, `avatar_id`, `avatar_path`, `avatar_name`, `currency`, `include_vat`, `quantity`, `position`, `product_category_id`, `category_track`, `status`, `state`, `created_user`, `created_time`, `modified_user`, `modified_time`, `site_id`, `meta_keywords`, `meta_description`, `meta_title`, `list_product_relate`, `isnew`, `manufacturer_id`, `cus_field1`, `cus_field2`, `cus_field3`, `cus_field4`, `cus_field5`, `cus_field6`, `cus_field7`, `cus_field8`, `cus_field9`, `cus_field10`, `cus_field11`, `cus_field12`, `cus_field13`, `cus_field14`, `cus_field15`, `cus_field16`, `cus_field17`, `cus_field18`, `cus_field19`, `cus_field20`, `cus_field21`, `cus_field22`, `cus_field23`, `cus_field24`, `cus_field25`, `cus_field26`, `cus_field27`, `cus_field28`, `cus_field29`, `cus_field30`, `cus_field31`, `cus_field32`, `cus_field33`, `cus_field34`, `cus_field35`, `cus_field36`, `cus_field37`, `cus_field38`) VALUES (null,null,'Nho Đen','001','nho-den',0,450000.00,550000.00,0.00,0,0,'/media/images/products/152/1/','680_1441099325_75055e56e3dda881.jpg','',0,0,1000,@product_categories978,CONCAT(@product_categories978),1,1,[user_id],[now],[user_id],[now],[site_id],'','','','',1,0,0,0,0,0,0,0,0,0,0,0,0,0,0,0,0,0,0,0,0.0000,0.0000,0.0000,0.0000,0.0000,0.0000,0.0000,0.0000,0,0,0,0,0,0,0,0,0,0,0,0);
set @product853 = LAST_INSERT_ID();
INSERT INTO product (`id`, `attribute_set_id`, `name`, `code`, `alias`, `ishot`, `price`, `price_market`, `price_discount`, `price_discount_percent`, `avatar_id`, `avatar_path`, `avatar_name`, `currency`, `include_vat`, `quantity`, `position`, `product_category_id`, `category_track`, `status`, `state`, `created_user`, `created_time`, `modified_user`, `modified_time`, `site_id`, `meta_keywords`, `meta_description`, `meta_title`, `list_product_relate`, `isnew`, `manufacturer_id`, `cus_field1`, `cus_field2`, `cus_field3`, `cus_field4`, `cus_field5`, `cus_field6`, `cus_field7`, `cus_field8`, `cus_field9`, `cus_field10`, `cus_field11`, `cus_field12`, `cus_field13`, `cus_field14`, `cus_field15`, `cus_field16`, `cus_field17`, `cus_field18`, `cus_field19`, `cus_field20`, `cus_field21`, `cus_field22`, `cus_field23`, `cus_field24`, `cus_field25`, `cus_field26`, `cus_field27`, `cus_field28`, `cus_field29`, `cus_field30`, `cus_field31`, `cus_field32`, `cus_field33`, `cus_field34`, `cus_field35`, `cus_field36`, `cus_field37`, `cus_field38`) VALUES (null,null,'Thanh Long','Y-A3-GJ','thanh-long',1,40000.00,50000.00,0.00,0,0,'/media/images/products/152/1/','819_1441102436_53355e57a648d87f.jpg','',0,0,1000,@product_categories979,CONCAT(@product_categories979),1,1,[user_id],[now],[user_id],[now],[site_id],'','','','',1,0,0,0,0,0,0,0,0,0,0,0,0,0,0,0,0,0,0,0,0.0000,0.0000,0.0000,0.0000,0.0000,0.0000,0.0000,0.0000,0,0,0,0,0,0,0,0,0,0,0,0);
set @product854 = LAST_INSERT_ID();
INSERT INTO product (`id`, `attribute_set_id`, `name`, `code`, `alias`, `ishot`, `price`, `price_market`, `price_discount`, `price_discount_percent`, `avatar_id`, `avatar_path`, `avatar_name`, `currency`, `include_vat`, `quantity`, `position`, `product_category_id`, `category_track`, `status`, `state`, `created_user`, `created_time`, `modified_user`, `modified_time`, `site_id`, `meta_keywords`, `meta_description`, `meta_title`, `list_product_relate`, `isnew`, `manufacturer_id`, `cus_field1`, `cus_field2`, `cus_field3`, `cus_field4`, `cus_field5`, `cus_field6`, `cus_field7`, `cus_field8`, `cus_field9`, `cus_field10`, `cus_field11`, `cus_field12`, `cus_field13`, `cus_field14`, `cus_field15`, `cus_field16`, `cus_field17`, `cus_field18`, `cus_field19`, `cus_field20`, `cus_field21`, `cus_field22`, `cus_field23`, `cus_field24`, `cus_field25`, `cus_field26`, `cus_field27`, `cus_field28`, `cus_field29`, `cus_field30`, `cus_field31`, `cus_field32`, `cus_field33`, `cus_field34`, `cus_field35`, `cus_field36`, `cus_field37`, `cus_field38`) VALUES (null,null,'Mang Cut','','mang-cut',1,50000.00,60000.00,0.00,0,0,'/media/images/products/152/1/','954_1441099423_67355e56e9fcace1.jpg','',0,0,1000,@product_categories980,CONCAT(@product_categories980),1,1,[user_id],[now],[user_id],[now],[site_id],'','','','',1,0,0,0,0,0,0,0,0,0,0,0,0,0,0,0,0,0,0,0,0.0000,0.0000,0.0000,0.0000,0.0000,0.0000,0.0000,0.0000,0,0,0,0,0,0,0,0,0,0,0,0);
set @product855 = LAST_INSERT_ID();

INSERT INTO product_info (product_id, product_sortdesc, product_desc, dynamic_field, meta_title, meta_keywords, meta_description, list_product_relate, site_id) VALUES (@product846,'','<h2 style=\"color: rgb(0, 0, 0); font-size: 12.960000038147px; margin: 0px; padding: 0px; font-family: Tahoma, Arial, Helvetica, sans-serif; line-height: 18.1440010070801px;\"><span style=\"font-size: 16px;\"><span style=\"font-family: arial, helvetica, sans-serif;\"><strong>Thông số&nbsp;</strong></span></span></h2>\r\n','','','','','',[site_id]);
INSERT INTO product_info (product_id, product_sortdesc, product_desc, dynamic_field, meta_title, meta_keywords, meta_description, list_product_relate, site_id) VALUES (@product847,'','','','','','','',[site_id]);
INSERT INTO product_info (product_id, product_sortdesc, product_desc, dynamic_field, meta_title, meta_keywords, meta_description, list_product_relate, site_id) VALUES (@product848,'','','','','','','',[site_id]);
INSERT INTO product_info (product_id, product_sortdesc, product_desc, dynamic_field, meta_title, meta_keywords, meta_description, list_product_relate, site_id) VALUES (@product849,'','','','','','','',[site_id]);
INSERT INTO product_info (product_id, product_sortdesc, product_desc, dynamic_field, meta_title, meta_keywords, meta_description, list_product_relate, site_id) VALUES (@product850,'','','','','','','',[site_id]);
INSERT INTO product_info (product_id, product_sortdesc, product_desc, dynamic_field, meta_title, meta_keywords, meta_description, list_product_relate, site_id) VALUES (@product851,'','','','','','','',[site_id]);
INSERT INTO product_info (product_id, product_sortdesc, product_desc, dynamic_field, meta_title, meta_keywords, meta_description, list_product_relate, site_id) VALUES (@product852,'','','','','','','',[site_id]);
INSERT INTO product_info (product_id, product_sortdesc, product_desc, dynamic_field, meta_title, meta_keywords, meta_description, list_product_relate, site_id) VALUES (@product853,'','','','','','','',[site_id]);
INSERT INTO product_info (product_id, product_sortdesc, product_desc, dynamic_field, meta_title, meta_keywords, meta_description, list_product_relate, site_id) VALUES (@product854,'','','','','','','',[site_id]);
INSERT INTO product_info (product_id, product_sortdesc, product_desc, dynamic_field, meta_title, meta_keywords, meta_description, list_product_relate, site_id) VALUES (@product855,'','','','','','','',[site_id]);
INSERT INTO product_info (product_id, product_sortdesc, product_desc, dynamic_field, meta_title, meta_keywords, meta_description, list_product_relate, site_id) VALUES (@product864,'','','','','','','',[site_id]);

INSERT INTO product_configurable (`product_id`,`attribute1_id`,`attribute2_id`,`site_id`) VALUES (@product846,0,0,[site_id]);
INSERT INTO product_configurable (`product_id`,`attribute1_id`,`attribute2_id`,`site_id`) VALUES (@product847,0,0,[site_id]);
INSERT INTO product_configurable (`product_id`,`attribute1_id`,`attribute2_id`,`site_id`) VALUES (@product848,0,0,[site_id]);
INSERT INTO product_configurable (`product_id`,`attribute1_id`,`attribute2_id`,`site_id`) VALUES (@product849,0,0,[site_id]);
INSERT INTO product_configurable (`product_id`,`attribute1_id`,`attribute2_id`,`site_id`) VALUES (@product853,0,0,[site_id]);
INSERT INTO product_configurable (`product_id`,`attribute1_id`,`attribute2_id`,`site_id`) VALUES (@product854,0,0,[site_id]);
INSERT INTO product_configurable (`product_id`,`attribute1_id`,`attribute2_id`,`site_id`) VALUES (@product855,0,0,[site_id]);
INSERT INTO product_configurable (`product_id`,`attribute1_id`,`attribute2_id`,`site_id`) VALUES (@product864,0,0,[site_id]);

INSERT INTO product_images (img_id, product_id, `name`, `path`, display_name, description, `alias`, site_id, user_id, height, width, created_time, modified_time) VALUES (null,@product852,'844_1441099268_43855e56e0437b80.jpg','/media/images/products/152/1/','Man con Lang Son.jpg','','man-con-lang-sonjpg',[site_id],[user_id],201,250,[now],[now]);
set @product_images1429 = LAST_INSERT_ID();
INSERT INTO product_images (img_id, product_id, `name`, `path`, display_name, description, `alias`, site_id, user_id, height, width, created_time, modified_time) VALUES (null,@product853,'680_1441099325_75055e56e3dda881.jpg','/media/images/products/152/1/','Nho Den.jpg','','nho-denjpg',[site_id],[user_id],155,207,[now],[now]);
set @product_images1430 = LAST_INSERT_ID();
INSERT INTO product_images (img_id, product_id, `name`, `path`, display_name, description, `alias`, site_id, user_id, height, width, created_time, modified_time) VALUES (null,@product855,'954_1441099423_67355e56e9fcace1.jpg','/media/images/products/152/1/','mang cut.jpg','','mang-cutjpg',[site_id],[user_id],194,259,[now],[now]);
set @product_images1432 = LAST_INSERT_ID();
INSERT INTO product_images (img_id, product_id, `name`, `path`, display_name, description, `alias`, site_id, user_id, height, width, created_time, modified_time) VALUES (null,@product849,'464_1441100502_46955e572d6c10dd.jpg','/media/images/products/152/1/','qua-na-481.JPG','','qua-na-481jpg',[site_id],[user_id],1064,1082,[now],[now]);
set @product_images1433 = LAST_INSERT_ID();
INSERT INTO product_images (img_id, product_id, `name`, `path`, display_name, description, `alias`, site_id, user_id, height, width, created_time, modified_time) VALUES (null,@product864,'468_1441101333_95955e57615dfa4e.jpg','/media/images/products/152/1/','Untitled-3.jpg','','untitled-3jpg',[site_id],[user_id],625,625,[now],[now]);
set @product_images1435 = LAST_INSERT_ID();
INSERT INTO product_images (img_id, product_id, `name`, `path`, display_name, description, `alias`, site_id, user_id, height, width, created_time, modified_time) VALUES (null,@product846,'932_1441101629_74955e5773d9448f.jpg','/media/images/products/152/1/','Untitled-4.jpg','','untitled-4jpg',[site_id],[user_id],960,960,[now],[now]);
set @product_images1436 = LAST_INSERT_ID();
INSERT INTO product_images (img_id, product_id, `name`, `path`, display_name, description, `alias`, site_id, user_id, height, width, created_time, modified_time) VALUES (null,@product847,'335_1441101835_64355e5780b56591.jpg','/media/images/products/152/1/','Untitled-5.jpg','','untitled-5jpg',[site_id],[user_id],960,960,[now],[now]);
set @product_images1437 = LAST_INSERT_ID();
INSERT INTO product_images (img_id, product_id, `name`, `path`, display_name, description, `alias`, site_id, user_id, height, width, created_time, modified_time) VALUES (null,@product848,'345_1441102197_79555e57975a9356.jpg','/media/images/products/152/1/','Đào.jpg','','daojpg',[site_id],[user_id],2472,2472,[now],[now]);
set @product_images1438 = LAST_INSERT_ID();
INSERT INTO product_images (img_id, product_id, `name`, `path`, display_name, description, `alias`, site_id, user_id, height, width, created_time, modified_time) VALUES (null,@product850,'129_1441102232_50555e579987c2a0.jpg','/media/images/products/152/1/','Tao-My.jpg','','tao-myjpg',[site_id],[user_id],1192,1192,[now],[now]);
set @product_images1439 = LAST_INSERT_ID();
INSERT INTO product_images (img_id, product_id, `name`, `path`, display_name, description, `alias`, site_id, user_id, height, width, created_time, modified_time) VALUES (null,@product851,'385_1441102403_59255e57a43b2f85.jpg','/media/images/products/152/1/','Xoai-TL.jpg','','xoai-tljpg',[site_id],[user_id],1200,1200,[now],[now]);
set @product_images1440 = LAST_INSERT_ID();
INSERT INTO product_images (img_id, product_id, `name`, `path`, display_name, description, `alias`, site_id, user_id, height, width, created_time, modified_time) VALUES (null,@product854,'819_1441102436_53355e57a648d87f.jpg','/media/images/products/152/1/','Thanh-Long.jpg','','thanh-longjpg',[site_id],[user_id],768,768,[now],[now]);
set @product_images1441 = LAST_INSERT_ID();

UPDATE product SET avatar_id=@product_images1435 WHERE id=@product864;
UPDATE product SET avatar_id=@product_images1436 WHERE id=@product846;
UPDATE product SET avatar_id=@product_images1437 WHERE id=@product847;
UPDATE product SET avatar_id=@product_images1438 WHERE id=@product848;
UPDATE product SET avatar_id=@product_images1433 WHERE id=@product849;
UPDATE product SET avatar_id=@product_images1439 WHERE id=@product850;
UPDATE product SET avatar_id=@product_images1440 WHERE id=@product851;
UPDATE product SET avatar_id=@product_images1429 WHERE id=@product852;
UPDATE product SET avatar_id=@product_images1430 WHERE id=@product853;
UPDATE product SET avatar_id=@product_images1441 WHERE id=@product854;
UPDATE product SET avatar_id=@product_images1432 WHERE id=@product855;


INSERT INTO product_groups (`group_id`, `site_id`, `user_id`, `name`, `description`, `status`, `alias`, `showinhome`, `meta_keywords`, `meta_description`, `meta_title`, `created_time`) VALUES (null,[site_id],[user_id],'Sản phẩm bán chạy','',1,'san-pham-ban-chay',0,'meta_keywords','meta_description','meta_title',[now]);
set @product_groups40 = LAST_INSERT_ID();

INSERT INTO categorypage (id, title, content, site_id, user_id, `alias`, created_time, modified_time, modified_by, meta_keywords, meta_description, meta_title, image_path, image_name) VALUES (null,'Hướng dẫn đặt hàng','<p>Thông tin đang cập nhật ...&nbsp;</p>\r\n',[site_id],[user_id],'huong-dan-dat-hang',[now],[now],[user_id],'','','','','');
set @categorypage190 = LAST_INSERT_ID();
INSERT INTO categorypage (id, title, content, site_id, user_id, `alias`, created_time, modified_time, modified_by, meta_keywords, meta_description, meta_title, image_path, image_name) VALUES (null,'Phương thức vận chuyển','<p><span style=\"line-height: 20.7999992370605px;\">Thông tin đang cập nhật ...&nbsp;</span></p>\r\n',[site_id],[user_id],'phuong-thuc-van-chuyen',[now],[now],[user_id],'','','','','');
set @categorypage191 = LAST_INSERT_ID();
INSERT INTO categorypage (id, title, content, site_id, user_id, `alias`, created_time, modified_time, modified_by, meta_keywords, meta_description, meta_title, image_path, image_name) VALUES (null,'Chính sách đổi trả','<p><span style=\"line-height: 20.7999992370605px;\">Thông tin đang cập nhật ...&nbsp;</span></p>\r\n',[site_id],[user_id],'chinh-sach-doi-tra',[now],[now],[user_id],'','','','','');
set @categorypage192 = LAST_INSERT_ID();
INSERT INTO categorypage (id, title, content, site_id, user_id, `alias`, created_time, modified_time, modified_by, meta_keywords, meta_description, meta_title, image_path, image_name) VALUES (null,'Các câu hỏi thường gặp','<p><span style=\"line-height: 20.7999992370605px;\">Thông tin đang cập nhật ...&nbsp;</span></p>\r\n',[site_id],[user_id],'cac-cau-hoi-thuong-gap',[now],[now],[user_id],'','','','','');
set @categorypage193 = LAST_INSERT_ID();
INSERT INTO categorypage (id, title, content, site_id, user_id, `alias`, created_time, modified_time, modified_by, meta_keywords, meta_description, meta_title, image_path, image_name) VALUES (null,'Giải pháp Casino','<p>Giải pháp Casino</p>\r\n',[site_id],[user_id],'giai-phap-casino',[now],[now],[user_id],'','','','','');
set @categorypage194 = LAST_INSERT_ID();
INSERT INTO categorypage (id, title, content, site_id, user_id, `alias`, created_time, modified_time, modified_by, meta_keywords, meta_description, meta_title, image_path, image_name) VALUES (null,'Bãi đỗ xe','<p><span style=\"color: rgb(57, 57, 57); font-family: tahoma; font-size: 14px; line-height: 20px;\">Bãi đỗ xe</span></p>\r\n',[site_id],[user_id],'bai-do-xe',[now],[now],[user_id],'','','','','');
set @categorypage195 = LAST_INSERT_ID();
INSERT INTO categorypage (id, title, content, site_id, user_id, `alias`, created_time, modified_time, modified_by, meta_keywords, meta_description, meta_title, image_path, image_name) VALUES (null,'Gọi khách chờ','<p><span style=\"color: rgb(57, 57, 57); font-family: tahoma; font-size: 14px; line-height: 20px;\">Gọi khách chờ</span></p>\r\n',[site_id],[user_id],'goi-khach-cho',[now],[now],[user_id],'','','','','');
set @categorypage196 = LAST_INSERT_ID();
INSERT INTO categorypage (id, title, content, site_id, user_id, `alias`, created_time, modified_time, modified_by, meta_keywords, meta_description, meta_title, image_path, image_name) VALUES (null,'Quán cafe','<p><span style=\"color: rgb(57, 57, 57); font-family: tahoma; font-size: 14px; line-height: 20px;\">Quán cafe</span></p>\r\n',[site_id],[user_id],'quan-cafe',[now],[now],[user_id],'','','','','');
set @categorypage197 = LAST_INSERT_ID();
INSERT INTO categorypage (id, title, content, site_id, user_id, `alias`, created_time, modified_time, modified_by, meta_keywords, meta_description, meta_title, image_path, image_name) VALUES (null,'Nhà hàng','<p><span style=\"color: rgb(57, 57, 57); font-family: tahoma; font-size: 14px; line-height: 20px;\">Nhà hàng</span></p>\r\n',[site_id],[user_id],'nha-hang',[now],[now],[user_id],'','','','','');
set @categorypage198 = LAST_INSERT_ID();
INSERT INTO categorypage (id, title, content, site_id, user_id, `alias`, created_time, modified_time, modified_by, meta_keywords, meta_description, meta_title, image_path, image_name) VALUES (null,'Nhà máy','<p><span style=\"color: rgb(57, 57, 57); font-family: tahoma; font-size: 14px; line-height: 20px;\">Nhà máy</span></p>\r\n',[site_id],[user_id],'nha-may',[now],[now],[user_id],'','','','','');
set @categorypage199 = LAST_INSERT_ID();


INSERT INTO videos (video_id, site_id, user_id, video_title, video_description, video_link, video_embed, video_height, video_width, video_prominent, `status`, avatar_path, avatar_name, `alias`, `order`, meta_keywords, meta_description, created_time, modified_time) VALUES (null,[site_id],[user_id],'Quy Trinh- Ban hang da cap thuc pham chuc nang.mp4','','https://www.youtube.com/watch?v=GGptGey6axg','http://www.youtube.com/embed/GGptGey6axg',344,459,1,1,'/media/images/99/video/','745_1429254058_5285530afaa7afad.jpg','quy-trinh--ban-hang-da-cap-thuc-pham-chuc-nangmp4',1,'','',[now],[now]);
set @videos182 = LAST_INSERT_ID();
INSERT INTO videos (video_id, site_id, user_id, video_title, video_description, video_link, video_embed, video_height, video_width, video_prominent, `status`, avatar_path, avatar_name, `alias`, `order`, meta_keywords, meta_description, created_time, modified_time) VALUES (null,[site_id],[user_id],'Sản xuất TVC Quảng Cáo - Đồ Gia Dụng Goldsun','','https://www.youtube.com/watch?v=_CH_xwPal6s','http://www.youtube.com/embed/_CH_xwPal6s',270,480,0,1,'/media/images/81/video/','346_1427371700_6085513f6b4cc19c.jpg','san-xuat-tvc-quang-cao---do-gia-dung-goldsun',1,'','',[now],[now]);
set @videos183 = LAST_INSERT_ID();
INSERT INTO videos (video_id, site_id, user_id, video_title, video_description, video_link, video_embed, video_height, video_width, video_prominent, `status`, avatar_path, avatar_name, `alias`, `order`, meta_keywords, meta_description, created_time, modified_time) VALUES (null,[site_id],[user_id],'Tự tạo máy phát điện 40W thủ công từ đồ gia dụng','','https://www.youtube.com/watch?v=_WRXblF-dv0','http://www.youtube.com/embed/_WRXblF-dv0',270,480,0,1,'/media/images/81/video/','333_1427371675_6115513f69b0a35c.jpg','tu-tao-may-phat-dien-40w-thu-cong-tu-do-gia-dung',1,'','',[now],[now]);
set @videos184 = LAST_INSERT_ID();
INSERT INTO videos (video_id, site_id, user_id, video_title, video_description, video_link, video_embed, video_height, video_width, video_prominent, `status`, avatar_path, avatar_name, `alias`, `order`, meta_keywords, meta_description, created_time, modified_time) VALUES (null,[site_id],[user_id],'Máy lọc nước Kangaroo 8 cấp lọc','','https://www.youtube.com/watch?v=BFkhrftDD2k','http://www.youtube.com/embed/BFkhrftDD2k',270,480,0,1,'/media/images/81/video/','722_1427370865_9155513f371d9a64.jpg','may-loc-nuoc-kangaroo-8-cap-loc',1,'','',[now],[now]);
set @videos185 = LAST_INSERT_ID();


INSERT INTO jobs (id, user_id, site_id, `position`, degree, trade_id, typeofwork, location, quantity, salaryrange, currency, salary_min, salary_max, description, experience, `level`, includes, requirement, benefit, expirydate, publicdate, created_time, modified_time, `alias`, contact_username, contact_email, contact_phone, contact_address,image_path,image_name) VALUES (null,[user_id],[site_id],'Tuyển nhân viên kinh doanh tháng 10',2,26,1,'01',5,2,1,0,0,'<p><span style=\"font-family: Roboto, Arial, Helvetica, sans-serif; line-height: 18.5714282989502px;\">- Tìm kiếm khách hàng tư vấn, cung cấp giải pháp cần thiết lập 1 website cho doanh nghiệp.</span><br style=\"box-sizing: border-box; margin: 0px; padding: 0px; font-family: Roboto, Arial, Helvetica, sans-serif; line-height: 18.5714282989502px;\" />\r\n<span style=\"font-family: Roboto, Arial, Helvetica, sans-serif; line-height: 18.5714282989502px;\">- Gặp gỡ trực tiếp để tư vấn, thuyết phục, đàm phán với khách hàng</span><br style=\"box-sizing: border-box; margin: 0px; padding: 0px; font-family: Roboto, Arial, Helvetica, sans-serif; line-height: 18.5714282989502px;\" />\r\n<span style=\"font-family: Roboto, Arial, Helvetica, sans-serif; line-height: 18.5714282989502px;\">- Lên dự thảo web sau khi khách hàng cơ bản đã đồng ý ký hợp đồng.</span><br style=\"box-sizing: border-box; margin: 0px; padding: 0px; font-family: Roboto, Arial, Helvetica, sans-serif; line-height: 18.5714282989502px;\" />\r\n<span style=\"font-family: Roboto, Arial, Helvetica, sans-serif; line-height: 18.5714282989502px;\">- Ký hợp đồng với khách hàng và tiếp nhận những phản hồi về sản phẩm của khách hàng.</span><br style=\"box-sizing: border-box; margin: 0px; padding: 0px; font-family: Roboto, Arial, Helvetica, sans-serif; line-height: 18.5714282989502px;\" />\r\n<span style=\"font-family: Roboto, Arial, Helvetica, sans-serif; line-height: 18.5714282989502px;\">- Lập kế hoạch công việc cụ thể, mục tiêu phấn đấu gửi cho bộ phận quản lý</span><br style=\"box-sizing: border-box; margin: 0px; padding: 0px; font-family: Roboto, Arial, Helvetica, sans-serif; line-height: 18.5714282989502px;\" />\r\n<span style=\"font-family: Roboto, Arial, Helvetica, sans-serif; line-height: 18.5714282989502px;\">- Lập đề án hướng dẫn cho khách hàng để thu hút khách hàng.</span></p>\r\n',0,1,'<p><span style=\"font-family: Roboto, Arial, Helvetica, sans-serif; line-height: 18.5714282989502px;\">- Tìm kiếm khách hàng tư vấn, cung cấp giải pháp cần thiết lập 1 website cho doanh nghiệp.</span><br style=\"box-sizing: border-box; margin: 0px; padding: 0px; font-family: Roboto, Arial, Helvetica, sans-serif; line-height: 18.5714282989502px;\" />\r\n<span style=\"font-family: Roboto, Arial, Helvetica, sans-serif; line-height: 18.5714282989502px;\">- Gặp gỡ trực tiếp để tư vấn, thuyết phục, đàm phán với khách hàng</span><br style=\"box-sizing: border-box; margin: 0px; padding: 0px; font-family: Roboto, Arial, Helvetica, sans-serif; line-height: 18.5714282989502px;\" />\r\n<span style=\"font-family: Roboto, Arial, Helvetica, sans-serif; line-height: 18.5714282989502px;\">- Lên dự thảo web sau khi khách hàng cơ bản đã đồng ý ký hợp đồng.</span><br style=\"box-sizing: border-box; margin: 0px; padding: 0px; font-family: Roboto, Arial, Helvetica, sans-serif; line-height: 18.5714282989502px;\" />\r\n<span style=\"font-family: Roboto, Arial, Helvetica, sans-serif; line-height: 18.5714282989502px;\">- Ký hợp đồng với khách hàng và tiếp nhận những phản hồi về sản phẩm của khách hàng.</span><br style=\"box-sizing: border-box; margin: 0px; padding: 0px; font-family: Roboto, Arial, Helvetica, sans-serif; line-height: 18.5714282989502px;\" />\r\n<span style=\"font-family: Roboto, Arial, Helvetica, sans-serif; line-height: 18.5714282989502px;\">- Lập kế hoạch công việc cụ thể, mục tiêu phấn đấu gửi cho bộ phận quản lý</span><br style=\"box-sizing: border-box; margin: 0px; padding: 0px; font-family: Roboto, Arial, Helvetica, sans-serif; line-height: 18.5714282989502px;\" />\r\n<span style=\"font-family: Roboto, Arial, Helvetica, sans-serif; line-height: 18.5714282989502px;\">- Lập đề án hướng dẫn cho khách hàng để thu hút khách hàng.</span></p>\r\n','<p><span style=\"font-family: Roboto, Arial, Helvetica, sans-serif; line-height: 18.5714282989502px;\">- Tìm kiếm khách hàng tư vấn, cung cấp giải pháp cần thiết lập 1 website cho doanh nghiệp.</span><br style=\"box-sizing: border-box; margin: 0px; padding: 0px; font-family: Roboto, Arial, Helvetica, sans-serif; line-height: 18.5714282989502px;\" />\r\n<span style=\"font-family: Roboto, Arial, Helvetica, sans-serif; line-height: 18.5714282989502px;\">- Gặp gỡ trực tiếp để tư vấn, thuyết phục, đàm phán với khách hàng</span><br style=\"box-sizing: border-box; margin: 0px; padding: 0px; font-family: Roboto, Arial, Helvetica, sans-serif; line-height: 18.5714282989502px;\" />\r\n<span style=\"font-family: Roboto, Arial, Helvetica, sans-serif; line-height: 18.5714282989502px;\">- Lên dự thảo web sau khi khách hàng cơ bản đã đồng ý ký hợp đồng.</span><br style=\"box-sizing: border-box; margin: 0px; padding: 0px; font-family: Roboto, Arial, Helvetica, sans-serif; line-height: 18.5714282989502px;\" />\r\n<span style=\"font-family: Roboto, Arial, Helvetica, sans-serif; line-height: 18.5714282989502px;\">- Ký hợp đồng với khách hàng và tiếp nhận những phản hồi về sản phẩm của khách hàng.</span><br style=\"box-sizing: border-box; margin: 0px; padding: 0px; font-family: Roboto, Arial, Helvetica, sans-serif; line-height: 18.5714282989502px;\" />\r\n<span style=\"font-family: Roboto, Arial, Helvetica, sans-serif; line-height: 18.5714282989502px;\">- Lập kế hoạch công việc cụ thể, mục tiêu phấn đấu gửi cho bộ phận quản lý</span><br style=\"box-sizing: border-box; margin: 0px; padding: 0px; font-family: Roboto, Arial, Helvetica, sans-serif; line-height: 18.5714282989502px;\" />\r\n<span style=\"font-family: Roboto, Arial, Helvetica, sans-serif; line-height: 18.5714282989502px;\">- Lập đề án hướng dẫn cho khách hàng để thu hút khách hàng.</span></p>\r\n','<p><span style=\"font-family: Roboto, Arial, Helvetica, sans-serif; line-height: 18.5714282989502px;\">- Tìm kiếm khách hàng tư vấn, cung cấp giải pháp cần thiết lập 1 website cho doanh nghiệp.</span><br style=\"box-sizing: border-box; margin: 0px; padding: 0px; font-family: Roboto, Arial, Helvetica, sans-serif; line-height: 18.5714282989502px;\" />\r\n<span style=\"font-family: Roboto, Arial, Helvetica, sans-serif; line-height: 18.5714282989502px;\">- Gặp gỡ trực tiếp để tư vấn, thuyết phục, đàm phán với khách hàng</span><br style=\"box-sizing: border-box; margin: 0px; padding: 0px; font-family: Roboto, Arial, Helvetica, sans-serif; line-height: 18.5714282989502px;\" />\r\n<span style=\"font-family: Roboto, Arial, Helvetica, sans-serif; line-height: 18.5714282989502px;\">- Lên dự thảo web sau khi khách hàng cơ bản đã đồng ý ký hợp đồng.</span><br style=\"box-sizing: border-box; margin: 0px; padding: 0px; font-family: Roboto, Arial, Helvetica, sans-serif; line-height: 18.5714282989502px;\" />\r\n<span style=\"font-family: Roboto, Arial, Helvetica, sans-serif; line-height: 18.5714282989502px;\">- Ký hợp đồng với khách hàng và tiếp nhận những phản hồi về sản phẩm của khách hàng.</span><br style=\"box-sizing: border-box; margin: 0px; padding: 0px; font-family: Roboto, Arial, Helvetica, sans-serif; line-height: 18.5714282989502px;\" />\r\n<span style=\"font-family: Roboto, Arial, Helvetica, sans-serif; line-height: 18.5714282989502px;\">- Lập kế hoạch công việc cụ thể, mục tiêu phấn đấu gửi cho bộ phận quản lý</span><br style=\"box-sizing: border-box; margin: 0px; padding: 0px; font-family: Roboto, Arial, Helvetica, sans-serif; line-height: 18.5714282989502px;\" />\r\n<span style=\"font-family: Roboto, Arial, Helvetica, sans-serif; line-height: 18.5714282989502px;\">- Lập đề án hướng dẫn cho khách hàng để thu hút khách hàng.</span></p>\r\n',1427734800,1427371539,[now],[now],'tuyen-nhan-vien-kinh-doanh-thang-10','A. Dũng','buithanhdung@gmail.com','0948854888','Phòng 211 - Nhà G1 - Số 79 - Ngõ 82 - Phạm Ngọc Thạch - Đống Đa - Hà Nội','/media/images/99/jobs/','768_1429246160_608553090d0770f4.jpg');
set @jobs26900 = LAST_INSERT_ID();
INSERT INTO jobs (id, user_id, site_id, `position`, degree, trade_id, typeofwork, location, quantity, salaryrange, currency, salary_min, salary_max, description, experience, `level`, includes, requirement, benefit, expirydate, publicdate, created_time, modified_time, `alias`, contact_username, contact_email, contact_phone, contact_address,image_path,image_name) VALUES (null,[user_id],[site_id],'Tuyển nhân viên kinh doanh thiết kế website',2,51,1,'01',5,3,1,4000000,10000000,'<p><span style=\"font-family: Roboto, Arial, Helvetica, sans-serif; line-height: 18.5714282989502px;\">- Tìm kiếm khách hàng tư vấn, cung cấp giải pháp cần thiết lập 1 website cho doanh nghiệp.</span><br style=\"box-sizing: border-box; margin: 0px; padding: 0px; font-family: Roboto, Arial, Helvetica, sans-serif; line-height: 18.5714282989502px;\" />\r\n<span style=\"font-family: Roboto, Arial, Helvetica, sans-serif; line-height: 18.5714282989502px;\">- Gặp gỡ trực tiếp để tư vấn, thuyết phục, đàm phán với khách hàng</span><br style=\"box-sizing: border-box; margin: 0px; padding: 0px; font-family: Roboto, Arial, Helvetica, sans-serif; line-height: 18.5714282989502px;\" />\r\n<span style=\"font-family: Roboto, Arial, Helvetica, sans-serif; line-height: 18.5714282989502px;\">- Lên dự thảo web sau khi khách hàng cơ bản đã đồng ý ký hợp đồng.</span><br style=\"box-sizing: border-box; margin: 0px; padding: 0px; font-family: Roboto, Arial, Helvetica, sans-serif; line-height: 18.5714282989502px;\" />\r\n<span style=\"font-family: Roboto, Arial, Helvetica, sans-serif; line-height: 18.5714282989502px;\">- Ký hợp đồng với khách hàng và tiếp nhận những phản hồi về sản phẩm của khách hàng.</span><br style=\"box-sizing: border-box; margin: 0px; padding: 0px; font-family: Roboto, Arial, Helvetica, sans-serif; line-height: 18.5714282989502px;\" />\r\n<span style=\"font-family: Roboto, Arial, Helvetica, sans-serif; line-height: 18.5714282989502px;\">- Lập kế hoạch công việc cụ thể, mục tiêu phấn đấu gửi cho bộ phận quản lý</span><br style=\"box-sizing: border-box; margin: 0px; padding: 0px; font-family: Roboto, Arial, Helvetica, sans-serif; line-height: 18.5714282989502px;\" />\r\n<span style=\"font-family: Roboto, Arial, Helvetica, sans-serif; line-height: 18.5714282989502px;\">- Lập đề án hướng dẫn cho khách hàng để thu hút khách hàng.</span></p>\r\n',0,1,'<p><span style=\"font-family: Roboto, Arial, Helvetica, sans-serif; line-height: 18.5714282989502px;\">01 bản CV cá nhân giới thiệu về bản thân (đính kèm file) và 1 ảnh thẻ gửi về địa chỉ: buithanhdung@gmail.com</span></p>\r\n','<p><span style=\"font-family: Roboto, Arial, Helvetica, sans-serif; line-height: 18.5714282989502px;\">- Tốt nghiệp chuyên ngành kinh tế, Quản trị kinh doanh, marketing hoặc các ngành nghề khác.</span><br style=\"box-sizing: border-box; margin: 0px; padding: 0px; font-family: Roboto, Arial, Helvetica, sans-serif; line-height: 18.5714282989502px;\" />\r\n<span style=\"font-family: Roboto, Arial, Helvetica, sans-serif; line-height: 18.5714282989502px;\">- Sử dụng internet và phần mềm máy tính thành thạo ( Hiểu biết về internet, có kinh nghiệm kinh doanh là một lợi thế ).</span><br style=\"box-sizing: border-box; margin: 0px; padding: 0px; font-family: Roboto, Arial, Helvetica, sans-serif; line-height: 18.5714282989502px;\" />\r\n<span style=\"font-family: Roboto, Arial, Helvetica, sans-serif; line-height: 18.5714282989502px;\">- Khả năng giao tiếp đàm phán tốt, giọng nói dễ nghe, chịu áp lực tốt.</span><br style=\"box-sizing: border-box; margin: 0px; padding: 0px; font-family: Roboto, Arial, Helvetica, sans-serif; line-height: 18.5714282989502px;\" />\r\n<span style=\"font-family: Roboto, Arial, Helvetica, sans-serif; line-height: 18.5714282989502px;\">- Yêu thích công việc kinh doanh.</span><br style=\"box-sizing: border-box; margin: 0px; padding: 0px; font-family: Roboto, Arial, Helvetica, sans-serif; line-height: 18.5714282989502px;\" />\r\n<span style=\"font-family: Roboto, Arial, Helvetica, sans-serif; line-height: 18.5714282989502px;\">- Nhanh nhẹn, chăm chỉ, ngoại hình ưa nhìn.</span><br style=\"box-sizing: border-box; margin: 0px; padding: 0px; font-family: Roboto, Arial, Helvetica, sans-serif; line-height: 18.5714282989502px;\" />\r\n<span style=\"font-family: Roboto, Arial, Helvetica, sans-serif; line-height: 18.5714282989502px;\">- Ưu tiên sinh viên mới ra trường, trẻ trung, năng động .</span><br style=\"box-sizing: border-box; margin: 0px; padding: 0px; font-family: Roboto, Arial, Helvetica, sans-serif; line-height: 18.5714282989502px;\" />\r\n<span style=\"font-family: Roboto, Arial, Helvetica, sans-serif; line-height: 18.5714282989502px;\">- Ứng viên có xe máy và máy tính cá nhân.</span></p>\r\n','<p><span style=\"font-family: Roboto, Arial, Helvetica, sans-serif; line-height: 18.5714282989502px;\">- Có cơ hội thăng tiến cao.</span><br style=\"box-sizing: border-box; margin: 0px; padding: 0px; font-family: Roboto, Arial, Helvetica, sans-serif; line-height: 18.5714282989502px;\" />\r\n<span style=\"font-family: Roboto, Arial, Helvetica, sans-serif; line-height: 18.5714282989502px;\">- Được hưởng lương cứng + trợ cấp + hoa hồng + thưởng.</span><br style=\"box-sizing: border-box; margin: 0px; padding: 0px; font-family: Roboto, Arial, Helvetica, sans-serif; line-height: 18.5714282989502px;\" />\r\n<span style=\"font-family: Roboto, Arial, Helvetica, sans-serif; line-height: 18.5714282989502px;\">- Hỗ trợ ăn trưa.</span><br style=\"box-sizing: border-box; margin: 0px; padding: 0px; font-family: Roboto, Arial, Helvetica, sans-serif; line-height: 18.5714282989502px;\" />\r\n<span style=\"font-family: Roboto, Arial, Helvetica, sans-serif; line-height: 18.5714282989502px;\">- Được đóng BHXH, BHYT</span><br style=\"box-sizing: border-box; margin: 0px; padding: 0px; font-family: Roboto, Arial, Helvetica, sans-serif; line-height: 18.5714282989502px;\" />\r\n<span style=\"font-family: Roboto, Arial, Helvetica, sans-serif; line-height: 18.5714282989502px;\">- Làm việc trong môi trường chuyên nghiệp, nhiều cơ hội học tập, phát triển, và được hưởng đãi ngộ phù hợp với năng lực</span><br style=\"box-sizing: border-box; margin: 0px; padding: 0px; font-family: Roboto, Arial, Helvetica, sans-serif; line-height: 18.5714282989502px;\" />\r\n<span style=\"font-family: Roboto, Arial, Helvetica, sans-serif; line-height: 18.5714282989502px;\">- Có cơ hội tham gia các khóa đào tạo, huấn luyện chuyên môn.</span><br style=\"box-sizing: border-box; margin: 0px; padding: 0px; font-family: Roboto, Arial, Helvetica, sans-serif; line-height: 18.5714282989502px;\" />\r\n<span style=\"font-family: Roboto, Arial, Helvetica, sans-serif; line-height: 18.5714282989502px;\">- Được đào tạo về kỹ năng, cảm nhận về kinh doanh, các kiến thức chuyên sâu về thương mại điện tử, internet.</span></p>\r\n',1433005200,1427371049,[now],[now],'tuyen-nhan-vien-kinh-doanh-thiet-ke-website','A. Dũng','buithanhdung@gmail.com','0948854888','Phòng 211 - Nhà G1 - Số 79 - Ngõ 82 - Phạm Ngọc Thạch - Đống Đa - Hà Nội','/media/images/99/jobs/','708_1429246173_437553090ddbf108.jpg');
set @jobs26901 = LAST_INSERT_ID();
INSERT INTO jobs (id, user_id, site_id, `position`, degree, trade_id, typeofwork, location, quantity, salaryrange, currency, salary_min, salary_max, description, experience, `level`, includes, requirement, benefit, expirydate, publicdate, created_time, modified_time, `alias`, contact_username, contact_email, contact_phone, contact_address,image_path,image_name) VALUES (null,[user_id],[site_id],'Tuyển nhân viên thiết kế website',2,1,1,'01',5,1,1,0,0,'<ul style=\"box-sizing: border-box; margin: 0px 0px 10px; padding-right: 0px; padding-left: 0px; list-style-position: inside; font-family: Roboto, Arial, Helvetica, sans-serif; line-height: 18.5714282989502px;\">\r\n	<li style=\"box-sizing: border-box; margin: 0px; padding: 0px;\">Tiếp nhận và phân tích yêu cầu thiết kế, đưa ra ý tưởng phù hợp nhất, và hoàn thành yêu cầu trong thời gian theo kế hoạch;</li>\r\n	<li style=\"box-sizing: border-box; margin: 0px; padding: 0px;\">Lập kế hoạch, nêu ý tưởng và trực tiếp thiết kế giao diện Website, Flash, Banner, Logo...,và các công việc liên quan đến Thiết kế khác;</li>\r\n	<li style=\"box-sizing: border-box; margin: 0px; padding: 0px;\">Kết hợp với bộ phận kinh doanh và các bộ phận khác để đảm bảo thiết kế đáp ứng được nhu cầu của khách hàng;</li>\r\n	<li style=\"box-sizing: border-box; margin: 0px; padding: 0px;\">Thực hiện tốt các công việc khác khi được giao phó.</li>\r\n</ul>\r\n',0,1,'<p><span style=\"font-family: Roboto, Arial, Helvetica, sans-serif; line-height: 18.5714282989502px;\">Đính kèm CV và các sản phẩm tiêu biểu đã thực hiện vào mail buithanhdung@gmail.com</span></p>\r\n','<ul style=\"box-sizing: border-box; margin: 0px 0px 10px; padding-right: 0px; padding-left: 0px; list-style-position: inside; font-family: Roboto, Arial, Helvetica, sans-serif; line-height: 18.5714282989502px;\">\r\n	<li style=\"box-sizing: border-box; margin: 0px; padding: 0px;\">Có kinh nghiệm thiết kế website nhiều lĩnh vực;</li>\r\n	<li style=\"box-sizing: border-box; margin: 0px; padding: 0px;\">Sử dụng thành thạo các công cụ đồ họa: Photoshop, Illustrator, Corel Draw…;</li>\r\n	<li style=\"box-sizing: border-box; margin: 0px; padding: 0px;\">Thành thạo HTML, CSS;</li>\r\n	<li style=\"box-sizing: border-box; margin: 0px; padding: 0px;\">Sử dụng tốt Flash;</li>\r\n	<li style=\"box-sizing: border-box; margin: 0px; padding: 0px;\">Thành thạo Javascripts là một lợi thế</li>\r\n	<li style=\"box-sizing: border-box; margin: 0px; padding: 0px;\">Có tư duy sáng tạo và thẩm mỹ tốt;</li>\r\n	<li style=\"box-sizing: border-box; margin: 0px; padding: 0px;\">Có thể chịu được áp lực trong công việc;</li>\r\n	<li style=\"box-sizing: border-box; margin: 0px; padding: 0px;\">Tỉ mỉ, chu đáo, năng động, nhiệt tình.</li>\r\n</ul>\r\n','<ul style=\"box-sizing: border-box; margin: 0px 0px 10px; padding-right: 0px; padding-left: 0px; list-style-position: inside; font-family: Roboto, Arial, Helvetica, sans-serif; line-height: 18.5714282989502px;\">\r\n	<li style=\"box-sizing: border-box; margin: 0px; padding: 0px;\">Mức lương cạnh tranh phù hợp với năng lực;</li>\r\n	<li style=\"box-sizing: border-box; margin: 0px; padding: 0px;\">Được hưởng các phụ cấp theo quy định của công ty (phụ cấp xăng xe, phụ cấp ăn trưa, ...);</li>\r\n	<li style=\"box-sizing: border-box; margin: 0px; padding: 0px;\">Được làm việc trong môi trường chuyên nghiệp, năng động và có khả năng phát triển;</li>\r\n	<li style=\"box-sizing: border-box; margin: 0px; padding: 0px;\">Được hưởng đầy đủ các chế độ theo luật quy định của công ty: Bảo hiểm xã hội, bảo hiểm y tế, nghỉ mát, ngày lễ, tết…;</li>\r\n	<li style=\"box-sizing: border-box; margin: 0px; padding: 0px;\">Được tham gia các khoá đào tạo nâng cao trình độ chuyên môn, kĩ năng mềm...;</li>\r\n	<li style=\"box-sizing: border-box; margin: 0px; padding: 0px;\">Cơ hội sở hữu cổ phần ưu đãi dành cho thành viên có kết quả làm việc xuất sắc.</li>\r\n</ul>\r\n',1430326800,1427370915,[now],[now],'tuyen-nhan-vien-thiet-ke-website','A. Dũng','buithanhdung@gmail.com','0948854888','Phòng 211 - Nhà G1 - Số 79 - Ngõ 82 - Phạm Ngọc Thạch - Đống Đa - Hà Nội','/media/images/99/jobs/','186_1429246293_247553091555e6d2.jpg');
set @jobs26902 = LAST_INSERT_ID();


INSERT INTO albums (album_id, album_name, album_description, album_type, photocount, `alias`, site_id, user_id, meta_keywords, meta_description, avatar_path, avatar_name, avatar_id, created_time, modified_time, cat_id,`order`) VALUES (null,'Album 7','Ablum 7',0,8,'album-7',[site_id],[user_id],'','','/media/images/albums/99/1/','163_1429254412_3815530b10c80a1e.jpg',111,[now],[now],0,9999);
set @albums91 = LAST_INSERT_ID();


INSERT INTO images (img_id, album_id, `name`, `path`, display_name, description, `alias`, site_id, user_id, height, width, created_time, modified_time) VALUES (null,@albums91,'163_1429254412_3815530b10c80a1e.jpg','/media/images/albums/99/1/','WHEY-GOLD-STANDARD-ON-2-Lbs-700.jpg','','whey-gold-standard-on-2-lbs-700jpg',[site_id],[user_id],700,700,[now],[now]);
set @images869 = LAST_INSERT_ID();
INSERT INTO images (img_id, album_id, `name`, `path`, display_name, description, `alias`, site_id, user_id, height, width, created_time, modified_time) VALUES (null,@albums91,'384_1429254408_155530b108b4d4e.png','/media/images/albums/99/1/','weight-gain-plus(1)(1).png','','weight-gain-plus11png',[site_id],[user_id],700,700,[now],[now]);
set @images870 = LAST_INSERT_ID();
INSERT INTO images (img_id, album_id, `name`, `path`, display_name, description, `alias`, site_id, user_id, height, width, created_time, modified_time) VALUES (null,@albums91,'79_1429254382_8525530b0ee5032f.jpg','/media/images/albums/99/1/','thuoc-giam-can-ultra-slimming.jpg','','thuoc-giam-can-ultra-slimmingjpg',[site_id],[user_id],700,700,[now],[now]);
set @images871 = LAST_INSERT_ID();
INSERT INTO images (img_id, album_id, `name`, `path`, display_name, description, `alias`, site_id, user_id, height, width, created_time, modified_time) VALUES (null,@albums91,'760_1429254379_3815530b0eb1257b.jpg','/media/images/albums/99/1/','collagen-123-c-290-vien-chinh-hang-usa-100-1406197491.jpg','','collagen-123-c-290-vien-chinh-hang-usa-100-1406197491jpg',[site_id],[user_id],700,700,[now],[now]);
set @images872 = LAST_INSERT_ID();
INSERT INTO images (img_id, album_id, `name`, `path`, display_name, description, `alias`, site_id, user_id, height, width, created_time, modified_time) VALUES (null,@albums91,'219_1429254377_1895530b0e96b4dd.jpg','/media/images/albums/99/1/','bo-xuong-khop-arthro-7-1.jpg','','bo-xuong-khop-arthro-7-1jpg',[site_id],[user_id],700,700,[now],[now]);
set @images873 = LAST_INSERT_ID();
INSERT INTO images (img_id, album_id, `name`, `path`, display_name, description, `alias`, site_id, user_id, height, width, created_time, modified_time) VALUES (null,@albums91,'212_1429254374_5345530b0e6ba870.jpg','/media/images/albums/99/1/','best-weight-gain(9).jpg','','best-weight-gain9jpg',[site_id],[user_id],700,700,[now],[now]);
set @images874 = LAST_INSERT_ID();
INSERT INTO images (img_id, album_id, `name`, `path`, display_name, description, `alias`, site_id, user_id, height, width, created_time, modified_time) VALUES (null,@albums91,'630_1429254369_5795530b0e140ee2.jpg','/media/images/albums/99/1/','album1.jpg','','album1jpg',[site_id],[user_id],700,700,[now],[now]);
set @images875 = LAST_INSERT_ID();
INSERT INTO images (img_id, album_id, `name`, `path`, display_name, description, `alias`, site_id, user_id, height, width, created_time, modified_time) VALUES (null,@albums91,'177_1429254158_7605530b00eb03a3.jpg','/media/images/albums/99/1/','banner-top.jpg','','banner-topjpg',[site_id],[user_id],388,858,[now],[now]);
set @images876 = LAST_INSERT_ID();
INSERT INTO images (img_id, album_id, `name`, `path`, display_name, description, `alias`, site_id, user_id, height, width, created_time, modified_time) VALUES (null,0,'3_1427371898_6245513f77a72242.jpg','/media/images/albums/81/1/','24.63_.jpg','','2463jpg',[site_id],[user_id],600,800,[now],[now]);
set @images877 = LAST_INSERT_ID();
INSERT INTO images (img_id, album_id, `name`, `path`, display_name, description, `alias`, site_id, user_id, height, width, created_time, modified_time) VALUES (null,0,'885_1427371892_1435513f774140da.jpg','/media/images/albums/81/1/','8.jpg','','8jpg',[site_id],[user_id],600,800,[now],[now]);
set @images878 = LAST_INSERT_ID();
INSERT INTO images (img_id, album_id, `name`, `path`, display_name, description, `alias`, site_id, user_id, height, width, created_time, modified_time) VALUES (null,0,'670_1427371864_8225513f7589d777.jpg','/media/images/albums/81/1/','26.33_.jpg','','2633jpg',[site_id],[user_id],600,800,[now],[now]);
set @images879 = LAST_INSERT_ID();
INSERT INTO images (img_id, album_id, `name`, `path`, display_name, description, `alias`, site_id, user_id, height, width, created_time, modified_time) VALUES (null,0,'305_1427371858_8505513f75293a6d.jpg','/media/images/albums/81/1/','26.32_.jpg','','2632jpg',[site_id],[user_id],600,800,[now],[now]);
set @images880 = LAST_INSERT_ID();
INSERT INTO images (img_id, album_id, `name`, `path`, display_name, description, `alias`, site_id, user_id, height, width, created_time, modified_time) VALUES (null,0,'727_1427371851_7735513f74bf2aae.jpg','/media/images/albums/81/1/','24.63_.jpg','','2463jpg',[site_id],[user_id],600,800,[now],[now]);
set @images881 = LAST_INSERT_ID();
INSERT INTO images (img_id, album_id, `name`, `path`, display_name, description, `alias`, site_id, user_id, height, width, created_time, modified_time) VALUES (null,0,'208_1427371833_4415513f73930b63.jpg','/media/images/albums/81/1/','26.33_.jpg','','2633jpg',[site_id],[user_id],600,800,[now],[now]);
set @images882 = LAST_INSERT_ID();
INSERT INTO images (img_id, album_id, `name`, `path`, display_name, description, `alias`, site_id, user_id, height, width, created_time, modified_time) VALUES (null,0,'481_1427371828_7465513f7345c8a6.jpg','/media/images/albums/81/1/','26.32_.jpg','','2632jpg',[site_id],[user_id],600,800,[now],[now]);
set @images883 = LAST_INSERT_ID();
INSERT INTO images (img_id, album_id, `name`, `path`, display_name, description, `alias`, site_id, user_id, height, width, created_time, modified_time) VALUES (null,0,'883_1427371796_1205513f714332d1.jpg','/media/images/albums/81/1/','IMG_20131223_100943-1.jpg','','img20131223100943-1jpg',[site_id],[user_id],519,800,[now],[now]);
set @images884 = LAST_INSERT_ID();
INSERT INTO images (img_id, album_id, `name`, `path`, display_name, description, `alias`, site_id, user_id, height, width, created_time, modified_time) VALUES (null,0,'433_1427371772_9135513f6fc98d2d.jpg','/media/images/albums/81/1/','26.33_.jpg','','2633jpg',[site_id],[user_id],600,800,[now],[now]);
set @images885 = LAST_INSERT_ID();
INSERT INTO images (img_id, album_id, `name`, `path`, display_name, description, `alias`, site_id, user_id, height, width, created_time, modified_time) VALUES (null,0,'911_1427370332_2545513f15cd406a.jpg','/media/images/albums/81/1/','IMG_20131223_100943-1.jpg','','img20131223100943-1jpg',[site_id],[user_id],519,800,[now],[now]);
set @images886 = LAST_INSERT_ID();
INSERT INTO images (img_id, album_id, `name`, `path`, display_name, description, `alias`, site_id, user_id, height, width, created_time, modified_time) VALUES (null,0,'408_1427370325_7635513f155e39fe.jpg','/media/images/albums/81/1/','dmc21.JPG','','dmc21jpg',[site_id],[user_id],450,800,[now],[now]);
set @images887 = LAST_INSERT_ID();
INSERT INTO images (img_id, album_id, `name`, `path`, display_name, description, `alias`, site_id, user_id, height, width, created_time, modified_time) VALUES (null,0,'710_1427370287_4925513f12f01538.jpg','/media/images/albums/81/1/','20131113_095937.jpg','','20131113095937jpg',[site_id],[user_id],600,800,[now],[now]);
set @images888 = LAST_INSERT_ID();
INSERT INTO images (img_id, album_id, `name`, `path`, display_name, description, `alias`, site_id, user_id, height, width, created_time, modified_time) VALUES (null,0,'775_1427370280_7045513f1286bf2c.jpg','/media/images/albums/81/1/','1416447_644774692240329_1588030914_o.jpg','','14164476447746922403291588030914ojpg',[site_id],[user_id],588,766,[now],[now]);
set @images889 = LAST_INSERT_ID();
INSERT INTO images (img_id, album_id, `name`, `path`, display_name, description, `alias`, site_id, user_id, height, width, created_time, modified_time) VALUES (null,0,'737_1427370217_6035513f0e9e15df.jpg','/media/images/albums/81/1/','26.33_.jpg','','2633jpg',[site_id],[user_id],600,800,[now],[now]);
set @images890 = LAST_INSERT_ID();
INSERT INTO images (img_id, album_id, `name`, `path`, display_name, description, `alias`, site_id, user_id, height, width, created_time, modified_time) VALUES (null,0,'999_1427370211_795513f0e39dcbd.jpg','/media/images/albums/81/1/','26.32_.jpg','','2632jpg',[site_id],[user_id],600,800,[now],[now]);
set @images891 = LAST_INSERT_ID();
INSERT INTO images (img_id, album_id, `name`, `path`, display_name, description, `alias`, site_id, user_id, height, width, created_time, modified_time) VALUES (null,0,'347_1427370126_9105513f08e7d4ec.jpg','/media/images/albums/81/1/','24.63_.jpg','','2463jpg',[site_id],[user_id],600,800,[now],[now]);
set @images892 = LAST_INSERT_ID();
INSERT INTO images (img_id, album_id, `name`, `path`, display_name, description, `alias`, site_id, user_id, height, width, created_time, modified_time) VALUES (null,0,'231_1427370119_5565513f0876c024.jpg','/media/images/albums/81/1/','8.jpg','','8jpg',[site_id],[user_id],600,800,[now],[now]);
set @images893 = LAST_INSERT_ID();


INSERT INTO menu_groups (menu_group_id, menu_group_name, menu_group_description, site_id, user_id, config, created_time, modified_time, modified_by, menu_group_type) VALUES (null,'Nhóm menu chính','Nhóm menu chính',[site_id],[user_id],'',[now],[now],[user_id],0);
set @menu_groups122 = LAST_INSERT_ID();
INSERT INTO menu_groups (menu_group_id, menu_group_name, menu_group_description, site_id, user_id, config, created_time, modified_time, modified_by, menu_group_type) VALUES (null,'Nhóm menu footer','Nhóm menu footer',[site_id],[user_id],'',[now],[now],[user_id],0);
set @menu_groups123 = LAST_INSERT_ID();
INSERT INTO menu_groups (menu_group_id, menu_group_name, menu_group_description, site_id, user_id, config, created_time, modified_time, modified_by, menu_group_type) VALUES (null,'Nhóm giải pháp','Nhóm giải pháp',[site_id],[user_id],'',[now],[now],[user_id],0);
set @menu_groups124 = LAST_INSERT_ID();

INSERT INTO menus (menu_id, site_id, user_id, menu_group, menu_title, parent_id, menu_linkto, menu_link, menu_basepath, menu_pathparams, menu_order, `alias`, `status`, menu_target, menu_values, icon_path, icon_name, background_path, background_name, description, created_time, modified_time, modified_by) VALUES (null,[site_id],[user_id],@menu_groups122,'Trang chủ',0,1,'','','[]',1,'trang-chu',1,1,'{\"t\":1,\"oi\":1}','','','','','',[now],[now],[user_id]);
set @menus1220 = LAST_INSERT_ID();
INSERT INTO menus (menu_id, site_id, user_id, menu_group, menu_title, parent_id, menu_linkto, menu_link, menu_basepath, menu_pathparams, menu_order, `alias`, `status`, menu_target, menu_values, icon_path, icon_name, background_path, background_name, description, created_time, modified_time, modified_by) VALUES (null,[site_id],[user_id],@menu_groups122,'Giới thiệu',0,1,'','/site/site/introduce','[]',2,'gioi-thieu',1,1,'{\"t\":1,\"oi\":3}','','','','','',[now],[now],[user_id]);
set @menus1221 = LAST_INSERT_ID();
INSERT INTO menus (menu_id, site_id, user_id, menu_group, menu_title, parent_id, menu_linkto, menu_link, menu_basepath, menu_pathparams, menu_order, `alias`, `status`, menu_target, menu_values, icon_path, icon_name, background_path, background_name, description, created_time, modified_time, modified_by) VALUES (null,[site_id],[user_id],@menu_groups122,'Sản phẩm',0,1,'','/economy/product','[]',4,'san-pham',1,1,'{\"t\":1,\"oi\":9}','','','','','',[now],[now],[user_id]);
set @menus1222 = LAST_INSERT_ID();
INSERT INTO menus (menu_id, site_id, user_id, menu_group, menu_title, parent_id, menu_linkto, menu_link, menu_basepath, menu_pathparams, menu_order, `alias`, `status`, menu_target, menu_values, icon_path, icon_name, background_path, background_name, description, created_time, modified_time, modified_by) VALUES (null,[site_id],[user_id],@menu_groups123,'Hỗ trợ khách hàng',0,1,'','','',0,'ho-tro-khach-hang',1,1,'{\"t\":1,\"oi\":0}','','','','','',[now],[now],[user_id]);
set @menus1224 = LAST_INSERT_ID();
INSERT INTO menus (menu_id, site_id, user_id, menu_group, menu_title, parent_id, menu_linkto, menu_link, menu_basepath, menu_pathparams, menu_order, `alias`, `status`, menu_target, menu_values, icon_path, icon_name, background_path, background_name, description, created_time, modified_time, modified_by) VALUES (null,[site_id],[user_id],@menu_groups123,'Các câu hỏi thường gặp',@menus1224,1,'','/page/category/detail','{\"id\":193,\"alias\":\"cac-cau-hoi-thuong-gap\"}',0,'cac-cau-hoi-thuong-gap',1,1,'','','','','','',[now],[now],[user_id]);
set @menus1225 = LAST_INSERT_ID();
INSERT INTO menus (menu_id, site_id, user_id, menu_group, menu_title, parent_id, menu_linkto, menu_link, menu_basepath, menu_pathparams, menu_order, `alias`, `status`, menu_target, menu_values, icon_path, icon_name, background_path, background_name, description, created_time, modified_time, modified_by) VALUES (null,[site_id],[user_id],@menu_groups123,'Hướng dẫn đặt hàng',@menus1224,1,'','/page/category/detail','{\"id\":190,\"alias\":\"huong-dan-dat-hang\"}',2,'huong-dan-dat-hang',1,1,'','','','','','',[now],[now],[user_id]);
set @menus1226 = LAST_INSERT_ID();
INSERT INTO menus (menu_id, site_id, user_id, menu_group, menu_title, parent_id, menu_linkto, menu_link, menu_basepath, menu_pathparams, menu_order, `alias`, `status`, menu_target, menu_values, icon_path, icon_name, background_path, background_name, description, created_time, modified_time, modified_by) VALUES (null,[site_id],[user_id],@menu_groups123,'Phương thức vận chuyển',@menus1224,1,'','/page/category/detail','{\"id\":191,\"alias\":\"phuong-thuc-van-chuyen\"}',4,'phuong-thuc-van-chuyen',1,1,'','','','','','',[now],[now],[user_id]);
set @menus1227 = LAST_INSERT_ID();
INSERT INTO menus (menu_id, site_id, user_id, menu_group, menu_title, parent_id, menu_linkto, menu_link, menu_basepath, menu_pathparams, menu_order, `alias`, `status`, menu_target, menu_values, icon_path, icon_name, background_path, background_name, description, created_time, modified_time, modified_by) VALUES (null,[site_id],[user_id],@menu_groups123,'Chính sách đổi trả',@menus1224,1,'','/page/category/detail','{\"id\":192,\"alias\":\"chinh-sach-doi-tra\"}',6,'chinh-sach-doi-tra',1,1,'','','','','','',[now],[now],[user_id]);
set @menus1228 = LAST_INSERT_ID();
INSERT INTO menus (menu_id, site_id, user_id, menu_group, menu_title, parent_id, menu_linkto, menu_link, menu_basepath, menu_pathparams, menu_order, `alias`, `status`, menu_target, menu_values, icon_path, icon_name, background_path, background_name, description, created_time, modified_time, modified_by) VALUES (null,[site_id],[user_id],@menu_groups123,'Tuyển dụng',0,1,'','/work/job','[]',2,'tuyen-dung',1,1,'{\"t\":1,\"oi\":13}','','','','','',[now],[now],[user_id]);
set @menus1229 = LAST_INSERT_ID();
INSERT INTO menus (menu_id, site_id, user_id, menu_group, menu_title, parent_id, menu_linkto, menu_link, menu_basepath, menu_pathparams, menu_order, `alias`, `status`, menu_target, menu_values, icon_path, icon_name, background_path, background_name, description, created_time, modified_time, modified_by) VALUES (null,[site_id],[user_id],@menu_groups123,'Liên hệ',0,1,'','/site/site/contact','[]',6,'lien-he',1,1,'{\"t\":1,\"oi\":2}','','','','','',[now],[now],[user_id]);
set @menus1230 = LAST_INSERT_ID();
INSERT INTO menus (menu_id, site_id, user_id, menu_group, menu_title, parent_id, menu_linkto, menu_link, menu_basepath, menu_pathparams, menu_order, `alias`, `status`, menu_target, menu_values, icon_path, icon_name, background_path, background_name, description, created_time, modified_time, modified_by) VALUES (null,[site_id],[user_id],@menu_groups122,'Tin tức',0,1,'','/news/news/category','{\"id\":358,\"alias\":\"tin-tuc\"}',5,'tin-tuc',1,1,'','','','','','',[now],[now],[user_id]);
set @menus1232 = LAST_INSERT_ID();
INSERT INTO menus (menu_id, site_id, user_id, menu_group, menu_title, parent_id, menu_linkto, menu_link, menu_basepath, menu_pathparams, menu_order, `alias`, `status`, menu_target, menu_values, icon_path, icon_name, background_path, background_name, description, created_time, modified_time, modified_by) VALUES (null,[site_id],[user_id],@menu_groups124,'Casino',0,1,'','/page/category/detail','{\"id\":194,\"alias\":\"giai-phap-casino\"}',0,'casino',1,1,'','/media/images/118/menu/icons/','330_1435753368_8115593db98e2065.png','','','',[now],[now],[user_id]);
set @menus1233 = LAST_INSERT_ID();
INSERT INTO menus (menu_id, site_id, user_id, menu_group, menu_title, parent_id, menu_linkto, menu_link, menu_basepath, menu_pathparams, menu_order, `alias`, `status`, menu_target, menu_values, icon_path, icon_name, background_path, background_name, description, created_time, modified_time, modified_by) VALUES (null,[site_id],[user_id],@menu_groups124,'Gọi khách chờ',0,1,'','/page/category/detail','{\"id\":196,\"alias\":\"goi-khach-cho\"}',0,'goi-khach-cho',1,1,'','/media/images/118/menu/icons/','418_1435755206_735593e2c6b1ea2.png','','','',[now],[now],[user_id]);
set @menus1234 = LAST_INSERT_ID();
INSERT INTO menus (menu_id, site_id, user_id, menu_group, menu_title, parent_id, menu_linkto, menu_link, menu_basepath, menu_pathparams, menu_order, `alias`, `status`, menu_target, menu_values, icon_path, icon_name, background_path, background_name, description, created_time, modified_time, modified_by) VALUES (null,[site_id],[user_id],@menu_groups124,'Quán cafe',0,1,'','/page/category/detail','{\"id\":197,\"alias\":\"quan-cafe\"}',0,'quan-cafe',1,1,'','/media/images/118/menu/icons/','155_1435755235_1905593e2e3b103c.png','','','',[now],[now],[user_id]);
set @menus1235 = LAST_INSERT_ID();
INSERT INTO menus (menu_id, site_id, user_id, menu_group, menu_title, parent_id, menu_linkto, menu_link, menu_basepath, menu_pathparams, menu_order, `alias`, `status`, menu_target, menu_values, icon_path, icon_name, background_path, background_name, description, created_time, modified_time, modified_by) VALUES (null,[site_id],[user_id],@menu_groups124,'Nhà hàng',0,1,'','/page/category/detail','{\"id\":198,\"alias\":\"nha-hang\"}',0,'nha-hang',1,1,'','/media/images/118/menu/icons/','163_1435755276_3055593e30cb2481.png','','','',[now],[now],[user_id]);
set @menus1236 = LAST_INSERT_ID();
INSERT INTO menus (menu_id, site_id, user_id, menu_group, menu_title, parent_id, menu_linkto, menu_link, menu_basepath, menu_pathparams, menu_order, `alias`, `status`, menu_target, menu_values, icon_path, icon_name, background_path, background_name, description, created_time, modified_time, modified_by) VALUES (null,[site_id],[user_id],@menu_groups124,'Nhà máy',0,1,'','/page/category/detail','{\"id\":199,\"alias\":\"nha-may\"}',0,'nha-may',1,1,'','/media/images/118/menu/icons/','313_1435755306_7855593e32a50dba.png','','','',[now],[now],[user_id]);
set @menus1237 = LAST_INSERT_ID();
INSERT INTO menus (menu_id, site_id, user_id, menu_group, menu_title, parent_id, menu_linkto, menu_link, menu_basepath, menu_pathparams, menu_order, `alias`, `status`, menu_target, menu_values, icon_path, icon_name, background_path, background_name, description, created_time, modified_time, modified_by) VALUES (null,[site_id],[user_id],@menu_groups124,'Bãi đỗ xe',0,1,'','/page/category/detail','{\"id\":195,\"alias\":\"bai-do-xe\"}',0,'bai-do-xe',1,1,'','/media/images/118/menu/icons/','266_1435754961_8245593e1d18838e.png','','','',[now],[now],[user_id]);
set @menus1241 = LAST_INSERT_ID();
INSERT INTO menus (menu_id, site_id, user_id, menu_group, menu_title, parent_id, menu_linkto, menu_link, menu_basepath, menu_pathparams, menu_order, `alias`, `status`, menu_target, menu_values, icon_path, icon_name, background_path, background_name, description, created_time, modified_time, modified_by) VALUES (null,[site_id],[user_id],@menu_groups123,'Giới thiệu Nanoweb',0,1,'','/site/site/introduce','[]',0,'gioi-thieu-nanoweb',1,1,'{\"t\":1,\"oi\":3}','','','','','',[now],[now],[user_id]);
set @menus1246 = LAST_INSERT_ID();
INSERT INTO menus (menu_id, site_id, user_id, menu_group, menu_title, parent_id, menu_linkto, menu_link, menu_basepath, menu_pathparams, menu_order, `alias`, `status`, menu_target, menu_values, icon_path, icon_name, background_path, background_name, description, created_time, modified_time, modified_by) VALUES (null,[site_id],[user_id],@menu_groups123,'Về Nanoweb',@menus1246,1,'','/site/site/introduce','[]',2,'ve-nanoweb',1,1,'{\"t\":1,\"oi\":3}','','','','','',[now],[now],[user_id]);
set @menus1247 = LAST_INSERT_ID();
INSERT INTO menus (menu_id, site_id, user_id, menu_group, menu_title, parent_id, menu_linkto, menu_link, menu_basepath, menu_pathparams, menu_order, `alias`, `status`, menu_target, menu_values, icon_path, icon_name, background_path, background_name, description, created_time, modified_time, modified_by) VALUES (null,[site_id],[user_id],@menu_groups122,'Siêu thị Hoa Quả',@menus1222,1,'','','',0,'cham-soc-toc',1,1,'{\"t\":1,\"oi\":0}','','','','','',[now],[now],[user_id]);
set @menus1242 = LAST_INSERT_ID();
INSERT INTO menus (menu_id, site_id, user_id, menu_group, menu_title, parent_id, menu_linkto, menu_link, menu_basepath, menu_pathparams, menu_order, `alias`, `status`, menu_target, menu_values, icon_path, icon_name, background_path, background_name, description, created_time, modified_time, modified_by) VALUES (null,[site_id],[user_id],@menu_groups122,'Hoa quả và Sức khỏe',@menus1222,1,'','','',0,'nut-bam-chuong-goi-phuc-vu',1,1,'{\"t\":1,\"oi\":0}','','','','','',[now],[now],[user_id]);
set @menus1243 = LAST_INSERT_ID();
INSERT INTO menus (menu_id, site_id, user_id, menu_group, menu_title, parent_id, menu_linkto, menu_link, menu_basepath, menu_pathparams, menu_order, `alias`, `status`, menu_target, menu_values, icon_path, icon_name, background_path, background_name, description, created_time, modified_time, modified_by) VALUES (null,[site_id],[user_id],@menu_groups122,'Làm đẹp cùng Hoa Quả',@menus1222,1,'','','',0,'trang-diem',1,1,'{\"t\":1,\"oi\":0}','','','','','',[now],[now],[user_id]);
set @menus1244 = LAST_INSERT_ID();
INSERT INTO menus (menu_id, site_id, user_id, menu_group, menu_title, parent_id, menu_linkto, menu_link, menu_basepath, menu_pathparams, menu_order, `alias`, `status`, menu_target, menu_values, icon_path, icon_name, background_path, background_name, description, created_time, modified_time, modified_by) VALUES (null,[site_id],[user_id],@menu_groups122,'Ẩn thực',@menus1222,1,'','','',0,'nuoc-hoa',1,1,'{\"t\":1,\"oi\":0}','','','','','',[now],[now],[user_id]);
set @menus1245 = LAST_INSERT_ID();
INSERT INTO menus (menu_id, site_id, user_id, menu_group, menu_title, parent_id, menu_linkto, menu_link, menu_basepath, menu_pathparams, menu_order, `alias`, `status`, menu_target, menu_values, icon_path, icon_name, background_path, background_name, description, created_time, modified_time, modified_by) VALUES (null,[site_id],[user_id],@menu_groups122,'Liên hệ',0,1,'','/site/site/contact','[]',6,'lien-he',1,1,'{\"t\":1,\"oi\":2}','','','','','',[now],[now],[user_id]);
set @menus1223 = LAST_INSERT_ID();
UPDATE menus SET parent_id=@menus1246 WHERE menu_id=@menus1229;
UPDATE menus SET parent_id=@menus1246 WHERE menu_id=@menus1230;


INSERT INTO menus_admin (menu_id, site_id, user_id, menu_title, parent_id, menu_linkto, menu_link, menu_basepath, menu_pathparams, menu_order, `alias`, `status`, menu_target, menu_values, iconclass, created_time, modified_time, modified_by) VALUES (null,[site_id],[user_id],'Sản phẩm',0,1,'/san-pham','economy/product','[]',1,'san-pham',1,1,'','icon-file-powerpoint-o',[now],[now],[user_id]);
set @menus_admin1502 = LAST_INSERT_ID();
INSERT INTO menus_admin (menu_id, site_id, user_id, menu_title, parent_id, menu_linkto, menu_link, menu_basepath, menu_pathparams, menu_order, `alias`, `status`, menu_target, menu_values, iconclass, created_time, modified_time, modified_by) VALUES (null,[site_id],[user_id],'Quản lý sản phẩm',@menus_admin1502,1,'/san-pham','economy/product','[]',1,'quan-ly-san-pham',1,1,'','',[now],[now],[user_id]);
set @menus_admin1503 = LAST_INSERT_ID();
INSERT INTO menus_admin (menu_id, site_id, user_id, menu_title, parent_id, menu_linkto, menu_link, menu_basepath, menu_pathparams, menu_order, `alias`, `status`, menu_target, menu_values, iconclass, created_time, modified_time, modified_by) VALUES (null,[site_id],[user_id],'Danh mục sản phẩm',@menus_admin1502,1,'/economy/productcategory','economy/productcategory','[]',2,'danh-muc-san-pham',1,1,'','',[now],[now],[user_id]);
set @menus_admin1504 = LAST_INSERT_ID();
INSERT INTO menus_admin (menu_id, site_id, user_id, menu_title, parent_id, menu_linkto, menu_link, menu_basepath, menu_pathparams, menu_order, `alias`, `status`, menu_target, menu_values, iconclass, created_time, modified_time, modified_by) VALUES (null,[site_id],[user_id],'Nhóm sản phẩm',@menus_admin1502,1,'/economy/productgroups','economy/productgroups','[]',3,'nhom-san-pham',1,1,'','',[now],[now],[user_id]);
set @menus_admin1505 = LAST_INSERT_ID();
INSERT INTO menus_admin (menu_id, site_id, user_id, menu_title, parent_id, menu_linkto, menu_link, menu_basepath, menu_pathparams, menu_order, `alias`, `status`, menu_target, menu_values, iconclass, created_time, modified_time, modified_by) VALUES (null,[site_id],[user_id],'Nội dung',0,1,'#','','',2,'noi-dung',1,1,'','icon-file-text-o',[now],[now],[user_id]);
set @menus_admin1506 = LAST_INSERT_ID();
INSERT INTO menus_admin (menu_id, site_id, user_id, menu_title, parent_id, menu_linkto, menu_link, menu_basepath, menu_pathparams, menu_order, `alias`, `status`, menu_target, menu_values, iconclass, created_time, modified_time, modified_by) VALUES (null,[site_id],[user_id],'Quản lý bài viết',@menus_admin1506,1,'/content/news','content/news','[]',1,'quan-ly-bai-viet',1,1,'','',[now],[now],[user_id]);
set @menus_admin1507 = LAST_INSERT_ID();
INSERT INTO menus_admin (menu_id, site_id, user_id, menu_title, parent_id, menu_linkto, menu_link, menu_basepath, menu_pathparams, menu_order, `alias`, `status`, menu_target, menu_values, iconclass, created_time, modified_time, modified_by) VALUES (null,[site_id],[user_id],'Danh mục bài viết',@menus_admin1506,1,'/content/newscategory','content/newscategory','[]',2,'danh-muc-bai-viet',1,1,'','',[now],[now],[user_id]);
set @menus_admin1508 = LAST_INSERT_ID();
INSERT INTO menus_admin (menu_id, site_id, user_id, menu_title, parent_id, menu_linkto, menu_link, menu_basepath, menu_pathparams, menu_order, `alias`, `status`, menu_target, menu_values, iconclass, created_time, modified_time, modified_by) VALUES (null,[site_id],[user_id],'Quản lý trang nội dung',@menus_admin1506,1,'/content/categorypage','content/categorypage','[]',6,'quan-ly-trang-noi-dung',1,1,'','',[now],[now],[user_id]);
set @menus_admin1509 = LAST_INSERT_ID();
INSERT INTO menus_admin (menu_id, site_id, user_id, menu_title, parent_id, menu_linkto, menu_link, menu_basepath, menu_pathparams, menu_order, `alias`, `status`, menu_target, menu_values, iconclass, created_time, modified_time, modified_by) VALUES (null,[site_id],[user_id],'Quản lý banner',0,1,'/banner/banner','banner/banner','[]',3,'quan-ly-banner',1,1,'','icon-building-o',[now],[now],[user_id]);
set @menus_admin1510 = LAST_INSERT_ID();
INSERT INTO menus_admin (menu_id, site_id, user_id, menu_title, parent_id, menu_linkto, menu_link, menu_basepath, menu_pathparams, menu_order, `alias`, `status`, menu_target, menu_values, iconclass, created_time, modified_time, modified_by) VALUES (null,[site_id],[user_id],'Banner',@menus_admin1510,1,'/banner/banner','banner/banner','[]',1,'banner',1,1,'','',[now],[now],[user_id]);
set @menus_admin1511 = LAST_INSERT_ID();
INSERT INTO menus_admin (menu_id, site_id, user_id, menu_title, parent_id, menu_linkto, menu_link, menu_basepath, menu_pathparams, menu_order, `alias`, `status`, menu_target, menu_values, iconclass, created_time, modified_time, modified_by) VALUES (null,[site_id],[user_id],'Quản lý nhóm banner',@menus_admin1510,1,'/banner/bannergroup','banner/bannergroup','[]',2,'quan-ly-nhom-banner',1,1,'','',[now],[now],[user_id]);
set @menus_admin1512 = LAST_INSERT_ID();
INSERT INTO menus_admin (menu_id, site_id, user_id, menu_title, parent_id, menu_linkto, menu_link, menu_basepath, menu_pathparams, menu_order, `alias`, `status`, menu_target, menu_values, iconclass, created_time, modified_time, modified_by) VALUES (null,[site_id],[user_id],'Quản lý album ảnh',0,1,'/media/album','media/album','[]',5,'quan-ly-album-anh',1,1,'','icon-file-image-o',[now],[now],[user_id]);
set @menus_admin1513 = LAST_INSERT_ID();
INSERT INTO menus_admin (menu_id, site_id, user_id, menu_title, parent_id, menu_linkto, menu_link, menu_basepath, menu_pathparams, menu_order, `alias`, `status`, menu_target, menu_values, iconclass, created_time, modified_time, modified_by) VALUES (null,[site_id],[user_id],'Quản lý menu',0,1,'/interface/menugroup','interface/menugroup','[]',6,'quan-ly-menu',1,1,'','icon-th-list',[now],[now],[user_id]);
set @menus_admin1514 = LAST_INSERT_ID();
INSERT INTO menus_admin (menu_id, site_id, user_id, menu_title, parent_id, menu_linkto, menu_link, menu_basepath, menu_pathparams, menu_order, `alias`, `status`, menu_target, menu_values, iconclass, created_time, modified_time, modified_by) VALUES (null,[site_id],[user_id],'Quản lý Video',0,1,'/media/video','media/video','[]',6,'quan-ly-video',1,1,'','icon-video-camera',[now],[now],[user_id]);
set @menus_admin1515 = LAST_INSERT_ID();
INSERT INTO menus_admin (menu_id, site_id, user_id, menu_title, parent_id, menu_linkto, menu_link, menu_basepath, menu_pathparams, menu_order, `alias`, `status`, menu_target, menu_values, iconclass, created_time, modified_time, modified_by) VALUES (null,[site_id],[user_id],'Quản lý tuyển dụng',0,1,'/work/jobs','work/jobs','[]',7,'quan-ly-tuyen-dung',1,1,'','icon-user',[now],[now],[user_id]);
set @menus_admin1516 = LAST_INSERT_ID();
INSERT INTO menus_admin (menu_id, site_id, user_id, menu_title, parent_id, menu_linkto, menu_link, menu_basepath, menu_pathparams, menu_order, `alias`, `status`, menu_target, menu_values, iconclass, created_time, modified_time, modified_by) VALUES (null,[site_id],[user_id],'Khách hàng',0,1,'#','','[]',8,'khach-hang',1,1,'','icon-users',[now],[now],[user_id]);
set @menus_admin1517 = LAST_INSERT_ID();
INSERT INTO menus_admin (menu_id, site_id, user_id, menu_title, parent_id, menu_linkto, menu_link, menu_basepath, menu_pathparams, menu_order, `alias`, `status`, menu_target, menu_values, iconclass, created_time, modified_time, modified_by) VALUES (null,[site_id],[user_id],'Quản lý đơn hàng',@menus_admin1517,1,'/economy/order','economy/order','[]',0,'quan-ly-don-hang',1,1,'','',[now],[now],[user_id]);
set @menus_admin1518 = LAST_INSERT_ID();
INSERT INTO menus_admin (menu_id, site_id, user_id, menu_title, parent_id, menu_linkto, menu_link, menu_basepath, menu_pathparams, menu_order, `alias`, `status`, menu_target, menu_values, iconclass, created_time, modified_time, modified_by) VALUES (null,[site_id],[user_id],'Liên hệ',@menus_admin1517,1,'/custom/customform/statistic','custom/customform/statistic','[]',1,'lien-he',1,1,'','',[now],[now],[user_id]);
set @menus_admin1519 = LAST_INSERT_ID();
INSERT INTO menus_admin (menu_id, site_id, user_id, menu_title, parent_id, menu_linkto, menu_link, menu_basepath, menu_pathparams, menu_order, `alias`, `status`, menu_target, menu_values, iconclass, created_time, modified_time, modified_by) VALUES (null,[site_id],[user_id],'Email đăng ký nhận tin',@menus_admin1517,1,'/content/newsletter','content/newsletter','[]',4,'email-dang-ky-nhan-tin',1,1,'','',[now],[now],[user_id]);
set @menus_admin1520 = LAST_INSERT_ID();
INSERT INTO menus_admin (menu_id, site_id, user_id, menu_title, parent_id, menu_linkto, menu_link, menu_basepath, menu_pathparams, menu_order, `alias`, `status`, menu_target, menu_values, iconclass, created_time, modified_time, modified_by) VALUES (null,[site_id],[user_id],'Cấu hình website',0,1,'#','','[]',10,'cau-hinh-website',1,1,'','icon-gears',[now],[now],[user_id]);
set @menus_admin1521 = LAST_INSERT_ID();
INSERT INTO menus_admin (menu_id, site_id, user_id, menu_title, parent_id, menu_linkto, menu_link, menu_basepath, menu_pathparams, menu_order, `alias`, `status`, menu_target, menu_values, iconclass, created_time, modified_time, modified_by) VALUES (null,[site_id],[user_id],'Thông tin cơ bản',@menus_admin1521,1,'/setting/setting','setting/setting','[]',1,'thong-tin-co-ban',1,1,'','',[now],[now],[user_id]);
set @menus_admin1522 = LAST_INSERT_ID();
INSERT INTO menus_admin (menu_id, site_id, user_id, menu_title, parent_id, menu_linkto, menu_link, menu_basepath, menu_pathparams, menu_order, `alias`, `status`, menu_target, menu_values, iconclass, created_time, modified_time, modified_by) VALUES (null,[site_id],[user_id],'Thông tin giới thiệu',@menus_admin1521,1,'/setting/setting/introduce','setting/setting/introduce','[]',2,'thong-tin-gioi-thieu',1,1,'','',[now],[now],[user_id]);
set @menus_admin1523 = LAST_INSERT_ID();
INSERT INTO menus_admin (menu_id, site_id, user_id, menu_title, parent_id, menu_linkto, menu_link, menu_basepath, menu_pathparams, menu_order, `alias`, `status`, menu_target, menu_values, iconclass, created_time, modified_time, modified_by) VALUES (null,[site_id],[user_id],'Thông tin liên hệ',@menus_admin1521,1,'/interface/sitesettings/contact','interface/sitesettings/contact','[]',3,'thong-tin-lien-he',1,1,'','',[now],[now],[user_id]);
set @menus_admin1524 = LAST_INSERT_ID();
INSERT INTO menus_admin (menu_id, site_id, user_id, menu_title, parent_id, menu_linkto, menu_link, menu_basepath, menu_pathparams, menu_order, `alias`, `status`, menu_target, menu_values, iconclass, created_time, modified_time, modified_by) VALUES (null,[site_id],[user_id],'Cấu hình tên miền',@menus_admin1521,1,'/setting/setting/domainsetting','setting/setting/domainsetting','[]',3,'cau-hinh-ten-mien',1,1,'','',[now],[now],[user_id]);
set @menus_admin1525 = LAST_INSERT_ID();
INSERT INTO menus_admin (menu_id, site_id, user_id, menu_title, parent_id, menu_linkto, menu_link, menu_basepath, menu_pathparams, menu_order, `alias`, `status`, menu_target, menu_values, iconclass, created_time, modified_time, modified_by) VALUES (null,[site_id],[user_id],'Cài đặt bản đồ',@menus_admin1521,1,'/setting/map','setting/map','[]',4,'cai-dat-ban-do',1,1,'','',[now],[now],[user_id]);
set @menus_admin1526 = LAST_INSERT_ID();
INSERT INTO menus_admin (menu_id, site_id, user_id, menu_title, parent_id, menu_linkto, menu_link, menu_basepath, menu_pathparams, menu_order, `alias`, `status`, menu_target, menu_values, iconclass, created_time, modified_time, modified_by) VALUES (null,[site_id],[user_id],'Hỗ trợ trực tuyến',@menus_admin1521,1,'/setting/support','setting/support','[]',8,'ho-tro-truc-tuyen',1,1,'','',[now],[now],[user_id]);
set @menus_admin1527 = LAST_INSERT_ID();
INSERT INTO menus_admin (menu_id, site_id, user_id, menu_title, parent_id, menu_linkto, menu_link, menu_basepath, menu_pathparams, menu_order, `alias`, `status`, menu_target, menu_values, iconclass, created_time, modified_time, modified_by) VALUES (null,[site_id],[user_id],'Thông tin chân trang (footer)',@menus_admin1521,1,'/interface/sitesettings/footersetting','interface/sitesettings/footersetting','[]',10,'thong-tin-chan-trang-footer',1,1,'','',[now],[now],[user_id]);
set @menus_admin1528 = LAST_INSERT_ID();
INSERT INTO menus_admin (menu_id, site_id, user_id, menu_title, parent_id, menu_linkto, menu_link, menu_basepath, menu_pathparams, menu_order, `alias`, `status`, menu_target, menu_values, iconclass, created_time, modified_time, modified_by) VALUES (null,[site_id],[user_id],'Giao diện',0,1,'#','','[]',12,'giao-dien',1,1,'','icon-desktop',[now],[now],[user_id]);
set @menus_admin1529 = LAST_INSERT_ID();
INSERT INTO menus_admin (menu_id, site_id, user_id, menu_title, parent_id, menu_linkto, menu_link, menu_basepath, menu_pathparams, menu_order, `alias`, `status`, menu_target, menu_values, iconclass, created_time, modified_time, modified_by) VALUES (null,[site_id],[user_id],'Tùy chỉnh CSS',@menus_admin1529,1,'/interface/sitesettings/stylecustom','interface/sitesettings/stylecustom','[]',5,'tuy-chinh-css',1,1,'','',[now],[now],[user_id]);
set @menus_admin1530 = LAST_INSERT_ID();


INSERT INTO forms (form_id, form_code, form_name, form_description, site_id, `status`, created_time, modified_time, user_id) VALUES (null,'fo_142207332754c31defc73c8','Form liên hệ','form liên hệ',[site_id],1,[now],[now],[user_id]);
set @forms56 = LAST_INSERT_ID();

INSERT INTO form_fields (field_id, form_id, field_key, field_label, field_type, field_options, field_required, `order`, site_id, user_id, `status`) VALUES 
(null,@forms56, 'c21','Tên','text','{\"size\":\"large\"}',1,1,[site_id],[user_id],1),
(null,@forms56, 'c102','Email','email','{\"size\":\"large\"}',1,2,[site_id],[user_id],1),
(null,@forms56, 'c143','Số điện thoại','text','{\"size\":\"large\"}',1,3,[site_id],[user_id],1),
(null,@forms56, 'c184','Chủ đề','text','{\"size\":\"large\"}',1,4,[site_id],[user_id],1),
(null,@forms56, 'c225','Nội dung','paragraph','{\"size\":\"large\"}',1,5,[site_id],[user_id],1),
(null,@forms56, 'c266','Gửi yêu cầu','button','{\"size\":\"large\",\"onclick\":\"\",\"button_type\":\"submitform\"}',0,6,[site_id],[user_id],1);


INSERT INTO page_widgets (page_widget_id, site_id,user_id, widget_title, position, page_key, widget_type, widget_id, created_time, showallpage, worder) VALUES (null,[site_id],[user_id],'menu chính',3,'introduce/introduce/',1,'menu',[now],1,2);
set @page_widgets1839 = LAST_INSERT_ID();
INSERT INTO page_widgets (page_widget_id, site_id,user_id, widget_title, position, page_key, widget_type, widget_id, created_time, showallpage, worder) VALUES (null,[site_id],[user_id],'Sản phẩm mới',5,'introduce/introduce/',1,'productsetnew',[now],0,1);
set @page_widgets1840 = LAST_INSERT_ID();
INSERT INTO page_widgets (page_widget_id, site_id,user_id, widget_title, position, page_key, widget_type, widget_id, created_time, showallpage, worder) VALUES (null,[site_id],[user_id],'tất cả sản phẩm',5,'economy/product/',1,'productall',[now],0,1);
set @page_widgets1841 = LAST_INSERT_ID();
INSERT INTO page_widgets (page_widget_id, site_id,user_id, widget_title, position, page_key, widget_type, widget_id, created_time, showallpage, worder) VALUES (null,[site_id],[user_id],'Sản phẩm bán chạy',5,'introduce/introduce/',1,'productgroup',[now],0,2);
set @page_widgets1842 = LAST_INSERT_ID();
INSERT INTO page_widgets (page_widget_id, site_id,user_id, widget_title, position, page_key, widget_type, widget_id, created_time, showallpage, worder) VALUES (null,[site_id],[user_id],'Form liên hệ',5,'site/site/contact',1,'customform',[now],0,1);
set @page_widgets1843 = LAST_INSERT_ID();
INSERT INTO page_widgets (page_widget_id, site_id,user_id, widget_title, position, page_key, widget_type, widget_id, created_time, showallpage, worder) VALUES (null,[site_id],[user_id],'Bản đồ đường đi',5,'site/site/contact',1,'map',[now],0,2);
set @page_widgets1844 = LAST_INSERT_ID();
INSERT INTO page_widgets (page_widget_id, site_id,user_id, widget_title, position, page_key, widget_type, widget_id, created_time, showallpage, worder) VALUES (null,[site_id],[user_id],'Tin tức',5,'news/news/',1,'newsall',[now],0,2);
set @page_widgets1845 = LAST_INSERT_ID();
INSERT INTO page_widgets (page_widget_id, site_id,user_id, widget_title, position, page_key, widget_type, widget_id, created_time, showallpage, worder) VALUES (null,[site_id],[user_id],'Danh mục sản phẩm được chọn hiển thị trang chủ',5,'introduce/introduce/',1,'productcategoryinhome',[now],0,3);
set @page_widgets1846 = LAST_INSERT_ID();
INSERT INTO page_widgets (page_widget_id, site_id,user_id, widget_title, position, page_key, widget_type, widget_id, created_time, showallpage, worder) VALUES (null,[site_id],[user_id],'Tin tức khác',5,'news/news/detail',1,'newsrelation',[now],0,3);
set @page_widgets1847 = LAST_INSERT_ID();
INSERT INTO page_widgets (page_widget_id, site_id,user_id, widget_title, position, page_key, widget_type, widget_id, created_time, showallpage, worder) VALUES (null,[site_id],[user_id],'Social',5,'news/news/detail',1,'social',[now],0,1);
set @page_widgets1848 = LAST_INSERT_ID();
INSERT INTO page_widgets (page_widget_id, site_id,user_id, widget_title, position, page_key, widget_type, widget_id, created_time, showallpage, worder) VALUES (null,[site_id],[user_id],'Sản phẩm cùng chuyên mục',5,'economy/product/detail',1,'productsrelation',[now],0,3);
set @page_widgets1849 = LAST_INSERT_ID();
INSERT INTO page_widgets (page_widget_id, site_id,user_id, widget_title, position, page_key, widget_type, widget_id, created_time, showallpage, worder) VALUES (null,[site_id],[user_id],'Social',5,'economy/product/detail',1,'social',[now],0,1);
set @page_widgets1850 = LAST_INSERT_ID();
INSERT INTO page_widgets (page_widget_id, site_id,user_id, widget_title, position, page_key, widget_type, widget_id, created_time, showallpage, worder) VALUES (null,[site_id],[user_id],'Bình luận',5,'economy/product/detail',1,'facebookcomment',[now],0,2);
set @page_widgets1851 = LAST_INSERT_ID();
INSERT INTO page_widgets (page_widget_id, site_id,user_id, widget_title, position, page_key, widget_type, widget_id, created_time, showallpage, worder) VALUES (null,[site_id],[user_id],'Bình luận',5,'news/news/detail',1,'facebookcomment',[now],0,2);
set @page_widgets1852 = LAST_INSERT_ID();
INSERT INTO page_widgets (page_widget_id, site_id,user_id, widget_title, position, page_key, widget_type, widget_id, created_time, showallpage, worder) VALUES (null,[site_id],[user_id],'Giỏ hàng',12,'introduce/introduce/',1,'shoppingcart',[now],1,1);
set @page_widgets1853 = LAST_INSERT_ID();
INSERT INTO page_widgets (page_widget_id, site_id,user_id, widget_title, position, page_key, widget_type, widget_id, created_time, showallpage, worder) VALUES (null,[site_id],[user_id],'Tìm kiếm',7,'introduce/introduce/',1,'searchbox',[now],1,1);
set @page_widgets1854 = LAST_INSERT_ID();
INSERT INTO page_widgets (page_widget_id, site_id,user_id, widget_title, position, page_key, widget_type, widget_id, created_time, showallpage, worder) VALUES (null,[site_id],[user_id],'phone',13,'introduce/introduce/',1,'html',[now],1,1);
set @page_widgets1856 = LAST_INSERT_ID();
INSERT INTO page_widgets (page_widget_id, site_id,user_id, widget_title, position, page_key, widget_type, widget_id, created_time, showallpage, worder) VALUES (null,[site_id],[user_id],'Shopping cart',3002,'introduce/introduce/',1,'shoppingcart',[now],1,1);
set @page_widgets1860 = LAST_INSERT_ID();
INSERT INTO page_widgets (page_widget_id, site_id,user_id, widget_title, position, page_key, widget_type, widget_id, created_time, showallpage, worder) VALUES (null,[site_id],[user_id],'Facebook',15,'introduce/introduce/',1,'html',[now],1,1);
set @page_widgets1863 = LAST_INSERT_ID();
INSERT INTO page_widgets (page_widget_id, site_id,user_id, widget_title, position, page_key, widget_type, widget_id, created_time, showallpage, worder) VALUES (null,[site_id],[user_id],'Sản phẩm nổi bật',1,'economy/product/detail',1,'hotproduct',[now],1,5);
set @page_widgets1864 = LAST_INSERT_ID();
INSERT INTO page_widgets (page_widget_id, site_id,user_id, widget_title, position, page_key, widget_type, widget_id, created_time, showallpage, worder) VALUES (null,[site_id],[user_id],'Hỗ trợ trực tuyến',1,'economy/product/detail',1,'support',[now],1,4);
set @page_widgets1865 = LAST_INSERT_ID();
INSERT INTO page_widgets (page_widget_id, site_id,user_id, widget_title, position, page_key, widget_type, widget_id, created_time, showallpage, worder) VALUES (null,[site_id],[user_id],'Danh mục sản phẩm',1,'economy/product/category',1,'categorybox',[now],0,2);
set @page_widgets1867 = LAST_INSERT_ID();
INSERT INTO page_widgets (page_widget_id, site_id,user_id, widget_title, position, page_key, widget_type, widget_id, created_time, showallpage, worder) VALUES (null,[site_id],[user_id],'Danh mục sản phẩm',1,'economy/product/',1,'categorybox',[now],0,3);
set @page_widgets1868 = LAST_INSERT_ID();
INSERT INTO page_widgets (page_widget_id, site_id,user_id, widget_title, position, page_key, widget_type, widget_id, created_time, showallpage, worder) VALUES (null,[site_id],[user_id],'Banner trái',1,'economy/product/',1,'banner',[now],1,7);
set @page_widgets1872 = LAST_INSERT_ID();
INSERT INTO page_widgets (page_widget_id, site_id,user_id, widget_title, position, page_key, widget_type, widget_id, created_time, showallpage, worder) VALUES (null,[site_id],[user_id],'Menu',3001,'introduce/introduce/',1,'menu',[now],1,1);
set @page_widgets1882 = LAST_INSERT_ID();
INSERT INTO page_widgets (page_widget_id, site_id,user_id, widget_title, position, page_key, widget_type, widget_id, created_time, showallpage, worder) VALUES (null,[site_id],[user_id],'Shopping cart',3003,'introduce/introduce/',1,'shoppingcart',[now],1,1);
set @page_widgets1883 = LAST_INSERT_ID();
INSERT INTO page_widgets (page_widget_id, site_id,user_id, widget_title, position, page_key, widget_type, widget_id, created_time, showallpage, worder) VALUES (null,[site_id],[user_id],'Search box',3003,'introduce/introduce/',1,'searchbox',[now],1,2);
set @page_widgets1885 = LAST_INSERT_ID();
INSERT INTO page_widgets (page_widget_id, site_id,user_id, widget_title, position, page_key, widget_type, widget_id, created_time, showallpage, worder) VALUES (null,[site_id],[user_id],'Support',22,'introduce/introduce/',1,'support',[now],1,1);
set @page_widgets1886 = LAST_INSERT_ID();
INSERT INTO page_widgets (page_widget_id, site_id,user_id, widget_title, position, page_key, widget_type, widget_id, created_time, showallpage, worder) VALUES (null,[site_id],[user_id],'Đăng ký nhận bản tin',14,'introduce/introduce/',1,'newsletter',[now],1,1);
set @page_widgets1887 = LAST_INSERT_ID();
INSERT INTO page_widgets (page_widget_id, site_id,user_id, widget_title, position, page_key, widget_type, widget_id, created_time, showallpage, worder) VALUES (null,[site_id],[user_id],'Nhóm banner',11,'introduce/introduce/',1,'bannergroup',[now],0,1);
set @page_widgets1888 = LAST_INSERT_ID();
INSERT INTO page_widgets (page_widget_id, site_id,user_id, widget_title, position, page_key, widget_type, widget_id, created_time, showallpage, worder) VALUES (null,[site_id],[user_id],'Nổi bật',41,'introduce/introduce/',1,'hotproduct',[now],0,1);
set @page_widgets1901 = LAST_INSERT_ID();
INSERT INTO page_widgets (page_widget_id, site_id,user_id, widget_title, position, page_key, widget_type, widget_id, created_time, showallpage, worder) VALUES (null,[site_id],[user_id],'Banner 1',41,'introduce/introduce/',1,'banner',[now],0,2);
set @page_widgets1902 = LAST_INSERT_ID();
INSERT INTO page_widgets (page_widget_id, site_id,user_id, widget_title, position, page_key, widget_type, widget_id, created_time, showallpage, worder) VALUES (null,[site_id],[user_id],'Tin tức',41,'introduce/introduce/',1,'newsIncategory',[now],0,3);
set @page_widgets1903 = LAST_INSERT_ID();
INSERT INTO page_widgets (page_widget_id, site_id,user_id, widget_title, position, page_key, widget_type, widget_id, created_time, showallpage, worder) VALUES (null,[site_id],[user_id],'Banner 2',41,'introduce/introduce/',1,'banner',[now],0,4);
set @page_widgets1904 = LAST_INSERT_ID();
INSERT INTO page_widgets (page_widget_id, site_id,user_id, widget_title, position, page_key, widget_type, widget_id, created_time, showallpage, worder) VALUES (null,[site_id],[user_id],'Sản phẩm mới',41,'introduce/introduce/',1,'newproducts',[now],0,5);
set @page_widgets1905 = LAST_INSERT_ID();

INSERT INTO page_widget_config (id, page_widget_id, site_id, user_id, config_data, created_time, modified_time) VALUES (null,@page_widgets1839,[site_id],[user_id],CONCAT('{"group_id":',@menu_groups122,',"directfrom":"left","showallpage":"1","widget_title":"menu chính","show_wiget_title":"0"}'),[now],[now]);
INSERT INTO page_widget_config (id, page_widget_id, site_id, user_id, config_data, created_time, modified_time) VALUES (null,@page_widgets1840,[site_id],[user_id],'{\"limit\":\"4\",\"showallpage\":\"0\",\"widget_title\":\"S\\u1ea3n ph\\u1ea9m m\\u1edbi\",\"show_wiget_title\":\"1\"}',[now],[now]);
INSERT INTO page_widget_config (id, page_widget_id, site_id, user_id, config_data, created_time, modified_time) VALUES (null,@page_widgets1841,[site_id],[user_id],'{\"limit\":\"18\",\"showallpage\":\"0\",\"widget_title\":\"t\\u1ea5t c\\u1ea3 s\\u1ea3n ph\\u1ea9m\",\"show_wiget_title\":\"0\"}',[now],[now]);
INSERT INTO page_widget_config (id, page_widget_id, site_id, user_id, config_data, created_time, modified_time) VALUES (null,@page_widgets1842,[site_id],[user_id],CONCAT('{"limit":"4","group_id":',@product_groups40,',"showallpage":"0","widget_title":"Sản phẩm bán chạy","show_wiget_title":"1"}'),[now],[now]);
INSERT INTO page_widget_config (id, page_widget_id, site_id, user_id, config_data, created_time, modified_time) VALUES (null,@page_widgets1843,[site_id],[user_id],CONCAT('{"form_id":',@forms56,',"labelClass":"2","showallpage":"0","widget_title":"Form liên hệ","show_wiget_title":"1"}'),[now],[now]);
INSERT INTO page_widget_config (id, page_widget_id, site_id, user_id, config_data, created_time, modified_time) VALUES (null,@page_widgets1844,[site_id],[user_id],'{\"limit\":\"3\",\"showallpage\":\"0\",\"widget_title\":\"B\\u1ea3n \\u0111\\u1ed3 \\u0111\\u01b0\\u1eddng \\u0111i\",\"show_wiget_title\":\"1\"}',[now],[now]);
INSERT INTO page_widget_config (id, page_widget_id, site_id, user_id, config_data, created_time, modified_time) VALUES (null,@page_widgets1845,[site_id],[user_id],'{\"limit\":\"10\",\"showallpage\":\"0\",\"widget_title\":\"Tin t\\u1ee9c\",\"show_wiget_title\":\"0\"}',[now],[now]);
INSERT INTO page_widget_config (id, page_widget_id, site_id, user_id, config_data, created_time, modified_time) VALUES (null,@page_widgets1846,[site_id],[user_id],'{\"itemslimit\":\"4\",\"limit\":\"3\",\"showallpage\":\"0\",\"widget_title\":\"Danh m\\u1ee5c s\\u1ea3n ph\\u1ea9m \\u0111\\u01b0\\u1ee3c ch\\u1ecdn hi\\u1ec3n th\\u1ecb trang ch\\u1ee7\",\"show_wiget_title\":\"0\"}',[now],[now]);
INSERT INTO page_widget_config (id, page_widget_id, site_id, user_id, config_data, created_time, modified_time) VALUES (null,@page_widgets1847,[site_id],[user_id],'{\"limit\":\"3\",\"showallpage\":\"0\",\"widget_title\":\"Tin t\\u1ee9c kh\\u00e1c\",\"show_wiget_title\":\"1\"}',[now],[now]);
INSERT INTO page_widget_config (id, page_widget_id, site_id, user_id, config_data, created_time, modified_time) VALUES (null,@page_widgets1848,[site_id],[user_id],'{\"showallpage\":\"0\",\"widget_title\":\"Social\",\"show_wiget_title\":\"0\"}',[now],[now]);
INSERT INTO page_widget_config (id, page_widget_id, site_id, user_id, config_data, created_time, modified_time) VALUES (null,@page_widgets1849,[site_id],[user_id],'{\"limit\":\"3\",\"showallpage\":\"0\",\"widget_title\":\"S\\u1ea3n ph\\u1ea9m c\\u00f9ng chuy\\u00ean m\\u1ee5c\",\"show_wiget_title\":\"1\"}',[now],[now]);
INSERT INTO page_widget_config (id, page_widget_id, site_id, user_id, config_data, created_time, modified_time) VALUES (null,@page_widgets1850,[site_id],[user_id],'{\"showallpage\":\"0\",\"widget_title\":\"Social\",\"show_wiget_title\":\"0\"}',[now],[now]);
INSERT INTO page_widget_config (id, page_widget_id, site_id, user_id, config_data, created_time, modified_time) VALUES (null,@page_widgets1851,[site_id],[user_id],'{\"showallpage\":\"0\",\"widget_title\":\"B\\u00ecnh lu\\u1eadn\",\"show_wiget_title\":\"1\"}',[now],[now]);
INSERT INTO page_widget_config (id, page_widget_id, site_id, user_id, config_data, created_time, modified_time) VALUES (null,@page_widgets1852,[site_id],[user_id],'{\"showallpage\":\"0\",\"widget_title\":\"B\\u00ecnh lu\\u1eadn\",\"show_wiget_title\":\"1\"}',[now],[now]);
INSERT INTO page_widget_config (id, page_widget_id, site_id, user_id, config_data, created_time, modified_time) VALUES (null,@page_widgets1853,[site_id],[user_id],'{\"showallpage\":\"1\",\"widget_title\":\"Gi\\u1ecf h\\u00e0ng\",\"show_wiget_title\":\"1\"}',[now],[now]);
INSERT INTO page_widget_config (id, page_widget_id, site_id, user_id, config_data, created_time, modified_time) VALUES (null,@page_widgets1854,[site_id],[user_id],'{\"showcat\":\"0\",\"showallpage\":\"1\",\"widget_title\":\"T\\u00ecm ki\\u1ebfm\",\"show_wiget_title\":\"0\"}',[now],[now]);
INSERT INTO page_widget_config (id, page_widget_id, site_id, user_id, config_data, created_time, modified_time) VALUES (null,@page_widgets1856,[site_id],[user_id],'{\"html\":\"<p>H\\u1ed7 tr\\u1ee3: <span style=\\\"color:red\\\"> 0948.854.888<\\/span><\\/p>\\r\\n\",\"showallpage\":\"1\",\"widget_title\":\"phone\",\"show_wiget_title\":\"0\"}',[now],[now]);
INSERT INTO page_widget_config (id, page_widget_id, site_id, user_id, config_data, created_time, modified_time) VALUES (null,@page_widgets1860,[site_id],[user_id],'{\"showallpage\":\"1\",\"widget_title\":\"Shopping cart\",\"show_wiget_title\":\"0\"}',[now],[now]);
INSERT INTO page_widget_config (id, page_widget_id, site_id, user_id, config_data, created_time, modified_time) VALUES (null,@page_widgets1863,[site_id],[user_id],'{\"html\":\"<div id=\\\"fb-root\\\">&nbsp;<\\/div>\\r\\n<script>(function(d, s, id) {\\r\\n  var js, fjs = d.getElementsByTagName(s)[0];\\r\\n  if (d.getElementById(id)) return;\\r\\n  js = d.createElement(s); js.id = id;\\r\\n  js.src = \\\"\\/\\/connect.facebook.net\\/en_US\\/sdk.js#xfbml=1&version=v2.3&appId=108648806140957\\\";\\r\\n  fjs.parentNode.insertBefore(js, fjs);\\r\\n}(document, \'script\', \'facebook-jssdk\'));<\\/script>\\r\\n\\r\\n<div class=\\\"fb-page\\\" data-adapt-container-width=\\\"true\\\" data-hide-cover=\\\"false\\\" data-href=\\\"https:\\/\\/www.facebook.com\\/nanoweb.vn\\\" data-show-facepile=\\\"true\\\" data-show-posts=\\\"false\\\" data-small-header=\\\"false\\\" data-width=\\\"310\\\">\\r\\n<div class=\\\"fb-xfbml-parse-ignore\\\">\\r\\n<blockquote cite=\\\"https:\\/\\/www.facebook.com\\/nanoweb.vn\\\"><a href=\\\"https:\\/\\/www.facebook.com\\/nanoweb.vn\\\">Nanoweb<\\/a><\\/blockquote>\\r\\n<\\/div>\\r\\n<\\/div>\\r\\n\",\"showallpage\":\"1\",\"widget_title\":\"Facebook\",\"show_wiget_title\":\"1\"}',[now],[now]);
INSERT INTO page_widget_config (id, page_widget_id, site_id, user_id, config_data, created_time, modified_time) VALUES (null,@page_widgets1864,[site_id],[user_id],'{\"limit\":\"5\",\"showallpage\":\"1\",\"widget_title\":\"S\\u1ea3n ph\\u1ea9m n\\u1ed5i b\\u1eadt\",\"show_wiget_title\":\"1\"}',[now],[now]);
INSERT INTO page_widget_config (id, page_widget_id, site_id, user_id, config_data, created_time, modified_time) VALUES (null,@page_widgets1865,[site_id],[user_id],'{\"limit\":\"4\",\"showallpage\":\"1\",\"widget_title\":\"H\\u1ed7 tr\\u1ee3 tr\\u1ef1c tuy\\u1ebfn\",\"show_wiget_title\":\"1\"}',[now],[now]);
INSERT INTO page_widget_config (id, page_widget_id, site_id, user_id, config_data, created_time, modified_time) VALUES (null,@page_widgets1867,[site_id],[user_id],'{\"type\":\"product\",\"parent\":0,\"showallpage\":\"0\",\"widget_title\":\"Danh m\\u1ee5c s\\u1ea3n ph\\u1ea9m\",\"show_wiget_title\":\"1\"}',[now],[now]);
INSERT INTO page_widget_config (id, page_widget_id, site_id, user_id, config_data, created_time, modified_time) VALUES (null,@page_widgets1868,[site_id],[user_id],'{\"type\":\"product\",\"parent\":0,\"showallpage\":\"0\",\"widget_title\":\"Danh m\\u1ee5c s\\u1ea3n ph\\u1ea9m\",\"show_wiget_title\":\"1\"}',[now],[now]);
INSERT INTO page_widget_config (id, page_widget_id, site_id, user_id, config_data, created_time, modified_time) VALUES (null,@page_widgets1872,[site_id],[user_id],CONCAT('{"banner_group_id":',@banner_groups293,',"limit":"10","showallpage":"1","widget_title":"Banner trái","show_wiget_title":"0"}'),[now],[now]);
INSERT INTO page_widget_config (id, page_widget_id, site_id, user_id, config_data, created_time, modified_time) VALUES (null,@page_widgets1882,[site_id],[user_id],CONCAT('{"group_id":',@menu_groups122,',"directfrom":"left","showallpage":"1","widget_title":"Menu","show_wiget_title":"0"}'),[now],[now]);
INSERT INTO page_widget_config (id, page_widget_id, site_id, user_id, config_data, created_time, modified_time) VALUES (null,@page_widgets1883,[site_id],[user_id],'{\"showallpage\":\"1\",\"widget_title\":\"Shopping cart\",\"show_wiget_title\":\"0\"}',[now],[now]);
INSERT INTO page_widget_config (id, page_widget_id, site_id, user_id, config_data, created_time, modified_time) VALUES (null,@page_widgets1885,[site_id],[user_id],'{\"showcat\":\"0\",\"showallpage\":\"1\",\"widget_title\":\"Search box\",\"show_wiget_title\":\"0\"}',[now],[now]);
INSERT INTO page_widget_config (id, page_widget_id, site_id, user_id, config_data, created_time, modified_time) VALUES (null,@page_widgets1886,[site_id],[user_id],'{\"limit\":\"10\",\"showallpage\":\"1\",\"widget_title\":\"Support\",\"show_wiget_title\":\"0\"}',[now],[now]);
INSERT INTO page_widget_config (id, page_widget_id, site_id, user_id, config_data, created_time, modified_time) VALUES (null,@page_widgets1887,[site_id],[user_id],'{\"helptext\":\"Vui l\\u00f2ng \\u0111i\\u1ec1n v\\u00e0o form \\u0111\\u0103ng k\\u00ed \\u0111\\u1ec3 nh\\u1eadn th\\u00f4ng tin khuy\\u1ebfn m\\u1ea1i t\\u1eeb ch\\u00fang t\\u00f4i. Xin ch\\u00e2n th\\u00e0nh c\\u1ea3m \\u01a1n!\",\"showallpage\":\"1\",\"widget_title\":\"\\u0110\\u0103ng k\\u00fd nh\\u1eadn b\\u1ea3n tin\",\"show_wiget_title\":\"1\"}',[now],[now]);
INSERT INTO page_widget_config (id, page_widget_id, site_id, user_id, config_data, created_time, modified_time) VALUES (null,@page_widgets1888,[site_id],[user_id],CONCAT('{"banner_group_id":',@banner_groups292,',"timeDelay":"4000","style":"style1","limit":"10","showallpage":"0","widget_title":"Nhóm banner","show_wiget_title":"0"}'),[now],[now]);
INSERT INTO page_widget_config (id, page_widget_id, site_id, user_id, config_data, created_time, modified_time) VALUES (null,@page_widgets1901,[site_id],[user_id],'{\"limit\":\"6\",\"showallpage\":\"0\",\"widget_title\":\"N\\u1ed5i b\\u1eadt\",\"show_wiget_title\":\"1\"}',[now],[now]);
INSERT INTO page_widget_config (id, page_widget_id, site_id, user_id, config_data, created_time, modified_time) VALUES (null,@page_widgets1902,[site_id],[user_id],CONCAT('{"banner_group_id":',@banner_groups295,',"limit":"1","showallpage":"0","widget_title":"Banner 1","show_wiget_title":"0"}'),[now],[now]);
INSERT INTO page_widget_config (id, page_widget_id, site_id, user_id, config_data, created_time, modified_time) VALUES (null,@page_widgets1903,[site_id],[user_id],CONCAT('{"limit":"3","cat_id":',@news_categories358,',"showallpage":"0","widget_title":"Tin tức","show_wiget_title":"0"}'),[now],[now]);
INSERT INTO page_widget_config (id, page_widget_id, site_id, user_id, config_data, created_time, modified_time) VALUES (null,@page_widgets1904,[site_id],[user_id],CONCAT('{"banner_group_id":',@banner_groups294,',"limit":"1","showallpage":"0","widget_title":"Banner 2","show_wiget_title":"0"}'),[now],[now]);
INSERT INTO page_widget_config (id, page_widget_id, site_id, user_id, config_data, created_time, modified_time) VALUES (null,@page_widgets1905,[site_id],[user_id],'{\"limit\":\"6\",\"showallpage\":\"0\",\"widget_title\":\"S\\u1ea3n ph\\u1ea9m m\\u1edbi\",\"show_wiget_title\":\"1\"}',[now],[now]);

