UPDATE sites SET site_logo='/mediacenter/media/images/156/logo/702_1441937941_4555f23a15d0f08.png',footercontent=' <div class=\"company\">\r\n                            <div class=\"title-bt\"><span>RIOFOOD.COM.VN</span></div>\r\n                        </div>\r\n                        <p class=\"welcome\">\r\n                            RIOFOOD.COM.VN đã khẳng định vị trí hàng đầu về giảng dạy và đào tạo nấu ăn, pha chế cho tất cả mọi đối tượng trong và ngoài nước.  \r\n                        </p>\r\n                        <p class=\"address\">Địa chỉ: 9A3 Ngõ 7 Kim Mã Thượng , Ba Đình, Hà Nội <br>\r\n                            Email: info@riofood.vn <br>\r\n                            Điện thoại: 0913 344 441\r\n                        </p>',contact='<p style=\"color: rgb(51, 51, 51); font-family: sans-serif, Arial, Verdana, \'Trebuchet MS\'; font-size: 13px; font-style: normal; font-variant: normal; font-weight: normal; letter-spacing: normal; line-height: 20.7999992370605px; orphans: auto; text-align: start; text-indent: 0px; text-transform: none; white-space: normal; widows: auto; word-spacing: 0px; -webkit-text-stroke-width: 0px;\">CÔNG TY CỔ PHẦN NĂNG LƯỢNG QUỐC TẾ VIỆT NHẬT<br />\r\nWebsite: www.nangluongfujisolar.com<br />\r\nĐịa chỉ : Đ/c: 859 đường Quang Trung, Hà Đông, Hà Nội<br />\r\nSố Điện Thoại : 0916910930</p>\r\n\r\n<p style=\"color: rgb(51, 51, 51); font-family: sans-serif, Arial, Verdana, \'Trebuchet MS\'; font-size: 13px; font-style: normal; font-variant: normal; font-weight: normal; letter-spacing: normal; line-height: 20.7999992370605px; orphans: auto; text-align: start; text-indent: 0px; text-transform: none; white-space: normal; widows: auto; word-spacing: 0px; -webkit-text-stroke-width: 0px;\"><em>Xin vui lòng điền các yêu cầu vào form dưới đây và gửi cho chúng tôi. Chúng tôi sẽ trả lời bạn ngay sau khi nhận được. Xin chân thành cảm ơn!</em></p>\r\n',admin_default='economy' WHERE site_id=[site_id];

INSERT INTO site_introduces (site_id,user_id, title, sortdesc, description, image_path, image_name, meta_keywords, meta_description, meta_title, created_time, modified_time) VALUES ([site_id],[user_id],'Giới thiệu về Joey Roth','','<p>Joey Roth đã chọn mình để mang lại cho la bàn bằng gỗ của mình với thế giới. Và Loa gốm tuyệt đẹp của mình. Và thủ công của mình, tự tưới nước trồng.</p>\r\n\r\n<p>Bằng cách chọn mình và (nhất) bằng cách làm cho công việc mà tiếng vang, anh mang nghệ thuật của mình cho những người quan tâm đến nó, hàng ngày.</p>\r\n\r\n<p>- Seth Godin</p>\r\n\r\n<p>Joey đã được sinh ra tại San Francisco và lớn lên ở New Jersey. Ông tốt nghiệp từ Swarthmore với bằng Cử nhân Thiết kế công nghiệp Theory. Khi nghỉ ngơi từ thiết kế, anh thích trượt ván đường dài, đọc sách và hoàn thiện BBQ của mình.</p>\r\n\r\n<p>Jana lớn lên ở Manhattan, nhưng nguồn cảm hứng của cô đến càng nhiều từ sa mạc như cảnh quan đô thị. Bà học tại Brown và CCA, và bắt đầu cộng tác với Joey ngay sau khi họ gặp nhau. Cô ấy là một nhà thiết kế, nàng thơ, và đứng đầu hoạt động cho các studio.</p>\r\n','','','','','',[now],[now]);

INSERT INTO site_support (site_id,user_id,`data`, created_time, modified_time) VALUES ([site_id],[user_id],'[{\"type\":\"phone\",\"phone\":\"0948 854 888\"},{\"type\":\"yahoo\",\"nick\":\"lvmhoang28\",\"title\":\"H\\u1ed7 tr\\u1ee3 1\"},{\"type\":\"skype\",\"nick\":\"lvmhoang28\",\"title\":\"H\\u1ed7 tr\\u1ee3 2\"}]',[now],[now]);

INSERT INTO maps (id,site_id, user_id, latlng, `name`, address, email, phone, website, headoffice, `order`, created_time, modified_time) VALUES (null,[site_id],[user_id],'21.007066,105.831931','Công ty Công Nghệ Nanoweb','82 Phạm Ngọc Thạch - Đống Đa - Hà nội','support@web3nhat.com','0948854888','web3nhat.vn',1,0,[now],[now]);


INSERT INTO banner_groups (banner_group_id, banner_group_name, banner_group_description, site_id, user_id, width, height, created_time)  VALUES (null, 'Nhóm banner slide home', '', '[site_id]', '[user_id]', '1140', '750', '[now]');
set @banner_groups308 = LAST_INSERT_ID();
INSERT INTO banner_groups (banner_group_id, banner_group_name, banner_group_description, site_id, user_id, width, height, created_time)  VALUES (null, 'Nhóm banner bên trái', '', '[site_id]', '[user_id]', '257', '0', '[now]');
set @banner_groups309 = LAST_INSERT_ID();
INSERT INTO banner_groups (banner_group_id, banner_group_name, banner_group_description, site_id, user_id, width, height, created_time)  VALUES (null, 'Nhóm banner khách hàng', '', '[site_id]', '[user_id]', '0', '80', '[now]');
set @banner_groups310 = LAST_INSERT_ID();
INSERT INTO banner_groups (banner_group_id, banner_group_name, banner_group_description, site_id, user_id, width, height, created_time)  VALUES (null, 'Banner Social', '', '[site_id]', '[user_id]', '30', '30', '[now]');
set @banner_groups311 = LAST_INSERT_ID();


INSERT INTO banners (banner_id, site_id, banner_group_id, banner_name, banner_description, banner_src, banner_width, banner_height, banner_link, banner_type, banner_order, banner_rules, banner_target, created_time, banner_showall) VALUES (null, [site_id],@banner_groups309, 'Thiết kế web','','/mediacenter/media/files/99/banners/168_1429179196_365552f8b3c88969.gif',257,0,'http://web3nhat.vn',1,0,'',0,[now],1);
set @banners743 = LAST_INSERT_ID();
INSERT INTO banners (banner_id, site_id, banner_group_id, banner_name, banner_description, banner_src, banner_width, banner_height, banner_link, banner_type, banner_order, banner_rules, banner_target, created_time, banner_showall) VALUES (null, [site_id],@banner_groups308, 'Banner 2','<p>Tạo banner đơn giản hơn rồi!</p>\r\n','/mediacenter/media/files/156/banners/628_1441939352_78355f23f98a9ba1.jpg',1140,750,'',1,0,'',0,[now],1);
set @banners757 = LAST_INSERT_ID();
INSERT INTO banners (banner_id, site_id, banner_group_id, banner_name, banner_description, banner_src, banner_width, banner_height, banner_link, banner_type, banner_order, banner_rules, banner_target, created_time, banner_showall) VALUES (null, [site_id],0, 'banner top','','/mediacenter/media/files/102/banners/281_1433758382_44255756aae68d6f.png',612,0,'',1,0,'',0,[now],1);
set @banners745 = LAST_INSERT_ID();
INSERT INTO banners (banner_id, site_id, banner_group_id, banner_name, banner_description, banner_src, banner_width, banner_height, banner_link, banner_type, banner_order, banner_rules, banner_target, created_time, banner_showall) VALUES (null, [site_id],@banner_groups310, 'Banner 5','','/mediacenter/media/files/156/banners/965_1441941405_76155f2479db99ea.jpg',0,80,'',1,0,'',0,[now],1);
set @banners762 = LAST_INSERT_ID();
INSERT INTO banners (banner_id, site_id, banner_group_id, banner_name, banner_description, banner_src, banner_width, banner_height, banner_link, banner_type, banner_order, banner_rules, banner_target, created_time, banner_showall) VALUES (null, [site_id],@banner_groups310, 'Banner 4','','/mediacenter/media/files/156/banners/847_1441941388_82855f2478cbef45.jpg',0,80,'',1,0,'',0,[now],1);
set @banners761 = LAST_INSERT_ID();
INSERT INTO banners (banner_id, site_id, banner_group_id, banner_name, banner_description, banner_src, banner_width, banner_height, banner_link, banner_type, banner_order, banner_rules, banner_target, created_time, banner_showall) VALUES (null, [site_id],@banner_groups310, 'Banner 3','','/mediacenter/media/files/156/banners/794_1441941375_70855f2477f351c7.jpg',0,80,'',1,0,'',0,[now],1);
set @banners760 = LAST_INSERT_ID();
INSERT INTO banners (banner_id, site_id, banner_group_id, banner_name, banner_description, banner_src, banner_width, banner_height, banner_link, banner_type, banner_order, banner_rules, banner_target, created_time, banner_showall) VALUES (null, [site_id],@banner_groups311, 'Banner 1','','/mediacenter/media/files/118/banners/168_1435662326_894559277f7000f9.png',30,30,'',1,1,'',0,[now],1);
set @banners749 = LAST_INSERT_ID();
INSERT INTO banners (banner_id, site_id, banner_group_id, banner_name, banner_description, banner_src, banner_width, banner_height, banner_link, banner_type, banner_order, banner_rules, banner_target, created_time, banner_showall) VALUES (null, [site_id],@banner_groups311, 'Banner 2','','/mediacenter/media/files/118/banners/757_1435662340_2695592780432695.png',30,30,'',1,2,'',0,[now],1);
set @banners750 = LAST_INSERT_ID();
INSERT INTO banners (banner_id, site_id, banner_group_id, banner_name, banner_description, banner_src, banner_width, banner_height, banner_link, banner_type, banner_order, banner_rules, banner_target, created_time, banner_showall) VALUES (null, [site_id],@banner_groups311, 'Banner 4','','/mediacenter/media/files/118/banners/356_1435662351_2095592780f99766.png',30,30,'',1,3,'',0,[now],1);
set @banners751 = LAST_INSERT_ID();
INSERT INTO banners (banner_id, site_id, banner_group_id, banner_name, banner_description, banner_src, banner_width, banner_height, banner_link, banner_type, banner_order, banner_rules, banner_target, created_time, banner_showall) VALUES (null, [site_id],@banner_groups310, 'Banner 2','','/mediacenter/media/files/156/banners/615_1441941364_12155f247744c3ef.jpg',0,80,'',1,0,'',0,[now],1);
set @banners759 = LAST_INSERT_ID();
INSERT INTO banners (banner_id, site_id, banner_group_id, banner_name, banner_description, banner_src, banner_width, banner_height, banner_link, banner_type, banner_order, banner_rules, banner_target, created_time, banner_showall) VALUES (null, [site_id],@banner_groups310, 'Banner 1','','/mediacenter/media/files/156/banners/955_1441941352_81955f24768acc4f.jpg',0,80,'',1,0,'',0,[now],1);
set @banners758 = LAST_INSERT_ID();
INSERT INTO banners (banner_id, site_id, banner_group_id, banner_name, banner_description, banner_src, banner_width, banner_height, banner_link, banner_type, banner_order, banner_rules, banner_target, created_time, banner_showall) VALUES (null, [site_id],@banner_groups309, 'Banner 3','','/mediacenter/media/files/140/banners/746_1439951245_78455d3e98d9547d.jpg',257,0,'',1,0,'',0,[now],1);
set @banners754 = LAST_INSERT_ID();
INSERT INTO banners (banner_id, site_id, banner_group_id, banner_name, banner_description, banner_src, banner_width, banner_height, banner_link, banner_type, banner_order, banner_rules, banner_target, created_time, banner_showall) VALUES (null, [site_id],@banner_groups308, 'Banner 1','<p>Làm website chưa bao giờ đơn giản hơn thế!<br />\r\n&nbsp;</p>\r\n','/mediacenter/media/files/156/banners/273_1441939306_71055f23f6abf963.jpg',1140,750,'',1,0,'',0,[now],1);
set @banners756 = LAST_INSERT_ID();
INSERT INTO banners (banner_id, site_id, banner_group_id, banner_name, banner_description, banner_src, banner_width, banner_height, banner_link, banner_type, banner_order, banner_rules, banner_target, created_time, banner_showall) VALUES (null, [site_id],@banner_groups310, 'Banner 6','','/mediacenter/media/files/156/banners/227_1441941424_43255f247b0c9c5f.jpg',0,80,'',1,0,'',0,[now],1);
set @banners763 = LAST_INSERT_ID();


INSERT INTO news_categories (cat_id, site_id, user_id, cat_parent, cat_name, `alias`, cat_order, cat_description, cat_countchild, image_path, image_name, `status`, created_time, modified_time, showinhome, meta_keywords, meta_description, meta_title) VALUES (null,[site_id],[user_id],0,'Tin tức','tin-tuc',15,'',0,'','',1,[now], [now],1,'','','');
set @news_categories373 = LAST_INSERT_ID();
INSERT INTO news (news_id, news_category_id, news_title, news_sortdesc, news_desc, `alias`, `status`, meta_keywords, meta_description, site_id, user_id, image_path, image_name, created_time, modified_time, modified_by, news_hot, news_source, poster, publicdate) VALUES (null,@news_categories373,'Ấn tượng loa sứ Joey Roth','Là cục cưng của nhà thiết kế Joey Roth, bộ loa điện tử Ceramic Speakers sử dụng chất liệu sứ trắng ngà đặt trên chân đế bằng gỗ Baltic nhìn thật sang trọng.','<p style=\"margin: 0px 0px 8px; padding: 0px; color: rgb(0, 0, 0); font-family: \'Times New Roman\', Times, serif; font-size: 18px; line-height: 24px; text-align: justify;\">&nbsp;</p>\r\n\r\n<p style=\"margin: 0px 0px 8px; padding: 0px; color: rgb(0, 0, 0); font-family: \'Times New Roman\', Times, serif; font-size: 18px; line-height: 24px; text-align: center;\"><img alt=\"\" src=\"http://w3ni201.web3nhat.net/data/media/156/images/82a5b4f2c28f79b189b3b4f099d6703a_1.jpg\" style=\"width: 400px; height: 197px;\" /></p>\r\n\r\n<p style=\"margin: 0px 0px 8px; padding: 0px; color: rgb(0, 0, 0); font-family: \'Times New Roman\', Times, serif; font-size: 18px; line-height: 24px; text-align: center;\"><img alt=\"\" src=\"http://w3ni201.web3nhat.net/data/media/156/images/8a0dfa5dd4b17449ffefbb3e356c5338_1.jpg\" style=\"width: 400px; height: 195px;\" /></p>\r\n\r\n<p style=\"margin: 0px 0px 8px; padding: 0px; color: rgb(0, 0, 0); font-family: \'Times New Roman\', Times, serif; font-size: 18px; line-height: 24px; text-align: justify;\"><span class=\"PBody\">Màn loa làm từ giấy giấy nam châm Neodymium dẻo dai, các đầu dây dẫn mạ ánh kim đẹp tuyệt và dây dẫn đều có lõi làm bằng sợi đồng đỏ. Ngoài ra, bộ ampli đi kèm cũng được độ bằng thép không gỉ ấn tượng.</span></p>\r\n\r\n<p style=\"margin: 0px 0px 8px; padding: 0px; color: rgb(0, 0, 0); font-family: \'Times New Roman\', Times, serif; font-size: 18px; line-height: 24px; text-align: justify;\"><span class=\"PBody\">Hiện tại, bộ loa sứ Joey Roth đang rao bán trên mạng với giá 495 USD (khoảng 9,5 triệu đồng).</span></p>\r\n','an-tuong-loa-su-joey-roth',1,'','',[site_id],[user_id],'/media/images/156/news/ava/','323_1441963915_65755f29f8b0493d.jpg',[now], [now],[user_id],0,'','',[now]);set @news579 = LAST_INSERT_ID();
INSERT INTO news (news_id, news_category_id, news_title, news_sortdesc, news_desc, `alias`, `status`, meta_keywords, meta_description, site_id, user_id, image_path, image_name, created_time, modified_time, modified_by, news_hot, news_source, poster, publicdate) VALUES (null,@news_categories373,'Bộ loa sứ trắng muốt của Joey Roth','Bộ loa sứ của hãng Joey Roth là sự pha trộn hài hòa giữa phong cách thiết kế và nhu cầu âm thanh.','<p><span style=\"color: rgb(0, 0, 0); font-family: Baomoi, Arial, Helvetica, sans-serif; font-size: 16px; line-height: 22px;\">Bộ loa sứ của Joey Roth bao gồm hai loa và một ampli 15 Watt đi kèm. Hai loa đều có vỏ ngoài làm bằng sứ, màu trắng muốt, là kiểu loa dài 8\" , được cho là phù hợp với hệ thống âm thanh 2 kênh của các audiophile \"sành điệu\". Nút sau của loa được làm từ gỗ bulô Baltic, cùng chất liệu với chân đế đặt loa. Củ loa có vành giấy nam châm Neodymium, tần số đáp ứng nằm trong khoảng 70 Hz đến 20.000 Hz, độ nhạy 89 dB với điện trở 4 Ohm. Ampli 15 Watt đi kèm là mẫu ampli Tripath 2024 T-amp được độ lại có vỏ ngoài bằng thép không gỉ đặt trên đế bằng gang chắc chắn. Theo HEmagazine, bộ loa sứ của Joey Roth có thể đặt hàng trực tiếp qua mạng với giá 495 USD. Hình ảnh về bộ loa sứ của Joey Roth. Tuấn Anh Ảnh: Joeyroth</span></p>\r\n','bo-loa-su-trang-muot-cua-joey-roth',1,'','',[site_id],[user_id],'/media/images/156/news/ava/','40_1441958934_51255f28c163c6c8.jpg',[now], [now],[user_id],0,'','',[now]);set @news578 = LAST_INSERT_ID();




INSERT INTO product_attribute_set (id, `name`, `code`, sort_order, site_id) VALUES (null,'Nhóm thuộc tính chung','chung',1,[site_id]);
set @product_attribute_set47 = LAST_INSERT_ID();

INSERT INTO product_categories (cat_id, site_id, attribute_set_id, cat_parent, cat_name, `alias`, cat_order, cat_description, cat_countchild, image_path, image_name, `status`, created_time, modified_time, showinhome, meta_keywords, meta_description, icon_path, icon_name) VALUES (null,[site_id],@product_attribute_set47,0,'Sản phẩm','san-pham',1,'',0,'','',1,[now], [now],1,'','','','');
set @product_categories1010 = LAST_INSERT_ID();



INSERT INTO product_attribute (`id`, `name`, `code`, `attribute_set_id`, `type`, `frontend_input`, `frontend_label`, `default_value`, `is_configurable`, `is_filterable`, `field_product`, `is_frontend`, `is_system`, `sort_order`,`field_configurable`,`type_option`,`site_id`) VALUES (null,'Xuất xứ','xuat-xu',@product_attribute_set47,'static','select','','',1,1,1,1,1,2,0,0,[site_id]);
set @product_attribute76 = LAST_INSERT_ID();

INSERT INTO product_attribute_option (`id`, `attribute_id`, `index_key`, `sort_order`, `value`,`ext`,`site_id`) VALUES (null,@product_attribute76,329,0,'Nhật bản','',[site_id]);
set @product_attribute_option329 = LAST_INSERT_ID();
UPDATE product_attribute_option SET index_key=id WHERE id=@product_attribute_option329;
INSERT INTO product_attribute_option (`id`, `attribute_id`, `index_key`, `sort_order`, `value`,`ext`,`site_id`) VALUES (null,0,2,0,'123','',[site_id]);
set @product_attribute_option330 = LAST_INSERT_ID();
INSERT INTO product_attribute_option (`id`, `attribute_id`, `index_key`, `sort_order`, `value`,`ext`,`site_id`) VALUES (null,0,3,0,'Sơn hà','',[site_id]);
set @product_attribute_option331 = LAST_INSERT_ID();
INSERT INTO product_attribute_option (`id`, `attribute_id`, `index_key`, `sort_order`, `value`,`ext`,`site_id`) VALUES (null,@product_attribute76,332,0,'Mỹ','',[site_id]);
set @product_attribute_option332 = LAST_INSERT_ID();
UPDATE product_attribute_option SET index_key=id WHERE id=@product_attribute_option332;
INSERT INTO product_attribute_option (`id`, `attribute_id`, `index_key`, `sort_order`, `value`,`ext`,`site_id`) VALUES (null,@product_attribute76,333,0,'Úc','',[site_id]);
set @product_attribute_option333 = LAST_INSERT_ID();
UPDATE product_attribute_option SET index_key=id WHERE id=@product_attribute_option333;

INSERT INTO product (`id`, `attribute_set_id`, `name`, `code`, `alias`, `ishot`, `price`, `price_market`, `price_discount`, `price_discount_percent`, `avatar_id`, `avatar_path`, `avatar_name`, `currency`, `include_vat`, `quantity`, `position`, `product_category_id`, `category_track`, `status`, `state`, `created_user`, `created_time`, `modified_user`, `modified_time`, `site_id`, `meta_keywords`, `meta_description`, `meta_title`, `list_product_relate`, `isnew`, `manufacturer_id`, `cus_field1`, `cus_field2`, `cus_field3`, `cus_field4`, `cus_field5`, `cus_field6`, `cus_field7`, `cus_field8`, `cus_field9`, `cus_field10`, `cus_field11`, `cus_field12`, `cus_field13`, `cus_field14`, `cus_field15`, `cus_field16`, `cus_field17`, `cus_field18`, `cus_field19`, `cus_field20`, `cus_field21`, `cus_field22`, `cus_field23`, `cus_field24`, `cus_field25`, `cus_field26`, `cus_field27`, `cus_field28`, `cus_field29`, `cus_field30`, `cus_field31`, `cus_field32`, `cus_field33`, `cus_field34`, `cus_field35`, `cus_field36`, `cus_field37`, `cus_field38`) VALUES (null,null,'Letterpress Prints','','letterpress-prints',1,0.00,0.00,0.00,0,0,'/media/images/products/156/1/','515_1441963872_79755f29f60afc7d.jpg','',0,0,1000,@product_categories1010,CONCAT(@product_categories1010),1,1,[user_id],[now],[user_id],[now],[site_id],'','','','',1,0,0,0,0,0,0,0,0,0,0,0,0,0,0,0,0,0,0,0,0.0000,0.0000,0.0000,0.0000,0.0000,0.0000,0.0000,0.0000,0,0,0,0,0,0,0,0,0,0,0,0);
set @product910 = LAST_INSERT_ID();
INSERT INTO product (`id`, `attribute_set_id`, `name`, `code`, `alias`, `ishot`, `price`, `price_market`, `price_discount`, `price_discount_percent`, `avatar_id`, `avatar_path`, `avatar_name`, `currency`, `include_vat`, `quantity`, `position`, `product_category_id`, `category_track`, `status`, `state`, `created_user`, `created_time`, `modified_user`, `modified_time`, `site_id`, `meta_keywords`, `meta_description`, `meta_title`, `list_product_relate`, `isnew`, `manufacturer_id`, `cus_field1`, `cus_field2`, `cus_field3`, `cus_field4`, `cus_field5`, `cus_field6`, `cus_field7`, `cus_field8`, `cus_field9`, `cus_field10`, `cus_field11`, `cus_field12`, `cus_field13`, `cus_field14`, `cus_field15`, `cus_field16`, `cus_field17`, `cus_field18`, `cus_field19`, `cus_field20`, `cus_field21`, `cus_field22`, `cus_field23`, `cus_field24`, `cus_field25`, `cus_field26`, `cus_field27`, `cus_field28`, `cus_field29`, `cus_field30`, `cus_field31`, `cus_field32`, `cus_field33`, `cus_field34`, `cus_field35`, `cus_field36`, `cus_field37`, `cus_field38`) VALUES (null,null,'Self-Watering Planters','','self-watering-planters',1,0.00,0.00,0.00,0,0,'/media/images/products/156/1/','744_1441957157_19755f285255d867.jpg','',0,0,1000,@product_categories1010,CONCAT(@product_categories1010),1,1,[user_id],[now],[user_id],[now],[site_id],'','','','',1,0,0,0,0,0,0,0,0,0,0,0,0,0,0,0,0,0,0,0,0.0000,0.0000,0.0000,0.0000,0.0000,0.0000,0.0000,0.0000,0,0,0,0,0,0,0,0,0,0,0,0);
set @product909 = LAST_INSERT_ID();
INSERT INTO product (`id`, `attribute_set_id`, `name`, `code`, `alias`, `ishot`, `price`, `price_market`, `price_discount`, `price_discount_percent`, `avatar_id`, `avatar_path`, `avatar_name`, `currency`, `include_vat`, `quantity`, `position`, `product_category_id`, `category_track`, `status`, `state`, `created_user`, `created_time`, `modified_user`, `modified_time`, `site_id`, `meta_keywords`, `meta_description`, `meta_title`, `list_product_relate`, `isnew`, `manufacturer_id`, `cus_field1`, `cus_field2`, `cus_field3`, `cus_field4`, `cus_field5`, `cus_field6`, `cus_field7`, `cus_field8`, `cus_field9`, `cus_field10`, `cus_field11`, `cus_field12`, `cus_field13`, `cus_field14`, `cus_field15`, `cus_field16`, `cus_field17`, `cus_field18`, `cus_field19`, `cus_field20`, `cus_field21`, `cus_field22`, `cus_field23`, `cus_field24`, `cus_field25`, `cus_field26`, `cus_field27`, `cus_field28`, `cus_field29`, `cus_field30`, `cus_field31`, `cus_field32`, `cus_field33`, `cus_field34`, `cus_field35`, `cus_field36`, `cus_field37`, `cus_field38`) VALUES (null,null,'Sorapot','','sorapot',1,0.00,0.00,0.00,0,0,'/media/images/products/156/1/','208_1441958312_96155f289a83e34e.jpg','',0,0,1000,@product_categories1010,CONCAT(@product_categories1010),1,1,[user_id],[now],[user_id],[now],[site_id],'','','','',1,0,0,0,0,0,0,0,0,0,0,0,0,0,0,0,0,0,0,0,0.0000,0.0000,0.0000,0.0000,0.0000,0.0000,0.0000,0.0000,0,0,0,0,0,0,0,0,0,0,0,0);
set @product908 = LAST_INSERT_ID();
INSERT INTO product (`id`, `attribute_set_id`, `name`, `code`, `alias`, `ishot`, `price`, `price_market`, `price_discount`, `price_discount_percent`, `avatar_id`, `avatar_path`, `avatar_name`, `currency`, `include_vat`, `quantity`, `position`, `product_category_id`, `category_track`, `status`, `state`, `created_user`, `created_time`, `modified_user`, `modified_time`, `site_id`, `meta_keywords`, `meta_description`, `meta_title`, `list_product_relate`, `isnew`, `manufacturer_id`, `cus_field1`, `cus_field2`, `cus_field3`, `cus_field4`, `cus_field5`, `cus_field6`, `cus_field7`, `cus_field8`, `cus_field9`, `cus_field10`, `cus_field11`, `cus_field12`, `cus_field13`, `cus_field14`, `cus_field15`, `cus_field16`, `cus_field17`, `cus_field18`, `cus_field19`, `cus_field20`, `cus_field21`, `cus_field22`, `cus_field23`, `cus_field24`, `cus_field25`, `cus_field26`, `cus_field27`, `cus_field28`, `cus_field29`, `cus_field30`, `cus_field31`, `cus_field32`, `cus_field33`, `cus_field34`, `cus_field35`, `cus_field36`, `cus_field37`, `cus_field38`) VALUES (null,null,'Ceramic Speakers - JOEY ROTH','','ceramic-speakers---joey-roth',1,0.00,0.00,0.00,0,0,'/media/images/products/156/1/','209_1441957639_14255f287073d561.jpg','',0,0,1000,@product_categories1010,CONCAT(@product_categories1010),1,1,[user_id],[now],[user_id],[now],[site_id],'','','','',1,0,0,0,0,0,0,0,0,0,0,0,0,0,0,0,0,0,0,0,0.0000,0.0000,0.0000,0.0000,0.0000,0.0000,0.0000,0.0000,0,0,0,0,0,0,0,0,0,0,0,0);
set @product906 = LAST_INSERT_ID();

INSERT INTO product_info (product_id, product_sortdesc, product_desc, dynamic_field, meta_title, meta_keywords, meta_description, list_product_relate, site_id) VALUES (@product906,'Làm thế nào để kết nối Subwoofer với phiên bản trước (phiên bản 1 và 2) của loa gốm?','<p>Các Subwoofer là hoàn toàn tương thích với mọi phiên bản của loa Ceramic. Các bao gồm RCA để cắm 3,5 mm cáp được sử dụng để kết nối Subwoofer vào đầu vào 3,5mm trên mặt sau của bộ khuếch đại ban đầu của bạn. Các phiên bản mới 3 bộ khuếch đại kết nối với loa siêu trầm bằng cách sử dụng bao gồm các RCA để cáp RCA.</p>\r\n\r\n<p>Làm thế nào để kết nối các hệ thống loa gốm đến một máy ghi âm?<br />\r\nHầu hết người chơi ghi lại đòi hỏi một phono pre-amp để kết nối với các hệ thống loa Ceramic. Trước tiên, bạn sẽ kết nối các bàn xoay để đầu vào pre-amp, sau đó đầu ra của pre-amp để nhập vào các hệ thống của gốm loa.</p>\r\n\r\n<p>Điều gì xảy ra nếu một phần phá vỡ trong quá trình vận chuyển?<br />\r\nBất kỳ một phần của hệ thống, bao gồm cả thành phần gốm, mà bị hư hỏng trong quá trình vận chuyển hoặc không hoạt động khi đến nơi sẽ được thay thế ngay lập tức, miễn phí.</p>\r\n\r\n<p>Liệu Gốm việc hệ thống loa với các cửa hàng quốc tế?<br />\r\nHệ thống này tương thích với 110v đến 240v nguồn điện, trong đó bao gồm tất cả các nước trên thế giới. Các bộ chuyển đổi duy nhất bạn cần là, loại rẻ tiền đơn giản có thể chuyển đổi hình dạng của các plug Mỹ để ổ cắm tiêu chuẩn của nước bạn. Một chuyển đổi điện áp sẽ không cần thiết.</p>\r\n','','','','','',[site_id]);
INSERT INTO product_info (product_id, product_sortdesc, product_desc, dynamic_field, meta_title, meta_keywords, meta_description, list_product_relate, site_id) VALUES (@product908,'Đầu tư là chính xác nhất và cũng là quá trình đúc kim loại cổ xưa nhất. Đó là lý tưởng cho các thiết kế có chảy, hình dạng hữu cơ, từ đồ trang sức để tuabin cánh quạt để ấm hiện đại. Sau khi đến từ các xưởng đúc, đánh bóng kỹ năng mang lại cho mỗi Sorapot đến một kết thúc satin chải bằng tay. Tìm hiểu thêm thông tin về đầu tư đúc tại.','<p>Chúng tôi thiết kế Sorapot 2 để pha trà tháo rời. Oolong và Pu-erh trà được yêu thích của chúng tôi, nhưng Sorapot 2 hoạt động cũng như với các loại trà xanh, trắng và đen. Toàn bộ buồng kính brew của Sorapot có sẵn những chiếc lá giăng như họ nấu. Khi truyền trà đã xong ngâm, bộ lọc lưới tốt giữ lá trong khi cho phép các trà đổ ra.</p>\r\n\r\n<p>Khi Sorapot 2 mở cửa, các ống thủy tinh borosilicate tách ra từ vòm thép không gỉ để làm sạch. Các bộ lọc cũng có thể truy cập ở vị trí này, và lá đã qua sử dụng được dễ dàng rửa sạch. Tất cả các mảnh được máy rửa chén an toàn.</p>\r\n','','','','','',[site_id]);
INSERT INTO product_info (product_id, product_sortdesc, product_desc, dynamic_field, meta_title, meta_keywords, meta_description, list_product_relate, site_id) VALUES (@product909,'Thiết kế Inspiration\r\n\r\nCác ý tưởng cho sự tự tưới Planters đến từ kế hoạch khu vườn của tôi ở miền Nam California. Trong khi nghiên cứu các phương pháp tưới tiêu, tôi phát hiện ra Olla. Đây là một bình đất sét đơn giản đó là chôn cất gần rễ của cây trồng để cung cấp một dòng chảy nhỏ giọt liên tục của nước. Nông dân ở các vùng khô hạn đã sử dụng một số hình thức của Olla hàng ngàn năm. Nó vẫn còn là một cách hiệu quả để tưới mà không có nhiều nước bị mất để bay hơi.','<p>Olla vườn liên quan đến sự can thiệp của con người tối thiểu trong các tương tác tự nhiên giữa rễ và đất. Tôi muốn mang đến sự sang trọng của phương pháp tưới này trong nhà, và tự tưới Planters là kết quả. Tìm hiểu thêm về Olla tại Wikipedia.</p>\r\n\r\n<p>Làm thế nào tự tưới Planters làm việc</p>\r\n\r\n<p>Bức tường xốp tự tưới nước trồng của phép nước trong buồng trung tâm để thấm vào đất xung quanh. Nguồn gốc của cây tìm nguồn gốc của nước trong đất và phát triển xung quanh khoang chính. Thông qua hoạt động mao dẫn, các nhà máy vẽ giống như nhiều nước như chúng cần</p>\r\n','','','','','',[site_id]);
INSERT INTO product_info (product_id, product_sortdesc, product_desc, dynamic_field, meta_title, meta_keywords, meta_description, list_product_relate, site_id) VALUES (@product910,'','<p><img alt=\"\" src=\"http://w3ni201.web3nhat.net/data/media/156/images/hustler_poster_joey_roth_560.png\" style=\"width: 560px; height: 363px;\" /></p>\r\n\r\n<p><img alt=\"\" src=\"http://w3ni201.web3nhat.net/data/media/156/images/Joey_Roth_Letterpress_print_bullet_560.png\" style=\"width: 560px; height: 363px;\" /></p>\r\n\r\n<p><img alt=\"\" src=\"http://w3ni201.web3nhat.net/data/media/156/images/Joey_Roth_Letterpress_print_grind_dream_560.png\" style=\"width: 560px; height: 362px;\" /></p>\r\n\r\n<p><img alt=\"\" src=\"http://w3ni201.web3nhat.net/data/media/156/images/Joey_Roth_Letterpress_print_waves_560.png\" style=\"width: 560px; height: 362px;\" /></p>\r\n\r\n<p>&nbsp;</p>\r\n','','','','','',[site_id]);

INSERT INTO product_configurable (`product_id`,`attribute1_id`,`attribute2_id`,`site_id`) VALUES (@product906,0,0,[site_id]);
INSERT INTO product_configurable (`product_id`,`attribute1_id`,`attribute2_id`,`site_id`) VALUES (@product908,0,0,[site_id]);
INSERT INTO product_configurable (`product_id`,`attribute1_id`,`attribute2_id`,`site_id`) VALUES (@product909,0,0,[site_id]);
INSERT INTO product_configurable (`product_id`,`attribute1_id`,`attribute2_id`,`site_id`) VALUES (@product910,0,0,[site_id]);

INSERT INTO product_configurable_value (`id`, `product_id`, `attribute1_value`, `attribute2_value`, `price`, `multitext`, `site_id`) VALUES (null,@product906,0,0,0.00,'',[site_id]);
set @product_configurable_value162 = LAST_INSERT_ID();
INSERT INTO product_configurable_value (`id`, `product_id`, `attribute1_value`, `attribute2_value`, `price`, `multitext`, `site_id`) VALUES (null,@product908,0,0,0.00,'',[site_id]);
set @product_configurable_value163 = LAST_INSERT_ID();
INSERT INTO product_configurable_value (`id`, `product_id`, `attribute1_value`, `attribute2_value`, `price`, `multitext`, `site_id`) VALUES (null,@product909,0,0,0.00,'',[site_id]);
set @product_configurable_value164 = LAST_INSERT_ID();
INSERT INTO product_configurable_value (`id`, `product_id`, `attribute1_value`, `attribute2_value`, `price`, `multitext`, `site_id`) VALUES (null,@product910,0,0,0.00,'',[site_id]);
set @product_configurable_value165 = LAST_INSERT_ID();

INSERT INTO product_images (img_id, product_id, `name`, `path`, display_name, description, `alias`, site_id, user_id, height, width, created_time, modified_time) VALUES (null,@product906,'618_1441955455_63855f27e7fb5b8d.jpg','/media/images/products/156/1/','Joey_Roth_Ceramic.jpg','','joeyrothceramicjpg',[site_id],[user_id],859,1140,[now],[now]);
set @product_images1531 = LAST_INSERT_ID();
INSERT INTO product_images (img_id, product_id, `name`, `path`, display_name, description, `alias`, site_id, user_id, height, width, created_time, modified_time) VALUES (null,@product906,'200_1441955682_44055f27f628b67d.jpg','/media/images/products/156/1/','Joey_Roth_Ceramic_Speakers_sideview_640.jpg','','joeyrothceramicspeakerssideview640jpg',[site_id],[user_id],377,640,[now],[now]);
set @product_images1532 = LAST_INSERT_ID();
INSERT INTO product_images (img_id, product_id, `name`, `path`, display_name, description, `alias`, site_id, user_id, height, width, created_time, modified_time) VALUES (null,@product906,'659_1441955678_50055f27f5e00ce9.jpg','/media/images/products/156/1/','Ceramic_subwoofer_joey_roth_1880.jpg','','ceramicsubwooferjoeyroth1880jpg',[site_id],[user_id],914,1880,[now],[now]);
set @product_images1533 = LAST_INSERT_ID();
INSERT INTO product_images (img_id, product_id, `name`, `path`, display_name, description, `alias`, site_id, user_id, height, width, created_time, modified_time) VALUES (null,@product906,'381_1441955666_64955f27f527bc9c.jpg','/media/images/products/156/1/','Ceramic_Speaker_single_full_range_driver_640.jpg','','ceramicspeakersinglefullrangedriver640jpg',[site_id],[user_id],377,640,[now],[now]);
set @product_images1535 = LAST_INSERT_ID();
INSERT INTO product_images (img_id, product_id, `name`, `path`, display_name, description, `alias`, site_id, user_id, height, width, created_time, modified_time) VALUES (null,@product908,'490_1441956875_91455f2840b8c816.jpg','/media/images/products/156/1/','sorapot_modern_teapot_open_640.jpg','','sorapotmodernteapotopen640jpg',[site_id],[user_id],393,640,[now],[now]);
set @product_images1538 = LAST_INSERT_ID();
INSERT INTO product_images (img_id, product_id, `name`, `path`, display_name, description, `alias`, site_id, user_id, height, width, created_time, modified_time) VALUES (null,@product908,'350_1441956874_68955f2840aa4eb9.jpg','/media/images/products/156/1/','sorapot_modern_teapot_front_640.jpg','','sorapotmodernteapotfront640jpg',[site_id],[user_id],393,640,[now],[now]);
set @product_images1539 = LAST_INSERT_ID();
INSERT INTO product_images (img_id, product_id, `name`, `path`, display_name, description, `alias`, site_id, user_id, height, width, created_time, modified_time) VALUES (null,@product908,'177_1441956874_73355f2840a1fdd6.jpg','/media/images/products/156/1/','sorapot_modern_teapot_filled_iso_640.jpg','','sorapotmodernteapotfillediso640jpg',[site_id],[user_id],393,640,[now],[now]);
set @product_images1540 = LAST_INSERT_ID();
INSERT INTO product_images (img_id, product_id, `name`, `path`, display_name, description, `alias`, site_id, user_id, height, width, created_time, modified_time) VALUES (null,@product908,'576_1441956873_9355f2840921395.jpg','/media/images/products/156/1/','sorapot_modern_teapot_brewing_tea_1880.jpg','','sorapotmodernteapotbrewingtea1880jpg',[site_id],[user_id],874,1880,[now],[now]);
set @product_images1541 = LAST_INSERT_ID();
INSERT INTO product_images (img_id, product_id, `name`, `path`, display_name, description, `alias`, site_id, user_id, height, width, created_time, modified_time) VALUES (null,@product908,'62_1441956870_10255f2840679c73.jpg','/media/images/products/156/1/','sorapot_modern_teapot_back_640.jpg','','sorapotmodernteapotback640jpg',[site_id],[user_id],393,640,[now],[now]);
set @product_images1542 = LAST_INSERT_ID();
INSERT INTO product_images (img_id, product_id, `name`, `path`, display_name, description, `alias`, site_id, user_id, height, width, created_time, modified_time) VALUES (null,@product909,'137_1441957189_30855f2854597c19.jpg','/media/images/products/156/1/','terracotta_select_720.jpg','','terracottaselect720jpg',[site_id],[user_id],467,720,[now],[now]);
set @product_images1545 = LAST_INSERT_ID();
INSERT INTO product_images (img_id, product_id, `name`, `path`, display_name, description, `alias`, site_id, user_id, height, width, created_time, modified_time) VALUES (null,@product909,'211_1441957186_36855f2854286503.jpg','/media/images/products/156/1/','terra_detail_720.jpg','','terradetail720jpg',[site_id],[user_id],1077,720,[now],[now]);
set @product_images1546 = LAST_INSERT_ID();
INSERT INTO product_images (img_id, product_id, `name`, `path`, display_name, description, `alias`, site_id, user_id, height, width, created_time, modified_time) VALUES (null,@product909,'935_1441957178_64755f2853ab55c5.jpg','/media/images/products/156/1/','planter_top_1140.jpg','','plantertop1140jpg',[site_id],[user_id],641,1140,[now],[now]);
set @product_images1547 = LAST_INSERT_ID();
INSERT INTO product_images (img_id, product_id, `name`, `path`, display_name, description, `alias`, site_id, user_id, height, width, created_time, modified_time) VALUES (null,@product909,'311_1441957174_58155f28536330d7.jpg','/media/images/products/156/1/','planter_detail_1140.jpg','','planterdetail1140jpg',[site_id],[user_id],762,1140,[now],[now]);
set @product_images1548 = LAST_INSERT_ID();
INSERT INTO product_images (img_id, product_id, `name`, `path`, display_name, description, `alias`, site_id, user_id, height, width, created_time, modified_time) VALUES (null,@product909,'744_1441957157_19755f285255d867.jpg','/media/images/products/156/1/','grayplanter_1140.jpg','','grayplanter1140jpg',[site_id],[user_id],605,1140,[now],[now]);
set @product_images1549 = LAST_INSERT_ID();
INSERT INTO product_images (img_id, product_id, `name`, `path`, display_name, description, `alias`, site_id, user_id, height, width, created_time, modified_time) VALUES (null,@product906,'209_1441957639_14255f287073d561.jpg','/media/images/products/156/1/','Ceramic_Speaker_single_full_range_driver_back_1140.jpg','','ceramicspeakersinglefullrangedriverback1140jpg',[site_id],[user_id],749,1140,[now],[now]);
set @product_images1553 = LAST_INSERT_ID();
INSERT INTO product_images (img_id, product_id, `name`, `path`, display_name, description, `alias`, site_id, user_id, height, width, created_time, modified_time) VALUES (null,@product908,'208_1441958312_96155f289a83e34e.jpg','/media/images/products/156/1/','sorapot_top2_0.jpg','','sorapottop20jpg',[site_id],[user_id],1195,2280,[now],[now]);
set @product_images1557 = LAST_INSERT_ID();
INSERT INTO product_images (img_id, product_id, `name`, `path`, display_name, description, `alias`, site_id, user_id, height, width, created_time, modified_time) VALUES (null,@product910,'561_1441963878_62955f29f6627166.jpg','/media/images/products/156/1/','Joey_Roth_Letterpress_print_waves_detail_2280.jpg','','joeyrothletterpressprintwavesdetail2280jpg',[site_id],[user_id],1216,2280,[now],[now]);
set @product_images1559 = LAST_INSERT_ID();
INSERT INTO product_images (img_id, product_id, `name`, `path`, display_name, description, `alias`, site_id, user_id, height, width, created_time, modified_time) VALUES (null,@product910,'515_1441963872_79755f29f60afc7d.jpg','/media/images/products/156/1/','Joey_Roth_Letterpress_print_production_960.jpg','','joeyrothletterpressprintproduction960jpg',[site_id],[user_id],509,960,[now],[now]);
set @product_images1560 = LAST_INSERT_ID();
INSERT INTO product_images (img_id, product_id, `name`, `path`, display_name, description, `alias`, site_id, user_id, height, width, created_time, modified_time) VALUES (null,@product910,'203_1441963870_64555f29f5e775a1.jpg','/media/images/products/156/1/','hustler_poster_print_960.jpg','','hustlerposterprint960jpg',[site_id],[user_id],509,960,[now],[now]);
set @product_images1561 = LAST_INSERT_ID();
INSERT INTO product_images (img_id, product_id, `name`, `path`, display_name, description, `alias`, site_id, user_id, height, width, created_time, modified_time) VALUES (null,@product910,'140_1441963869_44155f29f5d53383.jpg','/media/images/products/156/1/','bulletdetail.jpg','','bulletdetailjpg',[site_id],[user_id],605,1140,[now],[now]);
set @product_images1562 = LAST_INSERT_ID();

UPDATE product SET avatar_id=@product_images1560 WHERE id=@product910;
UPDATE product SET avatar_id=@product_images1549 WHERE id=@product909;
UPDATE product SET avatar_id=@product_images1557 WHERE id=@product908;
UPDATE product SET avatar_id=@product_images1553 WHERE id=@product906;


INSERT INTO product_groups (`group_id`, `site_id`, `user_id`, `name`, `description`, `status`, `alias`, `showinhome`, `meta_keywords`, `meta_description`, `meta_title`, `created_time`) VALUES (null,[site_id],[user_id],'Sản phẩm bán chạy','',1,'san-pham-ban-chay',0,'meta_keywords','meta_description','meta_title',[now]);
set @product_groups43 = LAST_INSERT_ID();

INSERT INTO categorypage (id, title, content, site_id, user_id, `alias`, created_time, modified_time, modified_by, meta_keywords, meta_description, meta_title, image_path, image_name) VALUES (null,'Hướng dẫn đặt hàng','<p>Thông tin đang cập nhật ...&nbsp;</p>\r\n',[site_id],[user_id],'huong-dan-dat-hang',[now],[now],[user_id],'','','','','');
set @categorypage221 = LAST_INSERT_ID();
INSERT INTO categorypage (id, title, content, site_id, user_id, `alias`, created_time, modified_time, modified_by, meta_keywords, meta_description, meta_title, image_path, image_name) VALUES (null,'Phương thức vận chuyển','<p><span style=\"line-height: 20.7999992370605px;\">Thông tin đang cập nhật ...&nbsp;</span></p>\r\n',[site_id],[user_id],'phuong-thuc-van-chuyen',[now],[now],[user_id],'','','','','');
set @categorypage222 = LAST_INSERT_ID();
INSERT INTO categorypage (id, title, content, site_id, user_id, `alias`, created_time, modified_time, modified_by, meta_keywords, meta_description, meta_title, image_path, image_name) VALUES (null,'Chính sách đổi trả','<p><span style=\"line-height: 20.7999992370605px;\">Thông tin đang cập nhật ...&nbsp;</span></p>\r\n',[site_id],[user_id],'chinh-sach-doi-tra',[now],[now],[user_id],'','','','','');
set @categorypage223 = LAST_INSERT_ID();
INSERT INTO categorypage (id, title, content, site_id, user_id, `alias`, created_time, modified_time, modified_by, meta_keywords, meta_description, meta_title, image_path, image_name) VALUES (null,'Các câu hỏi thường gặp','<p><span style=\"line-height: 20.7999992370605px;\">Thông tin đang cập nhật ...&nbsp;</span></p>\r\n',[site_id],[user_id],'cac-cau-hoi-thuong-gap',[now],[now],[user_id],'','','','','');
set @categorypage224 = LAST_INSERT_ID();
INSERT INTO categorypage (id, title, content, site_id, user_id, `alias`, created_time, modified_time, modified_by, meta_keywords, meta_description, meta_title, image_path, image_name) VALUES (null,'Giải pháp Casino','<p>Giải pháp Casino</p>\r\n',[site_id],[user_id],'giai-phap-casino',[now],[now],[user_id],'','','','','');
set @categorypage225 = LAST_INSERT_ID();
INSERT INTO categorypage (id, title, content, site_id, user_id, `alias`, created_time, modified_time, modified_by, meta_keywords, meta_description, meta_title, image_path, image_name) VALUES (null,'Bãi đỗ xe','<p><span style=\"color: rgb(57, 57, 57); font-family: tahoma; font-size: 14px; line-height: 20px;\">Bãi đỗ xe</span></p>\r\n',[site_id],[user_id],'bai-do-xe',[now],[now],[user_id],'','','','','');
set @categorypage226 = LAST_INSERT_ID();
INSERT INTO categorypage (id, title, content, site_id, user_id, `alias`, created_time, modified_time, modified_by, meta_keywords, meta_description, meta_title, image_path, image_name) VALUES (null,'Gọi khách chờ','<p><span style=\"color: rgb(57, 57, 57); font-family: tahoma; font-size: 14px; line-height: 20px;\">Gọi khách chờ</span></p>\r\n',[site_id],[user_id],'goi-khach-cho',[now],[now],[user_id],'','','','','');
set @categorypage227 = LAST_INSERT_ID();
INSERT INTO categorypage (id, title, content, site_id, user_id, `alias`, created_time, modified_time, modified_by, meta_keywords, meta_description, meta_title, image_path, image_name) VALUES (null,'Quán cafe','<p><span style=\"color: rgb(57, 57, 57); font-family: tahoma; font-size: 14px; line-height: 20px;\">Quán cafe</span></p>\r\n',[site_id],[user_id],'quan-cafe',[now],[now],[user_id],'','','','','');
set @categorypage228 = LAST_INSERT_ID();
INSERT INTO categorypage (id, title, content, site_id, user_id, `alias`, created_time, modified_time, modified_by, meta_keywords, meta_description, meta_title, image_path, image_name) VALUES (null,'Nhà hàng','<p><span style=\"color: rgb(57, 57, 57); font-family: tahoma; font-size: 14px; line-height: 20px;\">Nhà hàng</span></p>\r\n',[site_id],[user_id],'nha-hang',[now],[now],[user_id],'','','','','');
set @categorypage229 = LAST_INSERT_ID();
INSERT INTO categorypage (id, title, content, site_id, user_id, `alias`, created_time, modified_time, modified_by, meta_keywords, meta_description, meta_title, image_path, image_name) VALUES (null,'Nhà máy','<p><span style=\"color: rgb(57, 57, 57); font-family: tahoma; font-size: 14px; line-height: 20px;\">Nhà máy</span></p>\r\n',[site_id],[user_id],'nha-may',[now],[now],[user_id],'','','','','');
set @categorypage230 = LAST_INSERT_ID();
INSERT INTO categorypage (id, title, content, site_id, user_id, `alias`, created_time, modified_time, modified_by, meta_keywords, meta_description, meta_title, image_path, image_name) VALUES (null,'Trang dịch vụ','<div clas=\"row\">\r\n<div class=\"col-sm-4\" style=\"box-sizing: border-box; padding: 0px 15px; margin: 0px; position: relative; min-height: 1px; float: left; width: 390px; font-family: Lato, Helvetica, Arial, sans-serif; font-size: 14px; line-height: 20px;\">\r\n<h2 style=\"box-sizing: border-box; padding: 0px; margin: 20px 0px 10px; line-height: 1.1; color: inherit; font-size: 23px;\">Shipping</h2>\r\n\r\n<p style=\"box-sizing: border-box; padding: 0px; margin: 0px 0px 10px;\">Domestic US shipping is free for orders over $100. International and express shipping is available. The cost is calculated at checkout using live rates from UPS and USPS.</p>\r\n\r\n<p style=\"box-sizing: border-box; padding: 0px; margin: 0px 0px 10px;\">Stocked products are shipped within 48 hours from our warehouse in Carlstadt, NJ.</p>\r\n</div>\r\n\r\n<div class=\"col-sm-4\" style=\"box-sizing: border-box; padding: 0px 15px; margin: 0px; position: relative; min-height: 1px; float: left; width: 390px; font-family: Lato, Helvetica, Arial, sans-serif; font-size: 14px; line-height: 20px;\">\r\n<h2 style=\"box-sizing: border-box; padding: 0px; margin: 20px 0px 10px; line-height: 1.1; color: inherit; font-size: 23px;\">Warranty and Returns</h2>\r\n\r\n<p style=\"box-sizing: border-box; padding: 0px; margin: 0px 0px 10px;\">All products carry a one year warranty, with lifetime support. Returns are accepted for unused, unopened products within 30 days of purchase. Any product damaged by shipping or with defective parts is eligible for a return or exchange within 30 days of purchase.</p>\r\n</div>\r\n\r\n<div class=\"col-sm-4\" style=\"box-sizing: border-box; padding: 0px 15px; margin: 0px; position: relative; min-height: 1px; float: left; width: 390px; font-family: Lato, Helvetica, Arial, sans-serif; font-size: 14px; line-height: 20px;\">\r\n<h2 style=\"box-sizing: border-box; padding: 0px; margin: 20px 0px 10px; line-height: 1.1; color: inherit; font-size: 23px;\">Privacy</h2>\r\n\r\n<p style=\"box-sizing: border-box; padding: 0px; margin: 0px 0px 10px;\">Your credit card information will be transferred securely via 128-bit encryption, and will never be stored. Additionally, we would never think of sharing, renting, or selling your email or personal information. We won’t even email you ourselves, other than to communicate about your order, unless you give us permission.</p>\r\n</div>\r\n</div>\r\n',[site_id],[user_id],'trang-dich-vu',[now],[now],[user_id],'trang dich vu','dich vu cua cong ty','dich vu','','');
set @categorypage231 = LAST_INSERT_ID();


INSERT INTO videos (video_id, site_id, user_id, video_title, video_description, video_link, video_embed, video_height, video_width, video_prominent, `status`, avatar_path, avatar_name, `alias`, `order`, meta_keywords, meta_description, created_time, modified_time) VALUES (null,[site_id],[user_id],'Joey Roth Ceramic Speakers','','https://www.youtube.com/watch?v=OQw1FN7PRDA','http://www.youtube.com/embed/OQw1FN7PRDA',270,480,0,1,'/media/images/video/156/1/','610_1441959509_16555f28e5505664.png','joey-roth-ceramic-speakers',1,'','',[now],[now]);
set @videos203 = LAST_INSERT_ID();
INSERT INTO videos (video_id, site_id, user_id, video_title, video_description, video_link, video_embed, video_height, video_width, video_prominent, `status`, avatar_path, avatar_name, `alias`, `order`, meta_keywords, meta_description, created_time, modified_time) VALUES (null,[site_id],[user_id],'Ceramic Speaker Designer Joey Roth Talks Tech: Part 1','','https://www.youtube.com/watch?v=ZZIbohzy1Ng','http://www.youtube.com/embed/ZZIbohzy1Ng',270,480,0,1,'/media/images/video/156/1/','919_1441959415_88955f28df7d9d77.png','ceramic-speaker-designer-joey-roth-talks-tech-part-1',1,'','',[now],[now]);
set @videos202 = LAST_INSERT_ID();


INSERT INTO jobs (id, user_id, site_id, `position`, degree, trade_id, typeofwork, location, quantity, salaryrange, currency, salary_min, salary_max, description, experience, `level`, includes, requirement, benefit, expirydate, publicdate, created_time, modified_time, `alias`, contact_username, contact_email, contact_phone, contact_address,image_path,image_name) VALUES (null,[user_id],[site_id],'Tuyển nhân viên kinh doanh thiết kế website',2,51,1,'01',5,3,1,4000000,10000000,'<p><span style=\"font-family: Roboto, Arial, Helvetica, sans-serif; line-height: 18.5714282989502px;\">- Tìm kiếm khách hàng tư vấn, cung cấp giải pháp cần thiết lập 1 website cho doanh nghiệp.</span><br style=\"box-sizing: border-box; margin: 0px; padding: 0px; font-family: Roboto, Arial, Helvetica, sans-serif; line-height: 18.5714282989502px;\" />\r\n<span style=\"font-family: Roboto, Arial, Helvetica, sans-serif; line-height: 18.5714282989502px;\">- Gặp gỡ trực tiếp để tư vấn, thuyết phục, đàm phán với khách hàng</span><br style=\"box-sizing: border-box; margin: 0px; padding: 0px; font-family: Roboto, Arial, Helvetica, sans-serif; line-height: 18.5714282989502px;\" />\r\n<span style=\"font-family: Roboto, Arial, Helvetica, sans-serif; line-height: 18.5714282989502px;\">- Lên dự thảo web sau khi khách hàng cơ bản đã đồng ý ký hợp đồng.</span><br style=\"box-sizing: border-box; margin: 0px; padding: 0px; font-family: Roboto, Arial, Helvetica, sans-serif; line-height: 18.5714282989502px;\" />\r\n<span style=\"font-family: Roboto, Arial, Helvetica, sans-serif; line-height: 18.5714282989502px;\">- Ký hợp đồng với khách hàng và tiếp nhận những phản hồi về sản phẩm của khách hàng.</span><br style=\"box-sizing: border-box; margin: 0px; padding: 0px; font-family: Roboto, Arial, Helvetica, sans-serif; line-height: 18.5714282989502px;\" />\r\n<span style=\"font-family: Roboto, Arial, Helvetica, sans-serif; line-height: 18.5714282989502px;\">- Lập kế hoạch công việc cụ thể, mục tiêu phấn đấu gửi cho bộ phận quản lý</span><br style=\"box-sizing: border-box; margin: 0px; padding: 0px; font-family: Roboto, Arial, Helvetica, sans-serif; line-height: 18.5714282989502px;\" />\r\n<span style=\"font-family: Roboto, Arial, Helvetica, sans-serif; line-height: 18.5714282989502px;\">- Lập đề án hướng dẫn cho khách hàng để thu hút khách hàng.</span></p>\r\n',0,1,'<p><span style=\"font-family: Roboto, Arial, Helvetica, sans-serif; line-height: 18.5714282989502px;\">01 bản CV cá nhân giới thiệu về bản thân (đính kèm file) và 1 ảnh thẻ gửi về địa chỉ: buithanhdung@gmail.com</span></p>\r\n','<p><span style=\"font-family: Roboto, Arial, Helvetica, sans-serif; line-height: 18.5714282989502px;\">- Tốt nghiệp chuyên ngành kinh tế, Quản trị kinh doanh, marketing hoặc các ngành nghề khác.</span><br style=\"box-sizing: border-box; margin: 0px; padding: 0px; font-family: Roboto, Arial, Helvetica, sans-serif; line-height: 18.5714282989502px;\" />\r\n<span style=\"font-family: Roboto, Arial, Helvetica, sans-serif; line-height: 18.5714282989502px;\">- Sử dụng internet và phần mềm máy tính thành thạo ( Hiểu biết về internet, có kinh nghiệm kinh doanh là một lợi thế ).</span><br style=\"box-sizing: border-box; margin: 0px; padding: 0px; font-family: Roboto, Arial, Helvetica, sans-serif; line-height: 18.5714282989502px;\" />\r\n<span style=\"font-family: Roboto, Arial, Helvetica, sans-serif; line-height: 18.5714282989502px;\">- Khả năng giao tiếp đàm phán tốt, giọng nói dễ nghe, chịu áp lực tốt.</span><br style=\"box-sizing: border-box; margin: 0px; padding: 0px; font-family: Roboto, Arial, Helvetica, sans-serif; line-height: 18.5714282989502px;\" />\r\n<span style=\"font-family: Roboto, Arial, Helvetica, sans-serif; line-height: 18.5714282989502px;\">- Yêu thích công việc kinh doanh.</span><br style=\"box-sizing: border-box; margin: 0px; padding: 0px; font-family: Roboto, Arial, Helvetica, sans-serif; line-height: 18.5714282989502px;\" />\r\n<span style=\"font-family: Roboto, Arial, Helvetica, sans-serif; line-height: 18.5714282989502px;\">- Nhanh nhẹn, chăm chỉ, ngoại hình ưa nhìn.</span><br style=\"box-sizing: border-box; margin: 0px; padding: 0px; font-family: Roboto, Arial, Helvetica, sans-serif; line-height: 18.5714282989502px;\" />\r\n<span style=\"font-family: Roboto, Arial, Helvetica, sans-serif; line-height: 18.5714282989502px;\">- Ưu tiên sinh viên mới ra trường, trẻ trung, năng động .</span><br style=\"box-sizing: border-box; margin: 0px; padding: 0px; font-family: Roboto, Arial, Helvetica, sans-serif; line-height: 18.5714282989502px;\" />\r\n<span style=\"font-family: Roboto, Arial, Helvetica, sans-serif; line-height: 18.5714282989502px;\">- Ứng viên có xe máy và máy tính cá nhân.</span></p>\r\n','<p><span style=\"font-family: Roboto, Arial, Helvetica, sans-serif; line-height: 18.5714282989502px;\">- Có cơ hội thăng tiến cao.</span><br style=\"box-sizing: border-box; margin: 0px; padding: 0px; font-family: Roboto, Arial, Helvetica, sans-serif; line-height: 18.5714282989502px;\" />\r\n<span style=\"font-family: Roboto, Arial, Helvetica, sans-serif; line-height: 18.5714282989502px;\">- Được hưởng lương cứng + trợ cấp + hoa hồng + thưởng.</span><br style=\"box-sizing: border-box; margin: 0px; padding: 0px; font-family: Roboto, Arial, Helvetica, sans-serif; line-height: 18.5714282989502px;\" />\r\n<span style=\"font-family: Roboto, Arial, Helvetica, sans-serif; line-height: 18.5714282989502px;\">- Hỗ trợ ăn trưa.</span><br style=\"box-sizing: border-box; margin: 0px; padding: 0px; font-family: Roboto, Arial, Helvetica, sans-serif; line-height: 18.5714282989502px;\" />\r\n<span style=\"font-family: Roboto, Arial, Helvetica, sans-serif; line-height: 18.5714282989502px;\">- Được đóng BHXH, BHYT</span><br style=\"box-sizing: border-box; margin: 0px; padding: 0px; font-family: Roboto, Arial, Helvetica, sans-serif; line-height: 18.5714282989502px;\" />\r\n<span style=\"font-family: Roboto, Arial, Helvetica, sans-serif; line-height: 18.5714282989502px;\">- Làm việc trong môi trường chuyên nghiệp, nhiều cơ hội học tập, phát triển, và được hưởng đãi ngộ phù hợp với năng lực</span><br style=\"box-sizing: border-box; margin: 0px; padding: 0px; font-family: Roboto, Arial, Helvetica, sans-serif; line-height: 18.5714282989502px;\" />\r\n<span style=\"font-family: Roboto, Arial, Helvetica, sans-serif; line-height: 18.5714282989502px;\">- Có cơ hội tham gia các khóa đào tạo, huấn luyện chuyên môn.</span><br style=\"box-sizing: border-box; margin: 0px; padding: 0px; font-family: Roboto, Arial, Helvetica, sans-serif; line-height: 18.5714282989502px;\" />\r\n<span style=\"font-family: Roboto, Arial, Helvetica, sans-serif; line-height: 18.5714282989502px;\">- Được đào tạo về kỹ năng, cảm nhận về kinh doanh, các kiến thức chuyên sâu về thương mại điện tử, internet.</span></p>\r\n',1433005200,1427371049,[now],[now],'tuyen-nhan-vien-kinh-doanh-thiet-ke-website','A. Dũng','buithanhdung@gmail.com','0948854888','Phòng 211 - Nhà G1 - Số 79 - Ngõ 82 - Phạm Ngọc Thạch - Đống Đa - Hà Nội','/media/images/99/jobs/','708_1429246173_437553090ddbf108.jpg');
set @jobs26910 = LAST_INSERT_ID();


INSERT INTO albums (album_id, album_name, album_description, album_type, photocount, `alias`, site_id, user_id, meta_keywords, meta_description, avatar_path, avatar_name, avatar_id, created_time, modified_time, cat_id,`order`) VALUES (null,'Album ','<p>Ablum</p>\r\n',0,24,'album-7',[site_id],[user_id],'','','/media/images/albums/156/1/','791_1441959216_37055f28d301ebea.jpg',1145,[now],[now],0,9999);
set @albums110 = LAST_INSERT_ID();


INSERT INTO images (img_id, album_id, `name`, `path`, display_name, description, `alias`, site_id, user_id, height, width, created_time, modified_time) VALUES (null,@albums110,'316_1441959231_72555f28d3fa414c.jpg','/media/images/albums/156/1/','sorapot_top2_0.jpg','','sorapottop20jpg',[site_id],[user_id],1195,2280,[now],[now]);
set @images1140 = LAST_INSERT_ID();
INSERT INTO images (img_id, album_id, `name`, `path`, display_name, description, `alias`, site_id, user_id, height, width, created_time, modified_time) VALUES (null,@albums110,'190_1441959224_37955f28d38949af.jpg','/media/images/albums/156/1/','sorapot_modern_teapot_open_640.jpg','','sorapotmodernteapotopen640jpg',[site_id],[user_id],393,640,[now],[now]);
set @images1142 = LAST_INSERT_ID();
INSERT INTO images (img_id, album_id, `name`, `path`, display_name, description, `alias`, site_id, user_id, height, width, created_time, modified_time) VALUES (null,@albums110,'753_1441959223_61155f28d3787e63.jpg','/media/images/albums/156/1/','sorapot_modern_teapot_front_640.jpg','','sorapotmodernteapotfront640jpg',[site_id],[user_id],393,640,[now],[now]);
set @images1143 = LAST_INSERT_ID();
INSERT INTO images (img_id, album_id, `name`, `path`, display_name, description, `alias`, site_id, user_id, height, width, created_time, modified_time) VALUES (null,@albums110,'763_1441959222_71355f28d36c7ff6.jpg','/media/images/albums/156/1/','sorapot_modern_teapot_filled_iso_640.jpg','','sorapotmodernteapotfillediso640jpg',[site_id],[user_id],393,640,[now],[now]);
set @images1144 = LAST_INSERT_ID();
INSERT INTO images (img_id, album_id, `name`, `path`, display_name, description, `alias`, site_id, user_id, height, width, created_time, modified_time) VALUES (null,@albums110,'791_1441959216_37055f28d301ebea.jpg','/media/images/albums/156/1/','Ceramic_Speaker_single_full_range_driver_back_1140.jpg','','ceramicspeakersinglefullrangedriverback1140jpg',[site_id],[user_id],749,1140,[now],[now]);
set @images1145 = LAST_INSERT_ID();
INSERT INTO images (img_id, album_id, `name`, `path`, display_name, description, `alias`, site_id, user_id, height, width, created_time, modified_time) VALUES (null,@albums110,'256_1441959215_10655f28d2f0e0ab.jpg','/media/images/albums/156/1/','82a5b4f2c28f79b189b3b4f099d6703a_1.jpg','','82a5b4f2c28f79b189b3b4f099d6703a1jpg',[site_id],[user_id],197,400,[now],[now]);
set @images1146 = LAST_INSERT_ID();
INSERT INTO images (img_id, album_id, `name`, `path`, display_name, description, `alias`, site_id, user_id, height, width, created_time, modified_time) VALUES (null,@albums110,'435_1441959213_69655f28d2dd6ca0.jpg','/media/images/albums/156/1/','8a0dfa5dd4b17449ffefbb3e356c5338_1.jpg','','8a0dfa5dd4b17449ffefbb3e356c53381jpg',[site_id],[user_id],195,400,[now],[now]);
set @images1147 = LAST_INSERT_ID();
INSERT INTO images (img_id, album_id, `name`, `path`, display_name, description, `alias`, site_id, user_id, height, width, created_time, modified_time) VALUES (null,@albums110,'197_1441958758_30155f28b66ed683.jpg','/media/images/albums/156/1/','planter_top_1140.jpg','','plantertop1140jpg',[site_id],[user_id],641,1140,[now],[now]);
set @images1136 = LAST_INSERT_ID();
INSERT INTO images (img_id, album_id, `name`, `path`, display_name, description, `alias`, site_id, user_id, height, width, created_time, modified_time) VALUES (null,@albums110,'197_1441958745_67555f28b597cc70.jpg','/media/images/albums/156/1/','grayplanter_1140.jpg','','grayplanter1140jpg',[site_id],[user_id],605,1140,[now],[now]);
set @images1138 = LAST_INSERT_ID();
INSERT INTO images (img_id, album_id, `name`, `path`, display_name, description, `alias`, site_id, user_id, height, width, created_time, modified_time) VALUES (null,0,'3_1427371898_6245513f77a72242.jpg','/media/images/albums/81/1/','24.63_.jpg','','2463jpg',[site_id],[user_id],600,800,[now],[now]);
set @images1115 = LAST_INSERT_ID();
INSERT INTO images (img_id, album_id, `name`, `path`, display_name, description, `alias`, site_id, user_id, height, width, created_time, modified_time) VALUES (null,0,'885_1427371892_1435513f774140da.jpg','/media/images/albums/81/1/','8.jpg','','8jpg',[site_id],[user_id],600,800,[now],[now]);
set @images1116 = LAST_INSERT_ID();
INSERT INTO images (img_id, album_id, `name`, `path`, display_name, description, `alias`, site_id, user_id, height, width, created_time, modified_time) VALUES (null,0,'670_1427371864_8225513f7589d777.jpg','/media/images/albums/81/1/','26.33_.jpg','','2633jpg',[site_id],[user_id],600,800,[now],[now]);
set @images1117 = LAST_INSERT_ID();
INSERT INTO images (img_id, album_id, `name`, `path`, display_name, description, `alias`, site_id, user_id, height, width, created_time, modified_time) VALUES (null,0,'305_1427371858_8505513f75293a6d.jpg','/media/images/albums/81/1/','26.32_.jpg','','2632jpg',[site_id],[user_id],600,800,[now],[now]);
set @images1118 = LAST_INSERT_ID();
INSERT INTO images (img_id, album_id, `name`, `path`, display_name, description, `alias`, site_id, user_id, height, width, created_time, modified_time) VALUES (null,0,'727_1427371851_7735513f74bf2aae.jpg','/media/images/albums/81/1/','24.63_.jpg','','2463jpg',[site_id],[user_id],600,800,[now],[now]);
set @images1119 = LAST_INSERT_ID();
INSERT INTO images (img_id, album_id, `name`, `path`, display_name, description, `alias`, site_id, user_id, height, width, created_time, modified_time) VALUES (null,0,'208_1427371833_4415513f73930b63.jpg','/media/images/albums/81/1/','26.33_.jpg','','2633jpg',[site_id],[user_id],600,800,[now],[now]);
set @images1120 = LAST_INSERT_ID();
INSERT INTO images (img_id, album_id, `name`, `path`, display_name, description, `alias`, site_id, user_id, height, width, created_time, modified_time) VALUES (null,0,'481_1427371828_7465513f7345c8a6.jpg','/media/images/albums/81/1/','26.32_.jpg','','2632jpg',[site_id],[user_id],600,800,[now],[now]);
set @images1121 = LAST_INSERT_ID();
INSERT INTO images (img_id, album_id, `name`, `path`, display_name, description, `alias`, site_id, user_id, height, width, created_time, modified_time) VALUES (null,0,'883_1427371796_1205513f714332d1.jpg','/media/images/albums/81/1/','IMG_20131223_100943-1.jpg','','img20131223100943-1jpg',[site_id],[user_id],519,800,[now],[now]);
set @images1122 = LAST_INSERT_ID();
INSERT INTO images (img_id, album_id, `name`, `path`, display_name, description, `alias`, site_id, user_id, height, width, created_time, modified_time) VALUES (null,0,'433_1427371772_9135513f6fc98d2d.jpg','/media/images/albums/81/1/','26.33_.jpg','','2633jpg',[site_id],[user_id],600,800,[now],[now]);
set @images1123 = LAST_INSERT_ID();
INSERT INTO images (img_id, album_id, `name`, `path`, display_name, description, `alias`, site_id, user_id, height, width, created_time, modified_time) VALUES (null,0,'911_1427370332_2545513f15cd406a.jpg','/media/images/albums/81/1/','IMG_20131223_100943-1.jpg','','img20131223100943-1jpg',[site_id],[user_id],519,800,[now],[now]);
set @images1124 = LAST_INSERT_ID();
INSERT INTO images (img_id, album_id, `name`, `path`, display_name, description, `alias`, site_id, user_id, height, width, created_time, modified_time) VALUES (null,0,'408_1427370325_7635513f155e39fe.jpg','/media/images/albums/81/1/','dmc21.JPG','','dmc21jpg',[site_id],[user_id],450,800,[now],[now]);
set @images1125 = LAST_INSERT_ID();
INSERT INTO images (img_id, album_id, `name`, `path`, display_name, description, `alias`, site_id, user_id, height, width, created_time, modified_time) VALUES (null,0,'710_1427370287_4925513f12f01538.jpg','/media/images/albums/81/1/','20131113_095937.jpg','','20131113095937jpg',[site_id],[user_id],600,800,[now],[now]);
set @images1126 = LAST_INSERT_ID();
INSERT INTO images (img_id, album_id, `name`, `path`, display_name, description, `alias`, site_id, user_id, height, width, created_time, modified_time) VALUES (null,0,'775_1427370280_7045513f1286bf2c.jpg','/media/images/albums/81/1/','1416447_644774692240329_1588030914_o.jpg','','14164476447746922403291588030914ojpg',[site_id],[user_id],588,766,[now],[now]);
set @images1127 = LAST_INSERT_ID();
INSERT INTO images (img_id, album_id, `name`, `path`, display_name, description, `alias`, site_id, user_id, height, width, created_time, modified_time) VALUES (null,0,'737_1427370217_6035513f0e9e15df.jpg','/media/images/albums/81/1/','26.33_.jpg','','2633jpg',[site_id],[user_id],600,800,[now],[now]);
set @images1128 = LAST_INSERT_ID();
INSERT INTO images (img_id, album_id, `name`, `path`, display_name, description, `alias`, site_id, user_id, height, width, created_time, modified_time) VALUES (null,0,'999_1427370211_795513f0e39dcbd.jpg','/media/images/albums/81/1/','26.32_.jpg','','2632jpg',[site_id],[user_id],600,800,[now],[now]);
set @images1129 = LAST_INSERT_ID();
INSERT INTO images (img_id, album_id, `name`, `path`, display_name, description, `alias`, site_id, user_id, height, width, created_time, modified_time) VALUES (null,0,'347_1427370126_9105513f08e7d4ec.jpg','/media/images/albums/81/1/','24.63_.jpg','','2463jpg',[site_id],[user_id],600,800,[now],[now]);
set @images1130 = LAST_INSERT_ID();
INSERT INTO images (img_id, album_id, `name`, `path`, display_name, description, `alias`, site_id, user_id, height, width, created_time, modified_time) VALUES (null,0,'231_1427370119_5565513f0876c024.jpg','/media/images/albums/81/1/','8.jpg','','8jpg',[site_id],[user_id],600,800,[now],[now]);
set @images1131 = LAST_INSERT_ID();


INSERT INTO menu_groups (menu_group_id, menu_group_name, menu_group_description, site_id, user_id, config, created_time, modified_time, modified_by, menu_group_type) VALUES (null,'Nhóm menu chính','Nhóm menu chính',[site_id],[user_id],'',[now],[now],[user_id],0);
set @menu_groups135 = LAST_INSERT_ID();
INSERT INTO menu_groups (menu_group_id, menu_group_name, menu_group_description, site_id, user_id, config, created_time, modified_time, modified_by, menu_group_type) VALUES (null,'Nhóm menu footer','Nhóm menu footer',[site_id],[user_id],'',[now],[now],[user_id],0);
set @menu_groups136 = LAST_INSERT_ID();
INSERT INTO menu_groups (menu_group_id, menu_group_name, menu_group_description, site_id, user_id, config, created_time, modified_time, modified_by, menu_group_type) VALUES (null,'Nhóm giải pháp','Nhóm giải pháp',[site_id],[user_id],'',[now],[now],[user_id],0);
set @menu_groups137 = LAST_INSERT_ID();

INSERT INTO menus (menu_id, site_id, user_id, menu_group, menu_title, parent_id, menu_linkto, menu_link, menu_basepath, menu_pathparams, menu_order, `alias`, `status`, menu_target, menu_values, icon_path, icon_name, background_path, background_name, description, created_time, modified_time, modified_by) VALUES (null,[site_id],[user_id],@menu_groups135,'Trang chủ',0,1,'','','[]',1,'trang-chu',1,1,'{\"t\":1,\"oi\":1}','','','','','',[now],[now],[user_id]);
set @menus1344 = LAST_INSERT_ID();
INSERT INTO menus (menu_id, site_id, user_id, menu_group, menu_title, parent_id, menu_linkto, menu_link, menu_basepath, menu_pathparams, menu_order, `alias`, `status`, menu_target, menu_values, icon_path, icon_name, background_path, background_name, description, created_time, modified_time, modified_by) VALUES (null,[site_id],[user_id],@menu_groups135,'Liên hệ',0,1,'','/site/site/contact','[]',10,'lien-he',1,1,'{\"t\":1,\"oi\":2}','','','','','',[now],[now],[user_id]);
set @menus1346 = LAST_INSERT_ID();
INSERT INTO menus (menu_id, site_id, user_id, menu_group, menu_title, parent_id, menu_linkto, menu_link, menu_basepath, menu_pathparams, menu_order, `alias`, `status`, menu_target, menu_values, icon_path, icon_name, background_path, background_name, description, created_time, modified_time, modified_by) VALUES (null,[site_id],[user_id],@menu_groups136,'Hỗ trợ khách hàng',0,1,'','','',0,'ho-tro-khach-hang',1,1,'{\"t\":1,\"oi\":0}','','','','','',[now],[now],[user_id]);
set @menus1347 = LAST_INSERT_ID();
INSERT INTO menus (menu_id, site_id, user_id, menu_group, menu_title, parent_id, menu_linkto, menu_link, menu_basepath, menu_pathparams, menu_order, `alias`, `status`, menu_target, menu_values, icon_path, icon_name, background_path, background_name, description, created_time, modified_time, modified_by) VALUES (null,[site_id],[user_id],@menu_groups136,'Các câu hỏi thường gặp',@menus1347,1,'','/page/category/detail','{\"id\":224,\"alias\":\"cac-cau-hoi-thuong-gap\"}',0,'cac-cau-hoi-thuong-gap',1,1,'','','','','','',[now],[now],[user_id]);
set @menus1348 = LAST_INSERT_ID();
INSERT INTO menus (menu_id, site_id, user_id, menu_group, menu_title, parent_id, menu_linkto, menu_link, menu_basepath, menu_pathparams, menu_order, `alias`, `status`, menu_target, menu_values, icon_path, icon_name, background_path, background_name, description, created_time, modified_time, modified_by) VALUES (null,[site_id],[user_id],@menu_groups136,'Hướng dẫn đặt hàng',@menus1347,1,'','/page/category/detail','{\"id\":221,\"alias\":\"huong-dan-dat-hang\"}',2,'huong-dan-dat-hang',1,1,'','','','','','',[now],[now],[user_id]);
set @menus1349 = LAST_INSERT_ID();
INSERT INTO menus (menu_id, site_id, user_id, menu_group, menu_title, parent_id, menu_linkto, menu_link, menu_basepath, menu_pathparams, menu_order, `alias`, `status`, menu_target, menu_values, icon_path, icon_name, background_path, background_name, description, created_time, modified_time, modified_by) VALUES (null,[site_id],[user_id],@menu_groups136,'Phương thức vận chuyển',@menus1347,1,'','/page/category/detail','{\"id\":222,\"alias\":\"phuong-thuc-van-chuyen\"}',4,'phuong-thuc-van-chuyen',1,1,'','','','','','',[now],[now],[user_id]);
set @menus1350 = LAST_INSERT_ID();
INSERT INTO menus (menu_id, site_id, user_id, menu_group, menu_title, parent_id, menu_linkto, menu_link, menu_basepath, menu_pathparams, menu_order, `alias`, `status`, menu_target, menu_values, icon_path, icon_name, background_path, background_name, description, created_time, modified_time, modified_by) VALUES (null,[site_id],[user_id],@menu_groups136,'Chính sách đổi trả',@menus1347,1,'','/page/category/detail','{\"id\":223,\"alias\":\"chinh-sach-doi-tra\"}',6,'chinh-sach-doi-tra',1,1,'','','','','','',[now],[now],[user_id]);
set @menus1351 = LAST_INSERT_ID();
INSERT INTO menus (menu_id, site_id, user_id, menu_group, menu_title, parent_id, menu_linkto, menu_link, menu_basepath, menu_pathparams, menu_order, `alias`, `status`, menu_target, menu_values, icon_path, icon_name, background_path, background_name, description, created_time, modified_time, modified_by) VALUES (null,[site_id],[user_id],@menu_groups136,'Tuyển dụng',0,1,'','/work/job','[]',2,'tuyen-dung',1,1,'{\"t\":1,\"oi\":13}','','','','','',[now],[now],[user_id]);
set @menus1352 = LAST_INSERT_ID();
INSERT INTO menus (menu_id, site_id, user_id, menu_group, menu_title, parent_id, menu_linkto, menu_link, menu_basepath, menu_pathparams, menu_order, `alias`, `status`, menu_target, menu_values, icon_path, icon_name, background_path, background_name, description, created_time, modified_time, modified_by) VALUES (null,[site_id],[user_id],@menu_groups136,'Liên hệ',0,1,'','/site/site/contact','[]',6,'lien-he',1,1,'{\"t\":1,\"oi\":2}','','','','','',[now],[now],[user_id]);
set @menus1353 = LAST_INSERT_ID();
INSERT INTO menus (menu_id, site_id, user_id, menu_group, menu_title, parent_id, menu_linkto, menu_link, menu_basepath, menu_pathparams, menu_order, `alias`, `status`, menu_target, menu_values, icon_path, icon_name, background_path, background_name, description, created_time, modified_time, modified_by) VALUES (null,[site_id],[user_id],@menu_groups137,'Casino',0,1,'','/page/category/detail','{\"id\":225,\"alias\":\"giai-phap-casino\"}',0,'casino',1,1,'','/media/images/118/menu/icons/','330_1435753368_8115593db98e2065.png','','','',[now],[now],[user_id]);
set @menus1355 = LAST_INSERT_ID();
INSERT INTO menus (menu_id, site_id, user_id, menu_group, menu_title, parent_id, menu_linkto, menu_link, menu_basepath, menu_pathparams, menu_order, `alias`, `status`, menu_target, menu_values, icon_path, icon_name, background_path, background_name, description, created_time, modified_time, modified_by) VALUES (null,[site_id],[user_id],@menu_groups137,'Gọi khách chờ',0,1,'','/page/category/detail','{\"id\":227,\"alias\":\"goi-khach-cho\"}',0,'goi-khach-cho',1,1,'','/media/images/118/menu/icons/','418_1435755206_735593e2c6b1ea2.png','','','',[now],[now],[user_id]);
set @menus1356 = LAST_INSERT_ID();
INSERT INTO menus (menu_id, site_id, user_id, menu_group, menu_title, parent_id, menu_linkto, menu_link, menu_basepath, menu_pathparams, menu_order, `alias`, `status`, menu_target, menu_values, icon_path, icon_name, background_path, background_name, description, created_time, modified_time, modified_by) VALUES (null,[site_id],[user_id],@menu_groups137,'Quán cafe',0,1,'','/page/category/detail','{\"id\":228,\"alias\":\"quan-cafe\"}',0,'quan-cafe',1,1,'','/media/images/118/menu/icons/','155_1435755235_1905593e2e3b103c.png','','','',[now],[now],[user_id]);
set @menus1357 = LAST_INSERT_ID();
INSERT INTO menus (menu_id, site_id, user_id, menu_group, menu_title, parent_id, menu_linkto, menu_link, menu_basepath, menu_pathparams, menu_order, `alias`, `status`, menu_target, menu_values, icon_path, icon_name, background_path, background_name, description, created_time, modified_time, modified_by) VALUES (null,[site_id],[user_id],@menu_groups137,'Nhà hàng',0,1,'','/page/category/detail','{\"id\":229,\"alias\":\"nha-hang\"}',0,'nha-hang',1,1,'','/media/images/118/menu/icons/','163_1435755276_3055593e30cb2481.png','','','',[now],[now],[user_id]);
set @menus1358 = LAST_INSERT_ID();
INSERT INTO menus (menu_id, site_id, user_id, menu_group, menu_title, parent_id, menu_linkto, menu_link, menu_basepath, menu_pathparams, menu_order, `alias`, `status`, menu_target, menu_values, icon_path, icon_name, background_path, background_name, description, created_time, modified_time, modified_by) VALUES (null,[site_id],[user_id],@menu_groups137,'Nhà máy',0,1,'','/page/category/detail','{\"id\":230,\"alias\":\"nha-may\"}',0,'nha-may',1,1,'','/media/images/118/menu/icons/','313_1435755306_7855593e32a50dba.png','','','',[now],[now],[user_id]);
set @menus1359 = LAST_INSERT_ID();
INSERT INTO menus (menu_id, site_id, user_id, menu_group, menu_title, parent_id, menu_linkto, menu_link, menu_basepath, menu_pathparams, menu_order, `alias`, `status`, menu_target, menu_values, icon_path, icon_name, background_path, background_name, description, created_time, modified_time, modified_by) VALUES (null,[site_id],[user_id],@menu_groups137,'Bãi đỗ xe',0,1,'','/page/category/detail','{\"id\":226,\"alias\":\"bai-do-xe\"}',0,'bai-do-xe',1,1,'','/media/images/118/menu/icons/','266_1435754961_8245593e1d18838e.png','','','',[now],[now],[user_id]);
set @menus1360 = LAST_INSERT_ID();
INSERT INTO menus (menu_id, site_id, user_id, menu_group, menu_title, parent_id, menu_linkto, menu_link, menu_basepath, menu_pathparams, menu_order, `alias`, `status`, menu_target, menu_values, icon_path, icon_name, background_path, background_name, description, created_time, modified_time, modified_by) VALUES (null,[site_id],[user_id],@menu_groups136,'Giới thiệu Nanoweb',0,1,'','/site/site/introduce','[]',0,'gioi-thieu-nanoweb',1,1,'{\"t\":1,\"oi\":3}','','','','','',[now],[now],[user_id]);
set @menus1361 = LAST_INSERT_ID();
INSERT INTO menus (menu_id, site_id, user_id, menu_group, menu_title, parent_id, menu_linkto, menu_link, menu_basepath, menu_pathparams, menu_order, `alias`, `status`, menu_target, menu_values, icon_path, icon_name, background_path, background_name, description, created_time, modified_time, modified_by) VALUES (null,[site_id],[user_id],@menu_groups136,'Về Nanoweb',@menus1361,1,'','/site/site/introduce','[]',2,'ve-nanoweb',1,1,'{\"t\":1,\"oi\":3}','','','','','',[now],[now],[user_id]);
set @menus1362 = LAST_INSERT_ID();
INSERT INTO menus (menu_id, site_id, user_id, menu_group, menu_title, parent_id, menu_linkto, menu_link, menu_basepath, menu_pathparams, menu_order, `alias`, `status`, menu_target, menu_values, icon_path, icon_name, background_path, background_name, description, created_time, modified_time, modified_by) VALUES (null,[site_id],[user_id],@menu_groups135,'Sản phẩm',0,1,'','/economy/product','[]',2,'san-pham',1,1,'{\"t\":1,\"oi\":9}','','','','','',[now],[now],[user_id]);
set @menus1345 = LAST_INSERT_ID();
INSERT INTO menus (menu_id, site_id, user_id, menu_group, menu_title, parent_id, menu_linkto, menu_link, menu_basepath, menu_pathparams, menu_order, `alias`, `status`, menu_target, menu_values, icon_path, icon_name, background_path, background_name, description, created_time, modified_time, modified_by) VALUES (null,[site_id],[user_id],@menu_groups135,'Album',0,1,'','/media/album/all','[]',4,'album',1,1,'{\"t\":1,\"oi\":11}','','','','','',[now],[now],[user_id]);
set @menus1363 = LAST_INSERT_ID();
INSERT INTO menus (menu_id, site_id, user_id, menu_group, menu_title, parent_id, menu_linkto, menu_link, menu_basepath, menu_pathparams, menu_order, `alias`, `status`, menu_target, menu_values, icon_path, icon_name, background_path, background_name, description, created_time, modified_time, modified_by) VALUES (null,[site_id],[user_id],@menu_groups135,'Về chúng tôi',0,1,'','/site/site/introduce','[]',6,'ve-chung-toi',1,1,'{\"t\":1,\"oi\":3}','','','','','',[now],[now],[user_id]);
set @menus1364 = LAST_INSERT_ID();
INSERT INTO menus (menu_id, site_id, user_id, menu_group, menu_title, parent_id, menu_linkto, menu_link, menu_basepath, menu_pathparams, menu_order, `alias`, `status`, menu_target, menu_values, icon_path, icon_name, background_path, background_name, description, created_time, modified_time, modified_by) VALUES (null,[site_id],[user_id],@menu_groups135,'Tin tức',0,1,'','/news/news','[]',8,'tin-tuc',1,1,'{\"t\":1,\"oi\":8}','','','','','',[now],[now],[user_id]);
set @menus1354 = LAST_INSERT_ID();


INSERT INTO menus_admin (menu_id, site_id, user_id, menu_title, parent_id, menu_linkto, menu_link, menu_basepath, menu_pathparams, menu_order, `alias`, `status`, menu_target, menu_values, iconclass, created_time, modified_time, modified_by) VALUES (null,[site_id],[user_id],'Sản phẩm',0,1,'/san-pham','economy/product','[]',1,'san-pham',1,1,'','icon-file-powerpoint-o',[now],[now],[user_id]);
set @menus_admin1611 = LAST_INSERT_ID();
INSERT INTO menus_admin (menu_id, site_id, user_id, menu_title, parent_id, menu_linkto, menu_link, menu_basepath, menu_pathparams, menu_order, `alias`, `status`, menu_target, menu_values, iconclass, created_time, modified_time, modified_by) VALUES (null,[site_id],[user_id],'Quản lý sản phẩm',@menus_admin1611,1,'/san-pham','economy/product','[]',1,'quan-ly-san-pham',1,1,'','',[now],[now],[user_id]);
set @menus_admin1612 = LAST_INSERT_ID();
INSERT INTO menus_admin (menu_id, site_id, user_id, menu_title, parent_id, menu_linkto, menu_link, menu_basepath, menu_pathparams, menu_order, `alias`, `status`, menu_target, menu_values, iconclass, created_time, modified_time, modified_by) VALUES (null,[site_id],[user_id],'Danh mục sản phẩm',@menus_admin1611,1,'/economy/productcategory','economy/productcategory','[]',2,'danh-muc-san-pham',1,1,'','',[now],[now],[user_id]);
set @menus_admin1613 = LAST_INSERT_ID();
INSERT INTO menus_admin (menu_id, site_id, user_id, menu_title, parent_id, menu_linkto, menu_link, menu_basepath, menu_pathparams, menu_order, `alias`, `status`, menu_target, menu_values, iconclass, created_time, modified_time, modified_by) VALUES (null,[site_id],[user_id],'Nhóm sản phẩm',@menus_admin1611,1,'/economy/productgroups','economy/productgroups','[]',3,'nhom-san-pham',1,1,'','',[now],[now],[user_id]);
set @menus_admin1614 = LAST_INSERT_ID();
INSERT INTO menus_admin (menu_id, site_id, user_id, menu_title, parent_id, menu_linkto, menu_link, menu_basepath, menu_pathparams, menu_order, `alias`, `status`, menu_target, menu_values, iconclass, created_time, modified_time, modified_by) VALUES (null,[site_id],[user_id],'Nội dung',0,1,'#','','',2,'noi-dung',1,1,'','icon-file-text-o',[now],[now],[user_id]);
set @menus_admin1615 = LAST_INSERT_ID();
INSERT INTO menus_admin (menu_id, site_id, user_id, menu_title, parent_id, menu_linkto, menu_link, menu_basepath, menu_pathparams, menu_order, `alias`, `status`, menu_target, menu_values, iconclass, created_time, modified_time, modified_by) VALUES (null,[site_id],[user_id],'Quản lý bài viết',@menus_admin1615,1,'/content/news','content/news','[]',1,'quan-ly-bai-viet',1,1,'','',[now],[now],[user_id]);
set @menus_admin1616 = LAST_INSERT_ID();
INSERT INTO menus_admin (menu_id, site_id, user_id, menu_title, parent_id, menu_linkto, menu_link, menu_basepath, menu_pathparams, menu_order, `alias`, `status`, menu_target, menu_values, iconclass, created_time, modified_time, modified_by) VALUES (null,[site_id],[user_id],'Danh mục bài viết',@menus_admin1615,1,'/content/newscategory','content/newscategory','[]',2,'danh-muc-bai-viet',1,1,'','',[now],[now],[user_id]);
set @menus_admin1617 = LAST_INSERT_ID();
INSERT INTO menus_admin (menu_id, site_id, user_id, menu_title, parent_id, menu_linkto, menu_link, menu_basepath, menu_pathparams, menu_order, `alias`, `status`, menu_target, menu_values, iconclass, created_time, modified_time, modified_by) VALUES (null,[site_id],[user_id],'Quản lý trang nội dung',@menus_admin1615,1,'/content/categorypage','content/categorypage','[]',6,'quan-ly-trang-noi-dung',1,1,'','',[now],[now],[user_id]);
set @menus_admin1618 = LAST_INSERT_ID();
INSERT INTO menus_admin (menu_id, site_id, user_id, menu_title, parent_id, menu_linkto, menu_link, menu_basepath, menu_pathparams, menu_order, `alias`, `status`, menu_target, menu_values, iconclass, created_time, modified_time, modified_by) VALUES (null,[site_id],[user_id],'Quản lý banner',0,1,'/banner/banner','banner/banner','[]',3,'quan-ly-banner',1,1,'','icon-building-o',[now],[now],[user_id]);
set @menus_admin1619 = LAST_INSERT_ID();
INSERT INTO menus_admin (menu_id, site_id, user_id, menu_title, parent_id, menu_linkto, menu_link, menu_basepath, menu_pathparams, menu_order, `alias`, `status`, menu_target, menu_values, iconclass, created_time, modified_time, modified_by) VALUES (null,[site_id],[user_id],'Banner',@menus_admin1619,1,'/banner/banner','banner/banner','[]',1,'banner',1,1,'','',[now],[now],[user_id]);
set @menus_admin1620 = LAST_INSERT_ID();
INSERT INTO menus_admin (menu_id, site_id, user_id, menu_title, parent_id, menu_linkto, menu_link, menu_basepath, menu_pathparams, menu_order, `alias`, `status`, menu_target, menu_values, iconclass, created_time, modified_time, modified_by) VALUES (null,[site_id],[user_id],'Quản lý nhóm banner',@menus_admin1619,1,'/banner/bannergroup','banner/bannergroup','[]',2,'quan-ly-nhom-banner',1,1,'','',[now],[now],[user_id]);
set @menus_admin1621 = LAST_INSERT_ID();
INSERT INTO menus_admin (menu_id, site_id, user_id, menu_title, parent_id, menu_linkto, menu_link, menu_basepath, menu_pathparams, menu_order, `alias`, `status`, menu_target, menu_values, iconclass, created_time, modified_time, modified_by) VALUES (null,[site_id],[user_id],'Quản lý album ảnh',0,1,'/media/album','media/album','[]',5,'quan-ly-album-anh',1,1,'','icon-file-image-o',[now],[now],[user_id]);
set @menus_admin1622 = LAST_INSERT_ID();
INSERT INTO menus_admin (menu_id, site_id, user_id, menu_title, parent_id, menu_linkto, menu_link, menu_basepath, menu_pathparams, menu_order, `alias`, `status`, menu_target, menu_values, iconclass, created_time, modified_time, modified_by) VALUES (null,[site_id],[user_id],'Quản lý menu',0,1,'/interface/menugroup','interface/menugroup','[]',6,'quan-ly-menu',1,1,'','icon-th-list',[now],[now],[user_id]);
set @menus_admin1623 = LAST_INSERT_ID();
INSERT INTO menus_admin (menu_id, site_id, user_id, menu_title, parent_id, menu_linkto, menu_link, menu_basepath, menu_pathparams, menu_order, `alias`, `status`, menu_target, menu_values, iconclass, created_time, modified_time, modified_by) VALUES (null,[site_id],[user_id],'Quản lý Video',0,1,'/media/video','media/video','[]',6,'quan-ly-video',1,1,'','icon-video-camera',[now],[now],[user_id]);
set @menus_admin1624 = LAST_INSERT_ID();
INSERT INTO menus_admin (menu_id, site_id, user_id, menu_title, parent_id, menu_linkto, menu_link, menu_basepath, menu_pathparams, menu_order, `alias`, `status`, menu_target, menu_values, iconclass, created_time, modified_time, modified_by) VALUES (null,[site_id],[user_id],'Quản lý tuyển dụng',0,1,'/work/jobs','work/jobs','[]',7,'quan-ly-tuyen-dung',1,1,'','icon-user',[now],[now],[user_id]);
set @menus_admin1625 = LAST_INSERT_ID();
INSERT INTO menus_admin (menu_id, site_id, user_id, menu_title, parent_id, menu_linkto, menu_link, menu_basepath, menu_pathparams, menu_order, `alias`, `status`, menu_target, menu_values, iconclass, created_time, modified_time, modified_by) VALUES (null,[site_id],[user_id],'Khách hàng',0,1,'#','','[]',8,'khach-hang',1,1,'','icon-users',[now],[now],[user_id]);
set @menus_admin1626 = LAST_INSERT_ID();
INSERT INTO menus_admin (menu_id, site_id, user_id, menu_title, parent_id, menu_linkto, menu_link, menu_basepath, menu_pathparams, menu_order, `alias`, `status`, menu_target, menu_values, iconclass, created_time, modified_time, modified_by) VALUES (null,[site_id],[user_id],'Quản lý đơn hàng',@menus_admin1626,1,'/economy/order','economy/order','[]',0,'quan-ly-don-hang',1,1,'','',[now],[now],[user_id]);
set @menus_admin1627 = LAST_INSERT_ID();
INSERT INTO menus_admin (menu_id, site_id, user_id, menu_title, parent_id, menu_linkto, menu_link, menu_basepath, menu_pathparams, menu_order, `alias`, `status`, menu_target, menu_values, iconclass, created_time, modified_time, modified_by) VALUES (null,[site_id],[user_id],'Liên hệ',@menus_admin1626,1,'/custom/customform/statistic','custom/customform/statistic','[]',1,'lien-he',1,1,'','',[now],[now],[user_id]);
set @menus_admin1628 = LAST_INSERT_ID();
INSERT INTO menus_admin (menu_id, site_id, user_id, menu_title, parent_id, menu_linkto, menu_link, menu_basepath, menu_pathparams, menu_order, `alias`, `status`, menu_target, menu_values, iconclass, created_time, modified_time, modified_by) VALUES (null,[site_id],[user_id],'Email đăng ký nhận tin',@menus_admin1626,1,'/content/newsletter','content/newsletter','[]',4,'email-dang-ky-nhan-tin',1,1,'','',[now],[now],[user_id]);
set @menus_admin1629 = LAST_INSERT_ID();
INSERT INTO menus_admin (menu_id, site_id, user_id, menu_title, parent_id, menu_linkto, menu_link, menu_basepath, menu_pathparams, menu_order, `alias`, `status`, menu_target, menu_values, iconclass, created_time, modified_time, modified_by) VALUES (null,[site_id],[user_id],'Cấu hình website',0,1,'#','','[]',10,'cau-hinh-website',1,1,'','icon-gears',[now],[now],[user_id]);
set @menus_admin1630 = LAST_INSERT_ID();
INSERT INTO menus_admin (menu_id, site_id, user_id, menu_title, parent_id, menu_linkto, menu_link, menu_basepath, menu_pathparams, menu_order, `alias`, `status`, menu_target, menu_values, iconclass, created_time, modified_time, modified_by) VALUES (null,[site_id],[user_id],'Thông tin cơ bản',@menus_admin1630,1,'/setting/setting','setting/setting','[]',1,'thong-tin-co-ban',1,1,'','',[now],[now],[user_id]);
set @menus_admin1631 = LAST_INSERT_ID();
INSERT INTO menus_admin (menu_id, site_id, user_id, menu_title, parent_id, menu_linkto, menu_link, menu_basepath, menu_pathparams, menu_order, `alias`, `status`, menu_target, menu_values, iconclass, created_time, modified_time, modified_by) VALUES (null,[site_id],[user_id],'Thông tin giới thiệu',@menus_admin1630,1,'/setting/setting/introduce','setting/setting/introduce','[]',2,'thong-tin-gioi-thieu',1,1,'','',[now],[now],[user_id]);
set @menus_admin1632 = LAST_INSERT_ID();
INSERT INTO menus_admin (menu_id, site_id, user_id, menu_title, parent_id, menu_linkto, menu_link, menu_basepath, menu_pathparams, menu_order, `alias`, `status`, menu_target, menu_values, iconclass, created_time, modified_time, modified_by) VALUES (null,[site_id],[user_id],'Cấu hình tên miền',@menus_admin1630,1,'/setting/setting/domainsetting','setting/setting/domainsetting','[]',3,'cau-hinh-ten-mien',1,1,'','',[now],[now],[user_id]);
set @menus_admin1633 = LAST_INSERT_ID();
INSERT INTO menus_admin (menu_id, site_id, user_id, menu_title, parent_id, menu_linkto, menu_link, menu_basepath, menu_pathparams, menu_order, `alias`, `status`, menu_target, menu_values, iconclass, created_time, modified_time, modified_by) VALUES (null,[site_id],[user_id],'Cài đặt bản đồ',@menus_admin1630,1,'/setting/map','setting/map','[]',4,'cai-dat-ban-do',1,1,'','',[now],[now],[user_id]);
set @menus_admin1634 = LAST_INSERT_ID();
INSERT INTO menus_admin (menu_id, site_id, user_id, menu_title, parent_id, menu_linkto, menu_link, menu_basepath, menu_pathparams, menu_order, `alias`, `status`, menu_target, menu_values, iconclass, created_time, modified_time, modified_by) VALUES (null,[site_id],[user_id],'Hỗ trợ trực tuyến',@menus_admin1630,1,'/setting/support','setting/support','[]',8,'ho-tro-truc-tuyen',1,1,'','',[now],[now],[user_id]);
set @menus_admin1635 = LAST_INSERT_ID();
INSERT INTO menus_admin (menu_id, site_id, user_id, menu_title, parent_id, menu_linkto, menu_link, menu_basepath, menu_pathparams, menu_order, `alias`, `status`, menu_target, menu_values, iconclass, created_time, modified_time, modified_by) VALUES (null,[site_id],[user_id],'Quản lý nội dung tĩnh',@menus_admin1630,1,'/widget/widget/pagewidgetlist','widget/widget/pagewidgetlist','[]',8,'quan-ly-noi-dung-tinh',1,1,'','',[now],[now],[user_id]);
set @menus_admin1636 = LAST_INSERT_ID();
INSERT INTO menus_admin (menu_id, site_id, user_id, menu_title, parent_id, menu_linkto, menu_link, menu_basepath, menu_pathparams, menu_order, `alias`, `status`, menu_target, menu_values, iconclass, created_time, modified_time, modified_by) VALUES (null,[site_id],[user_id],'Giao diện',0,1,'#','','[]',12,'giao-dien',1,1,'','icon-desktop',[now],[now],[user_id]);
set @menus_admin1637 = LAST_INSERT_ID();
INSERT INTO menus_admin (menu_id, site_id, user_id, menu_title, parent_id, menu_linkto, menu_link, menu_basepath, menu_pathparams, menu_order, `alias`, `status`, menu_target, menu_values, iconclass, created_time, modified_time, modified_by) VALUES (null,[site_id],[user_id],'Tùy chỉnh CSS',@menus_admin1637,1,'/interface/sitesettings/stylecustom','interface/sitesettings/stylecustom','[]',5,'tuy-chinh-css',1,1,'','',[now],[now],[user_id]);
set @menus_admin1638 = LAST_INSERT_ID();


INSERT INTO forms (form_id, form_code, form_name, form_description, site_id, `status`, created_time, modified_time, user_id) VALUES (null,'fo_142207332754c31defc73c8','Form liên hệ','form liên hệ',[site_id],1,[now],[now],[user_id]);
set @forms60 = LAST_INSERT_ID();

INSERT INTO form_fields (field_id, form_id, field_key, field_label, field_type, field_options, field_required, `order`, site_id, user_id, `status`) VALUES 
(null,@forms60, 'c21','Tên','text','{\"size\":\"large\"}',1,1,[site_id],[user_id],1),
(null,@forms60, 'c102','Email','email','{\"size\":\"large\"}',1,2,[site_id],[user_id],1),
(null,@forms60, 'c143','Số điện thoại','text','{\"size\":\"large\"}',1,3,[site_id],[user_id],1),
(null,@forms60, 'c184','Chủ đề','text','{\"size\":\"large\"}',1,4,[site_id],[user_id],1),
(null,@forms60, 'c225','Nội dung','paragraph','{\"size\":\"large\"}',1,5,[site_id],[user_id],1),
(null,@forms60, 'c266','Gửi yêu cầu','button','{\"size\":\"large\",\"onclick\":\"\",\"button_type\":\"submitform\"}',0,6,[site_id],[user_id],1);


INSERT INTO page_widgets (page_widget_id, site_id,user_id, widget_title, position, page_key, widget_type, widget_id, created_time, showallpage, worder) VALUES (null,[site_id],[user_id],'menu chính',3,'introduce/introduce/',1,'menu',[now],1,2);
set @page_widgets2043 = LAST_INSERT_ID();
INSERT INTO page_widgets (page_widget_id, site_id,user_id, widget_title, position, page_key, widget_type, widget_id, created_time, showallpage, worder) VALUES (null,[site_id],[user_id],'Sản phẩm mới',5,'introduce/introduce/',1,'productsetnew',[now],0,1);
set @page_widgets2044 = LAST_INSERT_ID();
INSERT INTO page_widgets (page_widget_id, site_id,user_id, widget_title, position, page_key, widget_type, widget_id, created_time, showallpage, worder) VALUES (null,[site_id],[user_id],'tất cả sản phẩm',5,'economy/product/',1,'productall',[now],0,1);
set @page_widgets2045 = LAST_INSERT_ID();
INSERT INTO page_widgets (page_widget_id, site_id,user_id, widget_title, position, page_key, widget_type, widget_id, created_time, showallpage, worder) VALUES (null,[site_id],[user_id],'Sản phẩm bán chạy',5,'introduce/introduce/',1,'productgroup',[now],0,2);
set @page_widgets2046 = LAST_INSERT_ID();
INSERT INTO page_widgets (page_widget_id, site_id,user_id, widget_title, position, page_key, widget_type, widget_id, created_time, showallpage, worder) VALUES (null,[site_id],[user_id],'Form liên hệ',5,'site/site/contact',1,'customform',[now],0,1);
set @page_widgets2047 = LAST_INSERT_ID();
INSERT INTO page_widgets (page_widget_id, site_id,user_id, widget_title, position, page_key, widget_type, widget_id, created_time, showallpage, worder) VALUES (null,[site_id],[user_id],'Bản đồ đường đi',5,'site/site/contact',1,'map',[now],0,2);
set @page_widgets2048 = LAST_INSERT_ID();
INSERT INTO page_widgets (page_widget_id, site_id,user_id, widget_title, position, page_key, widget_type, widget_id, created_time, showallpage, worder) VALUES (null,[site_id],[user_id],'Tin tức',5,'news/news/',1,'newsall',[now],0,2);
set @page_widgets2049 = LAST_INSERT_ID();
INSERT INTO page_widgets (page_widget_id, site_id,user_id, widget_title, position, page_key, widget_type, widget_id, created_time, showallpage, worder) VALUES (null,[site_id],[user_id],'Danh mục sản phẩm được chọn hiển thị trang chủ',5,'introduce/introduce/',1,'productcategoryinhome',[now],0,3);
set @page_widgets2050 = LAST_INSERT_ID();
INSERT INTO page_widgets (page_widget_id, site_id,user_id, widget_title, position, page_key, widget_type, widget_id, created_time, showallpage, worder) VALUES (null,[site_id],[user_id],'Tin tức khác',5,'news/news/detail',1,'newsrelation',[now],0,3);
set @page_widgets2051 = LAST_INSERT_ID();
INSERT INTO page_widgets (page_widget_id, site_id,user_id, widget_title, position, page_key, widget_type, widget_id, created_time, showallpage, worder) VALUES (null,[site_id],[user_id],'Social',5,'news/news/detail',1,'social',[now],0,1);
set @page_widgets2052 = LAST_INSERT_ID();
INSERT INTO page_widgets (page_widget_id, site_id,user_id, widget_title, position, page_key, widget_type, widget_id, created_time, showallpage, worder) VALUES (null,[site_id],[user_id],'Sản phẩm cùng chuyên mục',5,'economy/product/detail',1,'productsrelation',[now],0,3);
set @page_widgets2053 = LAST_INSERT_ID();
INSERT INTO page_widgets (page_widget_id, site_id,user_id, widget_title, position, page_key, widget_type, widget_id, created_time, showallpage, worder) VALUES (null,[site_id],[user_id],'Social',5,'economy/product/detail',1,'social',[now],0,1);
set @page_widgets2054 = LAST_INSERT_ID();
INSERT INTO page_widgets (page_widget_id, site_id,user_id, widget_title, position, page_key, widget_type, widget_id, created_time, showallpage, worder) VALUES (null,[site_id],[user_id],'Bình luận',5,'economy/product/detail',1,'facebookcomment',[now],0,2);
set @page_widgets2055 = LAST_INSERT_ID();
INSERT INTO page_widgets (page_widget_id, site_id,user_id, widget_title, position, page_key, widget_type, widget_id, created_time, showallpage, worder) VALUES (null,[site_id],[user_id],'Bình luận',5,'news/news/detail',1,'facebookcomment',[now],0,2);
set @page_widgets2056 = LAST_INSERT_ID();
INSERT INTO page_widgets (page_widget_id, site_id,user_id, widget_title, position, page_key, widget_type, widget_id, created_time, showallpage, worder) VALUES (null,[site_id],[user_id],'Tìm kiếm',7,'introduce/introduce/',1,'searchbox',[now],1,1);
set @page_widgets2057 = LAST_INSERT_ID();
INSERT INTO page_widgets (page_widget_id, site_id,user_id, widget_title, position, page_key, widget_type, widget_id, created_time, showallpage, worder) VALUES (null,[site_id],[user_id],'Sản phẩm nổi bật',1,'economy/product/detail',1,'hotproduct',[now],1,5);
set @page_widgets2058 = LAST_INSERT_ID();
INSERT INTO page_widgets (page_widget_id, site_id,user_id, widget_title, position, page_key, widget_type, widget_id, created_time, showallpage, worder) VALUES (null,[site_id],[user_id],'Hỗ trợ trực tuyến',1,'economy/product/detail',1,'support',[now],1,4);
set @page_widgets2059 = LAST_INSERT_ID();
INSERT INTO page_widgets (page_widget_id, site_id,user_id, widget_title, position, page_key, widget_type, widget_id, created_time, showallpage, worder) VALUES (null,[site_id],[user_id],'Video',1,'economy/product/detail',1,'videonew',[now],1,6);
set @page_widgets2060 = LAST_INSERT_ID();
INSERT INTO page_widgets (page_widget_id, site_id,user_id, widget_title, position, page_key, widget_type, widget_id, created_time, showallpage, worder) VALUES (null,[site_id],[user_id],'Danh mục sản phẩm',1,'economy/product/category',1,'categorybox',[now],0,2);
set @page_widgets2061 = LAST_INSERT_ID();
INSERT INTO page_widgets (page_widget_id, site_id,user_id, widget_title, position, page_key, widget_type, widget_id, created_time, showallpage, worder) VALUES (null,[site_id],[user_id],'Danh mục sản phẩm',1,'economy/product/',1,'categorybox',[now],0,3);
set @page_widgets2062 = LAST_INSERT_ID();
INSERT INTO page_widgets (page_widget_id, site_id,user_id, widget_title, position, page_key, widget_type, widget_id, created_time, showallpage, worder) VALUES (null,[site_id],[user_id],'Quảng cáo',1,'economy/product/',1,'banner',[now],1,7);
set @page_widgets2063 = LAST_INSERT_ID();
INSERT INTO page_widgets (page_widget_id, site_id,user_id, widget_title, position, page_key, widget_type, widget_id, created_time, showallpage, worder) VALUES (null,[site_id],[user_id],'Đăng kí nhận bản tin',14,'introduce/introduce/',1,'newsletter',[now],1,1);
set @page_widgets2067 = LAST_INSERT_ID();
INSERT INTO page_widgets (page_widget_id, site_id,user_id, widget_title, position, page_key, widget_type, widget_id, created_time, showallpage, worder) VALUES (null,[site_id],[user_id],'Chân trang',16,'introduce/introduce/',1,'html',[now],1,1);
set @page_widgets2068 = LAST_INSERT_ID();
INSERT INTO page_widgets (page_widget_id, site_id,user_id, widget_title, position, page_key, widget_type, widget_id, created_time, showallpage, worder) VALUES (null,[site_id],[user_id],'Liên hệ',2501,'economy/product/detail',1,'html',[now],0,1);
set @page_widgets2072 = LAST_INSERT_ID();
INSERT INTO page_widgets (page_widget_id, site_id,user_id, widget_title, position, page_key, widget_type, widget_id, created_time, showallpage, worder) VALUES (null,[site_id],[user_id],'Menu chính',3001,'introduce/introduce/',1,'menu',[now],1,1);
set @page_widgets2073 = LAST_INSERT_ID();
INSERT INTO page_widgets (page_widget_id, site_id,user_id, widget_title, position, page_key, widget_type, widget_id, created_time, showallpage, worder) VALUES (null,[site_id],[user_id],'Tìm kiếm',12,'introduce/introduce/',1,'searchbox',[now],1,1);
set @page_widgets2074 = LAST_INSERT_ID();
INSERT INTO page_widgets (page_widget_id, site_id,user_id, widget_title, position, page_key, widget_type, widget_id, created_time, showallpage, worder) VALUES (null,[site_id],[user_id],'Shop cart',12,'introduce/introduce/',1,'shoppingcart',[now],1,2);
set @page_widgets2075 = LAST_INSERT_ID();
INSERT INTO page_widgets (page_widget_id, site_id,user_id, widget_title, position, page_key, widget_type, widget_id, created_time, showallpage, worder) VALUES (null,[site_id],[user_id],'Modume',15,'introduce/introduce/',1,'html',[now],1,1);
set @page_widgets2076 = LAST_INSERT_ID();
INSERT INTO page_widgets (page_widget_id, site_id,user_id, widget_title, position, page_key, widget_type, widget_id, created_time, showallpage, worder) VALUES (null,[site_id],[user_id],'Khách hàng tiêu biểu',41,'introduce/introduce/',1,'banner',[now],0,1);
set @page_widgets2078 = LAST_INSERT_ID();
INSERT INTO page_widgets (page_widget_id, site_id,user_id, widget_title, position, page_key, widget_type, widget_id, created_time, showallpage, worder) VALUES (null,[site_id],[user_id],'Banner chính',31,'introduce/introduce/',1,'bannergroup',[now],0,1);
set @page_widgets2079 = LAST_INSERT_ID();

INSERT INTO page_widget_config (id, page_widget_id, site_id, user_id, config_data, created_time, modified_time) VALUES (null,@page_widgets2043,[site_id],[user_id],CONCAT('{"group_id":',@menu_groups135,',"directfrom":"left","showallpage":"1","widget_title":"menu chính","show_wiget_title":"0"}'),[now],[now]);
INSERT INTO page_widget_config (id, page_widget_id, site_id, user_id, config_data, created_time, modified_time) VALUES (null,@page_widgets2044,[site_id],[user_id],'{\"limit\":\"4\",\"showallpage\":\"0\",\"widget_title\":\"S\\u1ea3n ph\\u1ea9m m\\u1edbi\",\"show_wiget_title\":\"1\"}',[now],[now]);
INSERT INTO page_widget_config (id, page_widget_id, site_id, user_id, config_data, created_time, modified_time) VALUES (null,@page_widgets2045,[site_id],[user_id],'{\"limit\":\"18\",\"showallpage\":\"0\",\"widget_title\":\"t\\u1ea5t c\\u1ea3 s\\u1ea3n ph\\u1ea9m\",\"show_wiget_title\":\"0\"}',[now],[now]);
INSERT INTO page_widget_config (id, page_widget_id, site_id, user_id, config_data, created_time, modified_time) VALUES (null,@page_widgets2046,[site_id],[user_id],CONCAT('{"limit":"4","group_id":',@product_groups43,',"showallpage":"0","widget_title":"Sản phẩm bán chạy","show_wiget_title":"1"}'),[now],[now]);
INSERT INTO page_widget_config (id, page_widget_id, site_id, user_id, config_data, created_time, modified_time) VALUES (null,@page_widgets2047,[site_id],[user_id],CONCAT('{"form_id":',@forms60,',"labelClass":"2","showallpage":"0","widget_title":"Form liên hệ","show_wiget_title":"1"}'),[now],[now]);
INSERT INTO page_widget_config (id, page_widget_id, site_id, user_id, config_data, created_time, modified_time) VALUES (null,@page_widgets2048,[site_id],[user_id],'{\"limit\":\"3\",\"showallpage\":\"0\",\"widget_title\":\"B\\u1ea3n \\u0111\\u1ed3 \\u0111\\u01b0\\u1eddng \\u0111i\",\"show_wiget_title\":\"1\"}',[now],[now]);
INSERT INTO page_widget_config (id, page_widget_id, site_id, user_id, config_data, created_time, modified_time) VALUES (null,@page_widgets2049,[site_id],[user_id],'{\"limit\":\"10\",\"showallpage\":\"0\",\"widget_title\":\"Tin t\\u1ee9c\",\"show_wiget_title\":\"0\"}',[now],[now]);
INSERT INTO page_widget_config (id, page_widget_id, site_id, user_id, config_data, created_time, modified_time) VALUES (null,@page_widgets2050,[site_id],[user_id],'{\"itemslimit\":\"4\",\"limit\":\"3\",\"showallpage\":\"0\",\"widget_title\":\"Danh m\\u1ee5c s\\u1ea3n ph\\u1ea9m \\u0111\\u01b0\\u1ee3c ch\\u1ecdn hi\\u1ec3n th\\u1ecb trang ch\\u1ee7\",\"show_wiget_title\":\"0\"}',[now],[now]);
INSERT INTO page_widget_config (id, page_widget_id, site_id, user_id, config_data, created_time, modified_time) VALUES (null,@page_widgets2051,[site_id],[user_id],'{\"limit\":\"3\",\"showallpage\":\"0\",\"widget_title\":\"Tin t\\u1ee9c kh\\u00e1c\",\"show_wiget_title\":\"1\"}',[now],[now]);
INSERT INTO page_widget_config (id, page_widget_id, site_id, user_id, config_data, created_time, modified_time) VALUES (null,@page_widgets2052,[site_id],[user_id],'{\"showallpage\":\"0\",\"widget_title\":\"Social\",\"show_wiget_title\":\"0\"}',[now],[now]);
INSERT INTO page_widget_config (id, page_widget_id, site_id, user_id, config_data, created_time, modified_time) VALUES (null,@page_widgets2053,[site_id],[user_id],'{\"limit\":\"4\",\"showallpage\":\"0\",\"widget_title\":\"S\\u1ea3n ph\\u1ea9m c\\u00f9ng chuy\\u00ean m\\u1ee5c\",\"show_wiget_title\":\"1\"}',[now],[now]);
INSERT INTO page_widget_config (id, page_widget_id, site_id, user_id, config_data, created_time, modified_time) VALUES (null,@page_widgets2054,[site_id],[user_id],'{\"showallpage\":\"0\",\"widget_title\":\"Social\",\"show_wiget_title\":\"0\"}',[now],[now]);
INSERT INTO page_widget_config (id, page_widget_id, site_id, user_id, config_data, created_time, modified_time) VALUES (null,@page_widgets2055,[site_id],[user_id],'{\"showallpage\":\"0\",\"widget_title\":\"B\\u00ecnh lu\\u1eadn\",\"show_wiget_title\":\"1\"}',[now],[now]);
INSERT INTO page_widget_config (id, page_widget_id, site_id, user_id, config_data, created_time, modified_time) VALUES (null,@page_widgets2056,[site_id],[user_id],'{\"showallpage\":\"0\",\"widget_title\":\"B\\u00ecnh lu\\u1eadn\",\"show_wiget_title\":\"1\"}',[now],[now]);
INSERT INTO page_widget_config (id, page_widget_id, site_id, user_id, config_data, created_time, modified_time) VALUES (null,@page_widgets2057,[site_id],[user_id],'{\"showcat\":\"0\",\"showallpage\":\"1\",\"widget_title\":\"T\\u00ecm ki\\u1ebfm\",\"show_wiget_title\":\"0\"}',[now],[now]);
INSERT INTO page_widget_config (id, page_widget_id, site_id, user_id, config_data, created_time, modified_time) VALUES (null,@page_widgets2058,[site_id],[user_id],'{\"limit\":\"5\",\"showallpage\":\"1\",\"widget_title\":\"S\\u1ea3n ph\\u1ea9m n\\u1ed5i b\\u1eadt\",\"show_wiget_title\":\"1\"}',[now],[now]);
INSERT INTO page_widget_config (id, page_widget_id, site_id, user_id, config_data, created_time, modified_time) VALUES (null,@page_widgets2059,[site_id],[user_id],'{\"limit\":\"4\",\"showallpage\":\"1\",\"widget_title\":\"H\\u1ed7 tr\\u1ee3 tr\\u1ef1c tuy\\u1ebfn\",\"show_wiget_title\":\"1\"}',[now],[now]);
INSERT INTO page_widget_config (id, page_widget_id, site_id, user_id, config_data, created_time, modified_time) VALUES (null,@page_widgets2060,[site_id],[user_id],'{\"limit\":\"1\",\"showallpage\":\"1\",\"widget_title\":\"Video\",\"show_wiget_title\":\"1\"}',[now],[now]);
INSERT INTO page_widget_config (id, page_widget_id, site_id, user_id, config_data, created_time, modified_time) VALUES (null,@page_widgets2061,[site_id],[user_id],'{\"type\":\"product\",\"parent\":0,\"showallpage\":\"0\",\"widget_title\":\"Danh m\\u1ee5c s\\u1ea3n ph\\u1ea9m\",\"show_wiget_title\":\"1\"}',[now],[now]);
INSERT INTO page_widget_config (id, page_widget_id, site_id, user_id, config_data, created_time, modified_time) VALUES (null,@page_widgets2062,[site_id],[user_id],'{\"type\":\"product\",\"parent\":0,\"showallpage\":\"0\",\"widget_title\":\"Danh m\\u1ee5c s\\u1ea3n ph\\u1ea9m\",\"show_wiget_title\":\"1\"}',[now],[now]);
INSERT INTO page_widget_config (id, page_widget_id, site_id, user_id, config_data, created_time, modified_time) VALUES (null,@page_widgets2063,[site_id],[user_id],CONCAT('{"banner_group_id":',@banner_groups309,',"limit":"10","showallpage":"1","widget_title":"Quảng cáo","show_wiget_title":"0"}'),[now],[now]);
INSERT INTO page_widget_config (id, page_widget_id, site_id, user_id, config_data, created_time, modified_time) VALUES (null,@page_widgets2067,[site_id],[user_id],'{\"helptext\":\"Vui l\\u00f2ng \\u0111i\\u1ec1n v\\u00e0o form \\u0111\\u0103ng k\\u00ed \\u0111\\u1ec3 nh\\u1eadn th\\u00f4ng tin khuy\\u1ebfn m\\u1ea1i t\\u1eeb ch\\u00fang t\\u00f4i. Xin ch\\u00e2n th\\u00e0nh c\\u1ea3m \\u01a1n!\",\"showallpage\":\"1\",\"widget_title\":\"\\u0110\\u0103ng k\\u00ed nh\\u1eadn b\\u1ea3n tin\",\"show_wiget_title\":\"1\"}',[now],[now]);
INSERT INTO page_widget_config (id, page_widget_id, site_id, user_id, config_data, created_time, modified_time) VALUES (null,@page_widgets2068,[site_id],[user_id],'{\"html\":\"<div class=\\\"coppyright\\\">2015 (C) B\\u1ea3n quy\\u1ec1n thu\\u1ed9c v\\u1ec1 NANOWEB.VN<\\/div>\\r\\n\\r\\n\\r\\n\",\"showallpage\":\"1\",\"widget_title\":\"Ch\\u00e2n trang\",\"show_wiget_title\":\"0\"}',[now],[now]);
INSERT INTO page_widget_config (id, page_widget_id, site_id, user_id, config_data, created_time, modified_time) VALUES (null,@page_widgets2072,[site_id],[user_id],'{\"html\":\"<p>01676-874-179<\\/p>\\r\\n\",\"showallpage\":\"0\",\"widget_title\":\"Li\\u00ean h\\u1ec7\",\"show_wiget_title\":\"0\"}',[now],[now]);
INSERT INTO page_widget_config (id, page_widget_id, site_id, user_id, config_data, created_time, modified_time) VALUES (null,@page_widgets2073,[site_id],[user_id],CONCAT('{"group_id":',@menu_groups135,',"directfrom":"left","showallpage":"1","widget_title":"Menu chính","show_wiget_title":"0"}'),[now],[now]);
INSERT INTO page_widget_config (id, page_widget_id, site_id, user_id, config_data, created_time, modified_time) VALUES (null,@page_widgets2074,[site_id],[user_id],'{\"showcat\":\"0\",\"showallpage\":\"1\",\"widget_title\":\"T\\u00ecm ki\\u1ebfm\",\"show_wiget_title\":\"0\"}',[now],[now]);
INSERT INTO page_widget_config (id, page_widget_id, site_id, user_id, config_data, created_time, modified_time) VALUES (null,@page_widgets2075,[site_id],[user_id],'{\"showallpage\":\"1\",\"widget_title\":\"Shop cart\",\"show_wiget_title\":\"0\"}',[now],[now]);
INSERT INTO page_widget_config (id, page_widget_id, site_id, user_id, config_data, created_time, modified_time) VALUES (null,@page_widgets2076,[site_id],[user_id],'{\"html\":\"<div class=\\\"facebook\\\">\\r\\n                        <div class=\\\"title-bt\\\"><span>K\\u1ebft n\\u1ed1i<\\/span><\\/div>\\r\\n                        <div class=\\\"facebook-cont\\\">\\r\\n                        \\t<ul>\\r\\n                            \\t<li><a title=\\\"#\\\" href=\\\"#\\\" class=\\\"fb\\\">Facebook<\\/a><\\/li>\\r\\n                                <li><a title=\\\"#\\\" href=\\\"#\\\" class=\\\"tw\\\">Twitter<\\/a><\\/li>\\r\\n                                <li><a title=\\\"#\\\" href=\\\"#\\\" class=\\\"ins\\\">Instagram<\\/a><\\/li>\\r\\n                            <\\/ul>\\r\\n                        <\\/div>\\r\\n                    <\\/div>\",\"showallpage\":\"1\",\"widget_title\":\"Modume\",\"show_wiget_title\":\"0\"}',[now],[now]);
INSERT INTO page_widget_config (id, page_widget_id, site_id, user_id, config_data, created_time, modified_time) VALUES (null,@page_widgets2078,[site_id],[user_id],CONCAT('{"banner_group_id":',@banner_groups310,',"limit":"10","showallpage":"0","widget_title":"Khách hàng tiêu biểu","show_wiget_title":"0"}'),[now],[now]);
INSERT INTO page_widget_config (id, page_widget_id, site_id, user_id, config_data, created_time, modified_time) VALUES (null,@page_widgets2079,[site_id],[user_id],CONCAT('{"banner_group_id":',@banner_groups308,',"timeDelay":"4000","style":"style3","limit":"10","showallpage":"0","widget_title":"Banner chính","show_wiget_title":"0"}'),[now],[now]);

