UPDATE sites SET site_logo='/mediacenter/media/images/108/logo/365_1432789424_6275566a1b0d00e2.png',footercontent='<ul class=\"box-footer\">\r\n	<li>CÔNG TY TNHH CÔNG NGHỆ 3 NHẤT</li>\r\n	<li>Website: nanoweb.vn</li>\r\n	<li>Địa chỉ : Đ/c: 82 Phạm Ngọc Thạch - Đống Đa - Hà Nội</li>\r\n	<li>Số Điện Thoại : 0948 854 888</li>\r\n	<li>Copyright © 2014 Công ty công nghệ 3 Nhất</li>\r\n</ul>\r\n',contact='<p>CÔNG TY TNHH CÔNG NGHỆ 3 NHẤT</p>\r\n\r\n<p>Website: web3nhhat.vn</p>\r\n\r\n<p>Địa chỉ : Đ/c: 82 Phạm Ngọc Thạch - Đống Đa - Hà Nội</p>\r\n\r\n<p>Số Điện Thoại : 0948 854 888</p>\r\n\r\n<p style=\"color: rgb(51, 51, 51); font-family: sans-serif, Arial, Verdana, \'Trebuchet MS\'; font-size: 13px; font-style: normal; font-variant: normal; font-weight: normal; letter-spacing: normal; line-height: 20.7999992370605px; orphans: auto; text-align: start; text-indent: 0px; text-transform: none; white-space: normal; widows: auto; word-spacing: 0px; -webkit-text-stroke-width: 0px;\"><em>Xin vui lòng điền các yêu cầu vào form dưới đây và gửi cho chúng tôi. Chúng tôi sẽ trả lời bạn ngay sau khi nhận được. Xin chân thành cảm ơn!</em></p>\r\n',admin_default='economy' WHERE site_id=[site_id];

INSERT INTO site_introduces (site_id,user_id, title, sortdesc, description, image_path, image_name, meta_keywords, meta_description, meta_title, created_time, modified_time) VALUES ([site_id],[user_id],'','','<p style=\"text-align: center;\"><img alt=\"\" src=\"http://w3ni131.web3nhat.net/data/media/81/images/2015/Trust-681x321.jpg\" style=\"width: 681px; height: 321px;\" /></p>\r\n\r\n<p>Trung Tâm Phân Phối Sản Phẩm Sơn Hà Trên Toàn Quốc là đơn vị cung cấp sản phẩm Sơn Hà lớn nhất tại Việt Nam . Hiện nay chúng tôi là nhà phân phối của Tổng công ty Cổ phần Quốc tế Sơn Hà có trụ sở tại Hà Nội hơn 10 năm qua. Chúng tôi đã thấu hiểu quan điểm, chính sách chiến lược của Tổng công ty là làm thế nào để đưa được sản phẩm tới tay người tiêu dùng trên khắp mọi miền Tổ quốc và bạn bè Quốc tế.<br />\r\n<br />\r\nVới mạng lưới phân phối rộng khắp tại 63 tỉnh thành phố của Việt Nam .Sản phẩm chúng tôi cung cấp luôn đảm bảo chất lượng tiêu chuẩn của của nhà sảm xuất , dịch vụ chu đáo trước và sau bán hàng , tư vấn miễn phí tại nhà là nguyên nhân khiến đông đảo khách hàng tìm tới chúng tôi và qua đó ngày càng khẳng định được vị trí số 1 của mình tại thị trường Việt Nam trong lĩnh vực kinh doanh sản phẩm Sơn Hà .<br />\r\nHưởng ứng chương trình khuyến khích \"Người Việt Nam dùng hàng Việt Nam\", sản phẩm của chúng tôi không bị giới hạn bởi&nbsp; khoảng cách. Để đạt được những thành quả trên, đội ngũ cán bộ, công nhân viên chuyên nghiệp cùng với các chi nhánh, các nhà phân phối, các đại lý chính thức của chúng tôi luôn nỗ lực hoàn thiện mình để đưa đến cho khách hàng cung cách, thái độ phục vụ tư vấn tận tình.<br />\r\n<br />\r\nHãy gọi đến TRUNG TÂM của chúng tôi, quý khách sẽ luôn nhận được sự tư vấn miễn phí, tận tình và sử dụng những sản phẩm chất lượng tiêu chuẩn Quốc tế và dịch vụ Chăm sóc khách hàng hoàn hảo.Bạn “cần”&nbsp; chúng tôi “có “&nbsp; rất hân hạnh được phục vụ quý khách hàng.<br />\r\n&nbsp;</p>\r\n\r\n<p style=\"text-align: center;\"><span style=\"font-size:18px;\">\" Sự hài lòng của quý khách là tiêu chí của chúng tôi \".<br />\r\nTrân trọng được hợp tác !</span></p>\r\n','','','','','',[now],[now]);

INSERT INTO site_support (site_id,user_id,`data`, created_time, modified_time) VALUES ([site_id],[user_id],'[{\"type\":\"yahoo\",\"nick\":\"takevn\",\"title\":\"H\\u1ed7 tr\\u1ee3 online 1\"},{\"type\":\"skype\",\"nick\":\"takevn\",\"title\":\"H\\u1ed7 tr\\u1ee3 online 2\"},{\"type\":\"phone\",\"phone\":\"Li\\u00ean h\\u1ec7 tr\\u1ef1c ti\\u1ebfp: 0982 098 681\"},{\"type\":\"address\",\"address\":\"82 Ph\\u1ea1m Ng\\u1ecdc Th\\u1ea1ch - \\u0110\\u1ed1ng \\u0110a - H\\u00e0 n\\u1ed9i\"}]',[now],[now]);

INSERT INTO maps (id,site_id, user_id, latlng, `name`, address, email, phone, website, headoffice, `order`, created_time, modified_time) VALUES (null,[site_id],[user_id],'21.007066,105.831931','Công ty Công Nghệ 3 Nhất','82 Phạm Ngọc Thạch - Đống Đa - Hà nội','support@web3nhat.com','0948854888','web3nhat.vn',1,0,[now],[now]);


INSERT INTO banner_groups (banner_group_id, banner_group_name, banner_group_description, site_id, user_id, width, height, created_time)  VALUES (null, 'Nhóm banner slide home', '', '[site_id]', '[user_id]', '0', '350', '[now]');
set @banner_groups85 = LAST_INSERT_ID();
INSERT INTO banner_groups (banner_group_id, banner_group_name, banner_group_description, site_id, user_id, width, height, created_time)  VALUES (null, 'Nhóm banner bên trái', '', '[site_id]', '[user_id]', '221', '0', '[now]');
set @banner_groups86 = LAST_INSERT_ID();
INSERT INTO banner_groups (banner_group_id, banner_group_name, banner_group_description, site_id, user_id, width, height, created_time)  VALUES (null, 'Nhóm phải height 375', 'height 375', '[site_id]', '[user_id]', '0', '375', '[now]');
set @banner_groups88 = LAST_INSERT_ID();


INSERT INTO banners (banner_id, site_id, banner_group_id, banner_name, banner_description, banner_src, banner_width, banner_height, banner_link, banner_type, banner_order, banner_rules, banner_target, created_time, banner_showall) VALUES (null, [site_id],@banner_groups86, 'Thiết kế web','','/mediacenter/media/files/99/banners/168_1429179196_365552f8b3c88969.gif',257,0,'http://web3nhat.vn',1,0,'',0,[now],1);
set @banners225 = LAST_INSERT_ID();
INSERT INTO banners (banner_id, site_id, banner_group_id, banner_name, banner_description, banner_src, banner_width, banner_height, banner_link, banner_type, banner_order, banner_rules, banner_target, created_time, banner_showall) VALUES (null, [site_id],@banner_groups88, 'Guide','','/mediacenter/media/files/108/banners/299_1432789886_4555566a37e8ee0e.png',0,375,'',1,0,'',1,[now],1);
set @banners227 = LAST_INSERT_ID();
INSERT INTO banners (banner_id, site_id, banner_group_id, banner_name, banner_description, banner_src, banner_width, banner_height, banner_link, banner_type, banner_order, banner_rules, banner_target, created_time, banner_showall) VALUES (null, [site_id],@banner_groups85, 'Banner 1','Shop thời trang','/mediacenter/media/files/108/banners/233_1432809700_3275566f0e4ca95e.jpg',0,350,'',1,0,'',1,[now],1);
set @banners228 = LAST_INSERT_ID();
INSERT INTO banners (banner_id, site_id, banner_group_id, banner_name, banner_description, banner_src, banner_width, banner_height, banner_link, banner_type, banner_order, banner_rules, banner_target, created_time, banner_showall) VALUES (null, [site_id],@banner_groups85, 'Banner 2','Xu hướng thời trang 2015','/mediacenter/media/files/108/banners/972_1432809866_785566f18a2dcec.jpg',0,350,'',1,0,'',1,[now],1);
set @banners229 = LAST_INSERT_ID();
INSERT INTO banners (banner_id, site_id, banner_group_id, banner_name, banner_description, banner_src, banner_width, banner_height, banner_link, banner_type, banner_order, banner_rules, banner_target, created_time, banner_showall) VALUES (null, [site_id],@banner_groups85, 'banner 3','','/mediacenter/media/files/108/banners/374_1432809964_2925566f1ecdbdbf.jpg',0,350,'',1,0,'',1,[now],1);
set @banners230 = LAST_INSERT_ID();


INSERT INTO news_categories (cat_id, site_id, user_id, cat_parent, cat_name, `alias`, cat_order, cat_description, cat_countchild, image_path, image_name, `status`, created_time, modified_time, showinhome, meta_keywords, meta_description, meta_title) VALUES (null,[site_id],[user_id],0,'Tin tức','tin-tuc',15,'',0,'','',1,[now], [now],1,'','','');
set @news_categories102 = LAST_INSERT_ID();
INSERT INTO news (news_id, news_category_id, news_title, news_sortdesc, news_desc, `alias`, `status`, meta_keywords, meta_description, site_id, user_id, image_path, image_name, created_time, modified_time, modified_by, news_hot, news_source, poster, publicdate) VALUES (null,@news_categories102,'Những chính sách áp dụng khi mua máy nước nóng','Những chính sách áp dung cho khách hàng mua sản phẩm máy nước nóng năng lương mặt trời tại trung tâm phân phối sản phẩm Sơn Hà như sau','<h3>Những chính sách áp dung cho khách hàng mua sản phẩm máy nước nóng năng lương mặt trời tại trung tâm phân phối sản phẩm Sơn Hà như sau :</h3>\r\n\r\n<p>&nbsp;&nbsp;1. Tiếp nhận thông tin từ phía khách hàng</p>\r\n\r\n<div>- Khi khách hàng liên hệ tới công ty để đặt hàng &nbsp;bằng các hình thức : Đặt hàng trên mạng, gọi điện, mua hàng trực tiếp.. thì bộ phận bán hàng tiếp nhận thông tin đơn hàng của khách hàng. &nbsp;Tư vấn kỹ thuật sản phẩm: Những yêu cầu trước khi lắp sản phẩm thái dương năng, tư vấn lắp đặt đường nước, tư vấn phương án lắp đặt với từng kết cấu ngồi nhà khác nhau,thống nhất giá thành sản phẩm và các chi phí phát sinh khác nếu có. Nếu khách hàng lấy hóa đơn VAT thì yêu cầu khách hàng cung cấp thông tin, hóa đơn VAT sẽ được chuyển &nbsp;sau khi giao hàng, thời gian giao hóa đơn thông thường từ 3-5 ngày (hoặc lâu hơn).</div>\r\n\r\n<div><br />\r\n2. Khảo sát vị trí lắp đặt năng lượng Thái dương năng<br />\r\n&nbsp;</div>\r\n\r\n<div>- Nếu khách hàng có nhu cầu khảo sát và tư vấn tại nhà trước khi lắp sản phẩm &nbsp;thì bộ phân bán hàng xin lại thông tin để tiến hàng khảo sát trước khi chuyển hàng. Trong quá trình khảo sát nếu phát sinh chi phí khác thì bộ phận khảo sát thống nhất với khách hàng trước và báo cho bộ phận bán hàng.</div>\r\n\r\n<div><br />\r\n3. Giao hàng<br />\r\n&nbsp;</div>\r\n\r\n<div>- Với sản phẩm Thái dương năng sẽ có các phương thức chuyển hàng sau :</div>\r\n\r\n<div>&nbsp; &nbsp;+ Do công ty Cổ Phần Quốc Tế Sơn Hà vận chuyển</div>\r\n\r\n<div>&nbsp; &nbsp;+ Do Công ty TNHH Seabig Việt Nam vận chuyển</div>\r\n\r\n<div>&nbsp; &nbsp;+ Hoặc do một đơn vị thứ 3 nếu có.</div>\r\n\r\n<div>- Bộ phận vận chuyển sắp xếp giao hàng trong ngày đặt hàng (trước khi đi Bộ phận vận chuyển sẽ gọi cho khách hành trước 1h đồng hồ để khách hàng chủ động nhận hàng).</div>\r\n\r\n<div><br />\r\n4. Nhận hàng và lắp đặt<br />\r\n&nbsp;</div>\r\n\r\n<div>- Khi sản phẩm chuyển tới khách hàng khách hàng cần kiểm tra kỹ xem sản phẩm có đúng chủng loại mình đặt hay không,sản phẩm không bị vỡ ống, không bị bóp méo bình bảo ôn ... Sau đó khách hàng ký vào hóa đơn giao hàng. Nếu sản phẩm không đúng như yêu cầu thì khách hàng có quyền không nhận hàng và yêu cầu đổi lại hàng.</div>\r\n\r\n<div>- Sau khi khách hàng nhận hàng thì bộ phân lắp đăt đến và tiến hành lắp đăt &nbsp;cho khách hàng.Nhà sản xuất tiến hành lắp đặt miễn phí trong phạm vi quy định của nhà SX . Bộ phận lắp đặt chỉ lắp đặt hoàn thiện sản phẩm và để đầu chờ có sẵn. Trong trường hợp lắp đặt trên mái nghiêng thì khách hàng phải mất thêm chi phí lắp đặt trên mái nghiêng, các vật dụng để lắp đặt gia cố khách hàng phải chuẩn bị từ trước. &nbsp;Việc nâng bồn, lắp đặt đường nước vào ra khách hàng phải tự hoàn thiện.</div>\r\n\r\n<div>Chú ý : &nbsp;&nbsp;<br />\r\n* Phụ kiện đi kèm(loại từ 14-30 ống): 01 van 1 chiều bằng đồng, 04 đầu cút ren vuông trong, 04 cút hàn, 02 măng xông, 01 chếch hàn, 04 m ống nóng, 04m ống lạnh, 01 cuộn băng tan &nbsp;(Chỉ áp dụng tại Hà Nội)<br />\r\n* Đối với hệ giàn công nghiệp, giá trên chưa bao gồm: Chi phí vật tư lắp đặt đường ống cấp nước vào bình bảo ôn, đường cấp nước nóng từ bình ra, chi phí vận chuyển và thiết bị hỗ trợ điện. Cần khảo sát thực tế trước khi báo giá bán khách hàng…</div>\r\n\r\n<div><br />\r\n5. Thu tiền.<br />\r\n&nbsp;</div>\r\n\r\n<div>- Sau khi lắp đặt xong khách hàng thanh toán đầy đủ tiền hàng cho bộ phận lắp đặt ngay tại thời điểm lắp đặt xong</div>\r\n\r\n<div><br />\r\n6. Bảo hành<br />\r\n&nbsp;</div>\r\n\r\n<div>-Sản phẩm dòng GOLD và ECO được bảo hành kỹ thuật 05 năm. Sản phẩm dòng Titan được bảo hành kỹ thuật 07 năm.(Thời gian Bảo hành in trực tiếp trên thân sản phẩm. Ko áp dụng phiếu giấy)</div>\r\n\r\n<div>- Công ty chỉ bảo hành các sản phẩm trong các điều kiện sau :&nbsp;</div>\r\n\r\n<div>&nbsp; &nbsp; &nbsp;+ Sản phẩm còn trong hạn bảo hành</div>\r\n\r\n<div>&nbsp; &nbsp; &nbsp;+ Hư hỏng do chất lượng linh kiện hay lỗi quy trình sản xuất.</div>\r\n\r\n<div>- Công Ty không bảo hành trong các trường hợp :</div>\r\n\r\n<div>&nbsp; &nbsp; + Sản phẩm không còn trong thời gian bảo hành</div>\r\n\r\n<div>&nbsp; &nbsp; + Sản phẩm bị hư hỏng do các yếu tố khách quan như thiên tai, lũ lụt....&nbsp;</div>\r\n\r\n<div>&nbsp; &nbsp; + Sản phẩm bị hư hỏng do lỗi của người sử dụng ví dụ như : Khách hàng tự ý Lắp đặt không đúng yêu cầu kỹ thuật, di chuyển sản phẩm gây hư hỏng, hoặc nguồn nước sử dụng nhiễm hóa chất gây hư hỏng bình năng lượng...<br />\r\n&nbsp;</div>\r\n\r\n<div>7. Một số điều Khách hàng cần chú ý<br />\r\n&nbsp;</div>\r\n\r\n<div>- Không phải khu vực nào tại Hà Nội cũng được áp dụng hình thức vận chuyển và lắp đặt miễn phí. Tùy từng khu vực khách hàng liên hệ với bộ phận bán hàng để biết thêm chi tiết.</div>\r\n\r\n<div>- Công ty chỉ lắp đặt miễn phí 1 lần trên mặt bằng có sẵn, việc lắp đặt đường nước, nâng bồn, gia cố đảm bảo an toàn của sản phẩm khách hàng phải tự hoàn thiện.<br />\r\n- Khách hàng phải chuẩn bị trước mặt bằng có sẵn trước khi tiến hàng lắp đăt sản phẩm.</div>\r\n\r\n<div>- Khách hàng có nghĩa vụ phải bảo quản Thái dương năng, trường hợp mất cắp sản phẩm công ty không chịu trách nhiệm.</div>\r\n\r\n<div>- Các yếu tố khách quan (thiên tai, &nbsp;lũ lụt, ....) như đã nêu ở trên công ty sẽ không áp dụng hình thức bảo hành.<br />\r\n- Việc gia cố sản phẩm để đảm bảo an toàn cho sản phẩm, người...Khách hàng phải tự hoàn thiện, trường hợp rủi ro gây hư hỏng, thiệt hại về người và của thì khách hàng hoàn toàn chịu trách nhiệm.<br />\r\n- Trường hơp khách hàng tự ý lắp đặt hoặc thuê thợ điên nước ngoài lắp đăt gây hư hỏng, thiệt hại về người và của khách hàng phải tự chịu trách nhiệm.<br />\r\n- Khách hàng thanh toán đầy đủ giá trị đơn hàng ngay sau khi nhận hàng.<br />\r\n- Mọi vấn đề về sản phẩm sau bán hàng khách hàng vui lòng liên hệ số chăm sóc bán hàng :&nbsp;04 62656586 (tại Hà Nội).&nbsp;Các tỉnh khác khách hàng mua ở đâu liên hệ với đại lý phân phối tại khu vực đó.</div>\r\n','nhung-chinh-sach-ap-dung-khi-mua-may-nuoc-nong',1,'','',[site_id],[user_id],'/media/images/81/news/ava/','520_1425009883_29354efecdb60782.jpg',[now], [now],[user_id],0,'','',[now]);set @news163 = LAST_INSERT_ID();
INSERT INTO news (news_id, news_category_id, news_title, news_sortdesc, news_desc, `alias`, `status`, meta_keywords, meta_description, site_id, user_id, image_path, image_name, created_time, modified_time, modified_by, news_hot, news_source, poster, publicdate) VALUES (null,@news_categories102,'Máy nước nóng năng lượng mặt trời ống dầu 320 lít','Máy nước nóng năng lượng mặt trời ống dầu 320 lít là dòng dung tích lớn nhất của SƠN HÀ trong các sản phẩm dân dụng. Sản phẩm sử dụng loại ống dầu đặc biệt giúp làm nóng nhanh và giữ nhiệt tới 96h','<h3><strong>Máy nước nóng năng lượng mặt trời ống dầu 320 lít là dòng dung tích lớn nhất của SƠN HÀ trong các sản phẩm dân dụng. Sản phẩm sử dụng loại ống dầu đặc biệt giúp làm nóng nhanh và giữ nhiệt tới 96h</strong></h3>\r\n\r\n<p>&nbsp;THÔNG SỐ KỸ THUẬT &nbsp;Máy nước nóng năng lượng mặt trời ỐNG DẦU 320 lít</p>\r\n\r\n<table border=\"1\" cellpadding=\"0\" cellspacing=\"0\">\r\n	<tbody>\r\n		<tr>\r\n			<td rowspan=\"2\">\r\n			<p>&nbsp;</p>\r\n\r\n			<p>Tên sản phẩm</p>\r\n			</td>\r\n			<td rowspan=\"2\">\r\n			<p>&nbsp;</p>\r\n\r\n			<p>Mã sản phẩm</p>\r\n			</td>\r\n			<td colspan=\"3\">\r\n			<p>Thông số kỹ thuật</p>\r\n			</td>\r\n			<td rowspan=\"2\">\r\n			<p>&nbsp;</p>\r\n\r\n			<p>Bảo hành</p>\r\n			</td>\r\n		</tr>\r\n		<tr>\r\n			<td>\r\n			<p>Dài</p>\r\n			</td>\r\n			<td>\r\n			<p>Rộng</p>\r\n			</td>\r\n			<td>\r\n			<p>Cao</p>\r\n			</td>\r\n		</tr>\r\n		<tr>\r\n			<td>\r\n			<p>&nbsp;Máy nước nóng năng lượng mặt trời ỐNG DẦU 320 &nbsp;lít&nbsp;28 ống</p>\r\n			</td>\r\n			<td>\r\n			<p>&nbsp;TND TITAL58- 320</p>\r\n			</td>\r\n			<td>\r\n			<p>&nbsp;2470</p>\r\n			</td>\r\n			<td>\r\n			<p>&nbsp;1983</p>\r\n			</td>\r\n			<td>\r\n			<p>&nbsp;1304</p>\r\n			</td>\r\n			<td>\r\n			<p>7&nbsp;năm</p>\r\n\r\n			<div>&nbsp;</div>\r\n			</td>\r\n		</tr>\r\n	</tbody>\r\n</table>\r\n\r\n<div><br />\r\nCÔNG NGHỆ SỬ DỤNG TRONG SẢN PHẨM&nbsp;Máy nước nóng năng lượng mặt trời Titan 320 lít<br />\r\n<img alt=\"\" src=\"http://www.maynuocnongnangluongmattroi.com.vn/uploaded/Maynuocnongnangluongmattroi/May-nuoc-nong-nang-luong-mat-troi-ong-dau-320-lit.jpg\" title=\"máy nước nóng năng lượng mặt trời ống dầu 320 lít\" /><br />\r\nmáy nước nóng năng lượng mặt trời ống dầu 320 lít</div>\r\n\r\n<div><br />\r\nmáy nước nóng năng lượng mặt trời ống dầu 320 lít<br />\r\n&nbsp;</div>\r\n\r\n<div>&nbsp;</div>\r\n\r\n<p>1.&nbsp;Công nghệ ống dầu đến từ ĐỨC.<br />\r\n&nbsp;- &nbsp;Với khả năng siêu dẫn nhiệt tốc độ làm nóng cực nhanh ở mọi điều kiện thời tiết.<br />\r\n2.&nbsp;Ruột bình bảo ôn tráng men - TITAN.<br />\r\n- &nbsp;Độ bền sản phẩm lên tới trên 50 năm, thách thức mọi nguồn nước.<br />\r\n3.&nbsp;Lớp bảo ôn Polyurethane.<br />\r\n- Mật độ siêu giữ nhiệt lên tới 96h.<br />\r\n4.&nbsp;Vỏ bình bảo ôn<br />\r\n- Làm bằng vật liệu Inox SUS 304 Hairline sang trọng, cao cấp.<br />\r\n5.&nbsp;Chân đế.<br />\r\n- Thiết kế vững chắc bằng hộp inox siêu bền.<br />\r\n<br />\r\nMÁY NƯỚC NÓNG NĂNG LƯỢNG MẶT TRỜI ỐNG DẦU 320 LÍT</p>\r\n\r\n<div>- Trước tiên các bạn cần hiểu rõ là sản phẩm&nbsp;MÁY NƯỚC NÓNG NĂNG LƯỢNG MẶT TRỜI ỐNG DẦU 320 lít&nbsp;sử dụng loại ống Dầu . Do đó sản phẩm có những ưu điểm cực lớn sau đây :&nbsp;</div>\r\n\r\n<div>1. &nbsp;Thời gian làm nóng nhanh hơn gấp nhiều lần so với các sản phẩm năng lượng mặt trời khác (chỉ có tại thái dương năng ống dầu Sơn Hà)</div>\r\n\r\n<div>2. &nbsp;Với Thái dương năng ống dầu thì bạn có thể yên tâm hơn về việc trong lòng ống có bị bán cặn bẩn, rong rêu hay không. Vì sản phẩm đã khắc phục một cách triệt để vấn đề này, đảm bảo nguồn nước lưu thông một cách dễ dàng nhất và giúp cho việc làm nóng nhanh hơn.</div>\r\n\r\n<div>3. Một sự khác biệt nữa là khi trời tắt nắng thì ống năng lượng vẫn có thể làm nóng thêm từ 1.5 đến 2 giờ nữa với tác dụng nhiệt của dầu.</div>\r\n\r\n<div>4. Một số khách hàng quan ngại về việc sử dụng ống dầu có nguy cơ nhiễm dầu ra nguồn nước gây ảnh hưởng tới sức khỏe . Nhưng bạn có thể yên tâm vấn đề này bởi sản phẩm Thái dương năng ống dầu của Sơn Hà không làm ảnh hưởng đến nguồn nước đang sử dụng vì lượng dầu được đóng kín trong ống chân không.</div>\r\n\r\n<div>5. Thân thiện với môi trường:Sản phẩm sử dụng nguồn năng lượng tự nhiên là ánh sáng mặt trời nên không tạo ra các chất thải gây ảnh hưởng đến môi trường.</div>\r\n\r\n<div>6. Về thời gian bảo hành :Sản phẩm có thời gian bảo hành lên tới 7 năm (Thời gian dài nhất mà Sơn Hà mang đến cho bạn).</div>\r\n\r\n<div>7. Chi phí đầu tư là không lớn so với các sản phẩm năng lượng mặt trời khác. 10 VNĐ là chi phí trung bình để tạo nên 1 lít nước nóng khi sử dụng Bình nước nóng năng lượng mặt trời. Với chi phí thấp như vậy, Bình nước nóng năng lượng mặt trời là lựa chọn hàng đầu cho nhu cầu sử dụng khối lượng nước nhiều và thường xuyên như các khách sạn, nhà hàng, bệnh viện ... và các hộ gia đình.</div>\r\n\r\n<div>8. An toàn hơn khi sử dụng: Khi sử dụng thái dương năng ống dầu thì các nguy cơ cháy nổ, chập điện được loại bỏ hoàn toàn. Sản phẩm hoạt động dựa hoàn toàn vào năng lượng mặt trời không liên quan tới nguồn điện.</div>\r\n','may-nuoc-nong-nang-luong-mat-troi-ong-dau-320-lit',1,'','',[site_id],[user_id],'/media/images/81/news/ava/','442_1425009780_10654efec74b60db.jpg',[now], [now],[user_id],0,'','',[now]);set @news164 = LAST_INSERT_ID();
INSERT INTO news (news_id, news_category_id, news_title, news_sortdesc, news_desc, `alias`, `status`, meta_keywords, meta_description, site_id, user_id, image_path, image_name, created_time, modified_time, modified_by, news_hot, news_source, poster, publicdate) VALUES (null,@news_categories102,'10 ngày mua máy nước nóng năng lượng mặt trời giá rẻ','Trong 10 ngày duy nhất của tháng 5 : Từ ngày 05/05/2014 đến hết ngày 15/05/2014 khách hàng có cơ hội mua máy nước nóng năng lượng mặt trời giá rẻ và nhận được phần quà ưu đãi.','<p>Máy nước nóng năng lượng mặt trời Thái dương năng Sơn Hà được sản xuất trên dây truyền công nghệ hiện đại của Châu Âu. Đã từ lâu nay thì sản phẩm này đã trở thành sản phẩm được người dân Việt Nam ưa chuộng và tin dùng. Sản phẩm Máy nước nóng năng lượng mặt trời của Sơn Hà không kém gì so với bất cứ dòng năng lượng nhập khẩu của nước nào trên thế giới. Nhờ sử dụng công nghệ ống lõi dầu, bình bảo ôn tráng titan cho khả năng làm nóng SIÊU TỐC và thời gian giữ nhiệt CỰC LÂU. Nếu như trước đây nhiều người chưa thực sự tin tưởng Thái dương năng của SƠn Hà so với các dòng sản phẩm năng lượng nhập khẩu thì giờ đây họ phải thay đổi lại tư tưởng đó.Máy năng lượng của Sơn Hà không những Tốt về chất lượng mà giá thành lại rất phải chăng, rất phù hợp với túi tiền của người Việt. &nbsp;10 VNĐ là chi phí trung bình để tạo nên 1 lít nước nóng khi sử dụng Bình nước nóng năng lượng mặt trời. Với chi phí thấp như vậy, Bình nước nóng năng lượng mặt trời là lựa chọn hàng đầu cho nhu cầu sử dụng khối lượng nước nhiều và thường xuyên như các khách sạn, nhà hàng, bệnh viện ... và các hộ gia đình.</p>\r\n\r\n<div style=\"text-align: center;\"><img alt=\"\" src=\"http://www.maynuocnongnangluongmattroi.com.vn/uploaded/gia-soc.gif\" /><br />\r\n&nbsp;</div>\r\n\r\n<p>Để bất cứ gia đình nào cũng có điều kiện để sử dụng máy nước nóng năng lượng mặt trời thì trung tâm phân phối sản phẩm Sơn Hà trên toàn quốc gửi tới khách hàng 10 ngày khuyến mại với giá siêu ưu đãi : Giảm 30% cho các sản phẩm Thái dương năng TITAN và tặng ngay 1 chiếc quạt phun sương cao cấp trị giá 3.050.000 vnđ. Có thể nói đây là chương trình khuyến mại chưa từng có trong lịch sử kể từ ngày Sơn Hà được thành lập. Chương trình chỉ áp dụng cho khách hàng tại Nội thành Hà Nội. Thời gian áp dụng chương trình bắt đầu từ ngày 05/05/2014 đến hết ngày 15/05/2014. &nbsp;Khách hàng hãng nhanh tay để nhận ngay chương trình khuyến mại tuyệt vời này nào !<br />\r\n<br />\r\nĐể biết thêm chi tiết về chương trình khuyến mại khách hàng vui lòng liên hệ tới đường dây nóng của TRUNG TÂM PHÂN PHỐI MÁY NƯỚC NÓNG NĂNG LƯỢNG MẶT TRỜI SƠN HÀ : Số điện thoại hotline 0976 173 468.</p>\r\n','10-ngay-mua-may-nuoc-nong-nang-luong-mat-troi-gia-re',1,'','',[site_id],[user_id],'/media/images/81/news/ava/','899_1425009690_9054efec1ad7443.gif',[now], [now],[user_id],0,'','',[now]);set @news165 = LAST_INSERT_ID();
INSERT INTO news (news_id, news_category_id, news_title, news_sortdesc, news_desc, `alias`, `status`, meta_keywords, meta_description, site_id, user_id, image_path, image_name, created_time, modified_time, modified_by, news_hot, news_source, poster, publicdate) VALUES (null,@news_categories102,'Máy nước nóng năng lượng mặt trời nào tốt ?','Hiện có 2 lọai máy nước nóng năng lượng mặt trời phát triển song hành phổ biến trên thế giới là: Ống thu nhiệt thủy tinh chân không & Tấm thu nhiệt. Mỗi lọai đều có mức chất lượng thấp & cao để đáp ứng nhu cầu từ kinh tế đến cao cấp, từ đó phân thành 4 lọai máy nước nóng năng lượng mặt trời như hiện hành.','<p style=\"margin: 0px; padding: 5px 0px; color: rgb(91, 91, 91); font-family: Tahoma; font-size: 11px; line-height: 20px; text-align: justify;\"><span style=\"font-size: 14px;\">Hiện có 2 lọai máy nước nóng năng lượng mặt trời phát triển song hành&nbsp;phổ biến trên thế giới là:&nbsp;Ống thu nhiệt thủy tinh chân không &amp; Tấm thu nhiệt. Mỗi lọai đều có mức chất lượng thấp &amp; cao để đáp ứng nhu cầu từ kinh tế đến cao cấp, từ đó phân thành 4 lọai máy nước nóng năng lượng mặt trời như hiện hành.</span></p>\r\n\r\n<p style=\"margin: 0px; padding: 5px 0px; color: rgb(91, 91, 91); font-family: Tahoma; font-size: 11px; line-height: 20px; text-align: justify;\">&nbsp;</p>\r\n\r\n<h2 style=\"margin: 0px; padding: 0px; font-size: 11px; font-weight: bold; color: rgb(91, 91, 91); font-family: Tahoma; line-height: 20px; text-align: justify;\"><span style=\"color: rgb(255, 140, 0);\"><span style=\"font-size: 14px;\"><strong>Ưu - khuyết điểm của các loại máy nước nóng năng lượng mặt trời:</strong></span></span></h2>\r\n\r\n<p style=\"margin: 0px; padding: 5px 0px; color: rgb(91, 91, 91); font-family: Tahoma; font-size: 11px; line-height: 20px; text-align: justify;\">&nbsp;</p>\r\n\r\n<h3 style=\"margin: 0px; padding: 0px; font-size: 11px; font-weight: bold; color: rgb(91, 91, 91); font-family: Tahoma; line-height: 20px; text-align: justify;\"><span style=\"color: rgb(0, 128, 0);\"><strong><span style=\"font-size: 14px;\">Loại 1: Ống thủy tinh kinh tế (ECO)</span></strong><span style=\"font-size: 14px;\">:</span></span></h3>\r\n\r\n<p style=\"margin: 0px; padding: 5px 0px; color: rgb(91, 91, 91); font-family: Tahoma; font-size: 11px; line-height: 20px; text-align: justify;\"><span style=\"font-size: 14px;\">Dạng ống thu nhiệt thủy tinh chân không thường sử dụng công nghệ Mỹ. Nhưng phát triển ứng dụng mạnh tại Trung Quốc, Ấn Độ. Một số nhà sản xuất tại Úc, Mỹ, châu Âu về loại này thì thường là loại cao cấp nên giá thành cũng khá cao.</span></p>\r\n\r\n<p style=\"margin: 0px; padding: 5px 0px; color: rgb(91, 91, 91); font-family: Tahoma; font-size: 11px; line-height: 20px; text-align: justify;\"><span style=\"font-size: 14px;\">Ưu điểm chung của dạng ống là: Dễ vận chuyển lắp đặt, Không lóng cặn, Lớp mạ thu nhiệt nằm trong môi trường chân không nên lâu lão hóa.</span></p>\r\n\r\n<p style=\"margin: 0px; padding: 5px 0px; color: rgb(91, 91, 91); font-family: Tahoma; font-size: 11px; line-height: 20px; text-align: justify;\"><span style=\"font-size: 14px;\">Khuyết điểm là va chạm mạnh có thể vỡ ống nhưng dể thay thế.&nbsp;</span></p>\r\n\r\n<p style=\"margin: 0px; padding: 5px 0px; color: rgb(91, 91, 91); font-family: Tahoma; font-size: 11px; line-height: 20px; text-align: justify;\"><span style=\"font-size: 14px;\">Tuổi thọ khỏang 10-15 năm nếu chất lượng sản xuất đạt chuẩn.</span></p>\r\n\r\n<p style=\"margin: 0px; padding: 5px 0px; color: rgb(91, 91, 91); font-family: Tahoma; font-size: 11px; line-height: 20px; text-align: justify;\"><span style=\"font-size: 14px;\">Ống thủy tinh loại kinh tế cũng chia làm 2 loại theo tính năng sử dụng là Áp lực thấp &amp; Áp lực cao. Giá thành loại áp lực cao thì đắt hơn so với loại áp lực thấp, do cấu tạo vật liệu cao cấp và bồn chứa nước nóng dày hơn. Về sử dụng thì loại áp lực cao tiện dụng hơn cho các công trình như biệt thự hay dự án cao cấp đòi hỏi nước phải có áp lực.</span></p>\r\n\r\n<p style=\"margin: 0px; padding: 5px 0px; color: rgb(91, 91, 91); font-family: Tahoma; font-size: 11px; line-height: 20px; text-align: justify;\"><span style=\"font-size: 14px;\">Fujisolar có đủ hai loại này: ECO. SP - áp lực thấp, chuyên dụng cho nhà phố; &nbsp;ECO. HP - áp lực cao đến 6bar, chuyên dụng cho biệt thự.</span></p>\r\n\r\n<p style=\"margin: 0px; padding: 5px 0px; color: rgb(91, 91, 91); font-family: Tahoma; font-size: 11px; line-height: 20px; text-align: justify;\"><span style=\"font-size: 14px;\">Ống thủy tính ngày càng đa dạng như ống lõi đen, phổ biến nhất là ống lõi đỏ, chuyên dùng cho vùng băng tuyết là ống lõi dầu (<em>không khuyến khích sử dụng rộng rãi</em>)</span></p>\r\n','may-nuoc-nong-nang-luong-mat-troi-nao-tot-',1,'','',[site_id],[user_id],'/media/images/81/news/ava/','630_1425009394_27454efeaf23008f.jpg',[now], [now],[user_id],1,'','',[now]);set @news166 = LAST_INSERT_ID();




INSERT INTO product_attribute_set (id, `name`, `code`, sort_order, site_id) VALUES (null,'Nhóm thuộc tính chung','chung',1,[site_id]);
set @product_attribute_set15 = LAST_INSERT_ID();

INSERT INTO product_categories (cat_id, site_id, attribute_set_id, cat_parent, cat_name, `alias`, cat_order, cat_description, cat_countchild, image_path, image_name, `status`, created_time, modified_time, showinhome, meta_keywords, meta_description, icon_path, icon_name) VALUES (null,[site_id],@product_attribute_set15,0,'Áo sơ mi nữ đẹp ','ao-so-mi-nu-dep',2,'áo sơ mi nữ',0,'','',1,[now], [now],1,'','','','');
set @product_categories373 = LAST_INSERT_ID();
INSERT INTO product_categories (cat_id, site_id, attribute_set_id, cat_parent, cat_name, `alias`, cat_order, cat_description, cat_countchild, image_path, image_name, `status`, created_time, modified_time, showinhome, meta_keywords, meta_description, icon_path, icon_name) VALUES (null,[site_id],@product_attribute_set15,0,'Váy đầm đẹp','vay-dam-dep',3,'Váy đầm',0,'','',1,[now], [now],1,'','','','');
set @product_categories374 = LAST_INSERT_ID();
INSERT INTO product_categories (cat_id, site_id, attribute_set_id, cat_parent, cat_name, `alias`, cat_order, cat_description, cat_countchild, image_path, image_name, `status`, created_time, modified_time, showinhome, meta_keywords, meta_description, icon_path, icon_name) VALUES (null,[site_id],@product_attribute_set15,0,'Chân váy - Quần','chan-vay-quan',4,'',0,'','',1,[now], [now],1,'','','','');
set @product_categories375 = LAST_INSERT_ID();



INSERT INTO product_attribute (`id`, `name`, `code`, `attribute_set_id`, `type`, `frontend_input`, `frontend_label`, `default_value`, `is_configurable`, `is_filterable`, `field_product`, `is_frontend`, `is_system`, `sort_order`,`field_configurable`,`type_option`,`site_id`) VALUES (null,'Xuất xứ','xuat-xu',@product_attribute_set15,'static','select','','',0,1,1,1,1,2,0,0,[site_id]);
set @product_attribute29 = LAST_INSERT_ID();
INSERT INTO product_attribute (`id`, `name`, `code`, `attribute_set_id`, `type`, `frontend_input`, `frontend_label`, `default_value`, `is_configurable`, `is_filterable`, `field_product`, `is_frontend`, `is_system`, `sort_order`,`field_configurable`,`type_option`,`site_id`) VALUES (null,'Màu sắc','mau-sac',@product_attribute_set15,'static','multiselect','','2',1,1,38,1,1,4,1,2,[site_id]);
set @product_attribute30 = LAST_INSERT_ID();
INSERT INTO product_attribute (`id`, `name`, `code`, `attribute_set_id`, `type`, `frontend_input`, `frontend_label`, `default_value`, `is_configurable`, `is_filterable`, `field_product`, `is_frontend`, `is_system`, `sort_order`,`field_configurable`,`type_option`,`site_id`) VALUES (null,'Kích thước','kich-thuoc',@product_attribute_set15,'static','multiselect','','',1,1,37,1,1,6,2,0,[site_id]);
set @product_attribute31 = LAST_INSERT_ID();

INSERT INTO product_attribute_option (`id`, `attribute_id`, `index_key`, `sort_order`, `value`,`ext`,`site_id`) VALUES (null,@product_attribute29,31,0,'Hàn Quốc','',[site_id]);
set @product_attribute_option31 = LAST_INSERT_ID();
UPDATE product_attribute_option SET index_key=id WHERE id=@product_attribute_option31;
INSERT INTO product_attribute_option (`id`, `attribute_id`, `index_key`, `sort_order`, `value`,`ext`,`site_id`) VALUES (null,0,2,0,'123','',[site_id]);
set @product_attribute_option32 = LAST_INSERT_ID();
INSERT INTO product_attribute_option (`id`, `attribute_id`, `index_key`, `sort_order`, `value`,`ext`,`site_id`) VALUES (null,0,3,0,'Sơn hà','',[site_id]);
set @product_attribute_option33 = LAST_INSERT_ID();
INSERT INTO product_attribute_option (`id`, `attribute_id`, `index_key`, `sort_order`, `value`,`ext`,`site_id`) VALUES (null,@product_attribute29,34,0,'Trung Quốc','',[site_id]);
set @product_attribute_option34 = LAST_INSERT_ID();
UPDATE product_attribute_option SET index_key=id WHERE id=@product_attribute_option34;
INSERT INTO product_attribute_option (`id`, `attribute_id`, `index_key`, `sort_order`, `value`,`ext`,`site_id`) VALUES (null,@product_attribute29,35,0,'Nhật Bản','',[site_id]);
set @product_attribute_option35 = LAST_INSERT_ID();
UPDATE product_attribute_option SET index_key=id WHERE id=@product_attribute_option35;
INSERT INTO product_attribute_option (`id`, `attribute_id`, `index_key`, `sort_order`, `value`,`ext`,`site_id`) VALUES (null,@product_attribute30,2,0,'Màu trắng','#ffffff',[site_id]);
set @product_attribute_option36 = LAST_INSERT_ID();
INSERT INTO product_attribute_option (`id`, `attribute_id`, `index_key`, `sort_order`, `value`,`ext`,`site_id`) VALUES (null,@product_attribute30,4,0,'Màu Da Cam','#f56021',[site_id]);
set @product_attribute_option37 = LAST_INSERT_ID();
INSERT INTO product_attribute_option (`id`, `attribute_id`, `index_key`, `sort_order`, `value`,`ext`,`site_id`) VALUES (null,@product_attribute30,8,0,'Màu vàng','#f2e90d',[site_id]);
set @product_attribute_option38 = LAST_INSERT_ID();
INSERT INTO product_attribute_option (`id`, `attribute_id`, `index_key`, `sort_order`, `value`,`ext`,`site_id`) VALUES (null,@product_attribute30,16,0,'Màu lục','#509c04',[site_id]);
set @product_attribute_option39 = LAST_INSERT_ID();
INSERT INTO product_attribute_option (`id`, `attribute_id`, `index_key`, `sort_order`, `value`,`ext`,`site_id`) VALUES (null,@product_attribute30,32,0,'Màu tím','#92099e',[site_id]);
set @product_attribute_option40 = LAST_INSERT_ID();
INSERT INTO product_attribute_option (`id`, `attribute_id`, `index_key`, `sort_order`, `value`,`ext`,`site_id`) VALUES (null,@product_attribute30,64,0,'Màu Xanh Dương','#0d09d1',[site_id]);
set @product_attribute_option41 = LAST_INSERT_ID();
INSERT INTO product_attribute_option (`id`, `attribute_id`, `index_key`, `sort_order`, `value`,`ext`,`site_id`) VALUES (null,@product_attribute30,128,0,'Màu hồng','#f20d89',[site_id]);
set @product_attribute_option42 = LAST_INSERT_ID();
INSERT INTO product_attribute_option (`id`, `attribute_id`, `index_key`, `sort_order`, `value`,`ext`,`site_id`) VALUES (null,@product_attribute30,256,0,'Màu đỏ','#f00808',[site_id]);
set @product_attribute_option43 = LAST_INSERT_ID();
INSERT INTO product_attribute_option (`id`, `attribute_id`, `index_key`, `sort_order`, `value`,`ext`,`site_id`) VALUES (null,@product_attribute31,2,0,'F','',[site_id]);
set @product_attribute_option44 = LAST_INSERT_ID();
INSERT INTO product_attribute_option (`id`, `attribute_id`, `index_key`, `sort_order`, `value`,`ext`,`site_id`) VALUES (null,@product_attribute31,4,0,'L','',[site_id]);
set @product_attribute_option45 = LAST_INSERT_ID();
INSERT INTO product_attribute_option (`id`, `attribute_id`, `index_key`, `sort_order`, `value`,`ext`,`site_id`) VALUES (null,@product_attribute31,8,0,'M','',[site_id]);
set @product_attribute_option46 = LAST_INSERT_ID();
INSERT INTO product_attribute_option (`id`, `attribute_id`, `index_key`, `sort_order`, `value`,`ext`,`site_id`) VALUES (null,@product_attribute31,16,0,'S','',[site_id]);
set @product_attribute_option47 = LAST_INSERT_ID();
INSERT INTO product_attribute_option (`id`, `attribute_id`, `index_key`, `sort_order`, `value`,`ext`,`site_id`) VALUES (null,@product_attribute31,32,0,'XL','',[site_id]);
set @product_attribute_option48 = LAST_INSERT_ID();
INSERT INTO product_attribute_option (`id`, `attribute_id`, `index_key`, `sort_order`, `value`,`ext`,`site_id`) VALUES (null,@product_attribute31,64,0,'XS','',[site_id]);
set @product_attribute_option49 = LAST_INSERT_ID();
INSERT INTO product_attribute_option (`id`, `attribute_id`, `index_key`, `sort_order`, `value`,`ext`,`site_id`) VALUES (null,@product_attribute31,128,0,'XXL','',[site_id]);
set @product_attribute_option50 = LAST_INSERT_ID();
INSERT INTO product_attribute_option (`id`, `attribute_id`, `index_key`, `sort_order`, `value`,`ext`,`site_id`) VALUES (null,@product_attribute31,256,0,'XXS','',[site_id]);
set @product_attribute_option51 = LAST_INSERT_ID();
INSERT INTO product_attribute_option (`id`, `attribute_id`, `index_key`, `sort_order`, `value`,`ext`,`site_id`) VALUES (null,@product_attribute30,512,0,'Màu Xanh','#0602ab',[site_id]);
set @product_attribute_option52 = LAST_INSERT_ID();
INSERT INTO product_attribute_option (`id`, `attribute_id`, `index_key`, `sort_order`, `value`,`ext`,`site_id`) VALUES (null,@product_attribute29,53,0,'Mỹ','',[site_id]);
set @product_attribute_option53 = LAST_INSERT_ID();
UPDATE product_attribute_option SET index_key=id WHERE id=@product_attribute_option53;
INSERT INTO product_attribute_option (`id`, `attribute_id`, `index_key`, `sort_order`, `value`,`ext`,`site_id`) VALUES (null,@product_attribute30,1024,0,'Màu đen','#000000',[site_id]);
set @product_attribute_option63 = LAST_INSERT_ID();

INSERT INTO product (`id`, `attribute_set_id`, `name`, `code`, `alias`, `ishot`, `price`, `price_market`, `price_discount`, `price_discount_percent`, `avatar_id`, `avatar_path`, `avatar_name`, `currency`, `include_vat`, `quantity`, `position`, `product_category_id`, `category_track`, `status`, `state`, `created_user`, `created_time`, `modified_user`, `modified_time`, `site_id`, `meta_keywords`, `meta_description`, `meta_title`, `list_product_relate`, `isnew`, `manufacturer_id`, `cus_field1`, `cus_field2`, `cus_field3`, `cus_field4`, `cus_field5`, `cus_field6`, `cus_field7`, `cus_field8`, `cus_field9`, `cus_field10`, `cus_field11`, `cus_field12`, `cus_field13`, `cus_field14`, `cus_field15`, `cus_field16`, `cus_field17`, `cus_field18`, `cus_field19`, `cus_field20`, `cus_field21`, `cus_field22`, `cus_field23`, `cus_field24`, `cus_field25`, `cus_field26`, `cus_field27`, `cus_field28`, `cus_field29`, `cus_field30`, `cus_field31`, `cus_field32`, `cus_field33`, `cus_field34`, `cus_field35`, `cus_field36`, `cus_field37`, `cus_field38`) VALUES (null,null,'Quần lửng YC31 : Quần Jean lửng rách','YC31','quan-lung-yc31--quan-jean-lung-rach',0,310000.00,340000.00,0.00,0,0,'/media/images/products/108/1/','951_1432808076_7165566ea8cc9fd5.jpg','',0,0,1000,@product_categories375,CONCAT(@product_categories375),1,1,[user_id],[now],[user_id],[now],[site_id],'','','','',1,0,@product_attribute_option31,0,0,0,0,0,0,0,0,0,0,0,0,0,0,0,0,0,0.0000,0.0000,0.0000,0.0000,0.0000,0.0000,0.0000,0.0000,0,0,0,0,0,0,0,0,0,0,98,768);
set @product96 = LAST_INSERT_ID();
INSERT INTO product (`id`, `attribute_set_id`, `name`, `code`, `alias`, `ishot`, `price`, `price_market`, `price_discount`, `price_discount_percent`, `avatar_id`, `avatar_path`, `avatar_name`, `currency`, `include_vat`, `quantity`, `position`, `product_category_id`, `category_track`, `status`, `state`, `created_user`, `created_time`, `modified_user`, `modified_time`, `site_id`, `meta_keywords`, `meta_description`, `meta_title`, `list_product_relate`, `isnew`, `manufacturer_id`, `cus_field1`, `cus_field2`, `cus_field3`, `cus_field4`, `cus_field5`, `cus_field6`, `cus_field7`, `cus_field8`, `cus_field9`, `cus_field10`, `cus_field11`, `cus_field12`, `cus_field13`, `cus_field14`, `cus_field15`, `cus_field16`, `cus_field17`, `cus_field18`, `cus_field19`, `cus_field20`, `cus_field21`, `cus_field22`, `cus_field23`, `cus_field24`, `cus_field25`, `cus_field26`, `cus_field27`, `cus_field28`, `cus_field29`, `cus_field30`, `cus_field31`, `cus_field32`, `cus_field33`, `cus_field34`, `cus_field35`, `cus_field36`, `cus_field37`, `cus_field38`) VALUES (null,null,'Quần dài C89 : Quần dài công sở','C89','quan-dai-c89--quan-dai-cong-so',0,350000.00,390000.00,0.00,0,0,'/media/images/products/108/1/','349_1432807802_2845566e97a63180.jpg','',0,0,1000,@product_categories375,CONCAT(@product_categories375),1,1,[user_id],[now],[user_id],[now],[site_id],'','','','',1,0,@product_attribute_option34,0,0,0,0,0,0,0,0,0,0,0,0,0,0,0,0,0,0.0000,0.0000,0.0000,0.0000,0.0000,0.0000,0.0000,0.0000,0,0,0,0,0,0,0,0,0,0,106,512);
set @product95 = LAST_INSERT_ID();
INSERT INTO product (`id`, `attribute_set_id`, `name`, `code`, `alias`, `ishot`, `price`, `price_market`, `price_discount`, `price_discount_percent`, `avatar_id`, `avatar_path`, `avatar_name`, `currency`, `include_vat`, `quantity`, `position`, `product_category_id`, `category_track`, `status`, `state`, `created_user`, `created_time`, `modified_user`, `modified_time`, `site_id`, `meta_keywords`, `meta_description`, `meta_title`, `list_product_relate`, `isnew`, `manufacturer_id`, `cus_field1`, `cus_field2`, `cus_field3`, `cus_field4`, `cus_field5`, `cus_field6`, `cus_field7`, `cus_field8`, `cus_field9`, `cus_field10`, `cus_field11`, `cus_field12`, `cus_field13`, `cus_field14`, `cus_field15`, `cus_field16`, `cus_field17`, `cus_field18`, `cus_field19`, `cus_field20`, `cus_field21`, `cus_field22`, `cus_field23`, `cus_field24`, `cus_field25`, `cus_field26`, `cus_field27`, `cus_field28`, `cus_field29`, `cus_field30`, `cus_field31`, `cus_field32`, `cus_field33`, `cus_field34`, `cus_field35`, `cus_field36`, `cus_field37`, `cus_field38`) VALUES (null,null,'Quần dài YC33 : Quần Jean dài bút chì bó cài nút','YC33','quan-dai-yc33--quan-jean-dai-but-chi-bo-cai-nut',0,335000.00,360000.00,0.00,0,0,'/media/images/products/108/1/','494_1432807524_1085566e86450bad.jpg','',0,0,1000,@product_categories375,CONCAT(@product_categories375),1,1,[user_id],[now],[user_id],[now],[site_id],'','','','',1,0,@product_attribute_option35,0,0,0,0,0,0,0,0,0,0,0,0,0,0,0,0,0,0.0000,0.0000,0.0000,0.0000,0.0000,0.0000,0.0000,0.0000,0,0,0,0,0,0,0,0,0,0,24,104);
set @product94 = LAST_INSERT_ID();
INSERT INTO product (`id`, `attribute_set_id`, `name`, `code`, `alias`, `ishot`, `price`, `price_market`, `price_discount`, `price_discount_percent`, `avatar_id`, `avatar_path`, `avatar_name`, `currency`, `include_vat`, `quantity`, `position`, `product_category_id`, `category_track`, `status`, `state`, `created_user`, `created_time`, `modified_user`, `modified_time`, `site_id`, `meta_keywords`, `meta_description`, `meta_title`, `list_product_relate`, `isnew`, `manufacturer_id`, `cus_field1`, `cus_field2`, `cus_field3`, `cus_field4`, `cus_field5`, `cus_field6`, `cus_field7`, `cus_field8`, `cus_field9`, `cus_field10`, `cus_field11`, `cus_field12`, `cus_field13`, `cus_field14`, `cus_field15`, `cus_field16`, `cus_field17`, `cus_field18`, `cus_field19`, `cus_field20`, `cus_field21`, `cus_field22`, `cus_field23`, `cus_field24`, `cus_field25`, `cus_field26`, `cus_field27`, `cus_field28`, `cus_field29`, `cus_field30`, `cus_field31`, `cus_field32`, `cus_field33`, `cus_field34`, `cus_field35`, `cus_field36`, `cus_field37`, `cus_field38`) VALUES (null,null,'Chân váy YC35 : Váy ren hoa xòe đuôi cá','YC35','chan-vay-yc35--vay-ren-hoa-xoe-duoi-ca',0,270000.00,300000.00,0.00,0,0,'/media/images/products/108/1/','914_1432807288_1995566e7785c0ca.jpg','',0,0,1000,@product_categories375,CONCAT(@product_categories375),1,1,[user_id],[now],[user_id],[now],[site_id],'','','','',1,0,0,0,0,0,0,0,0,0,0,0,0,0,0,0,0,0,0,0,0.0000,0.0000,0.0000,0.0000,0.0000,0.0000,0.0000,0.0000,0,0,0,0,0,0,0,0,0,0,42,2);
set @product93 = LAST_INSERT_ID();
INSERT INTO product (`id`, `attribute_set_id`, `name`, `code`, `alias`, `ishot`, `price`, `price_market`, `price_discount`, `price_discount_percent`, `avatar_id`, `avatar_path`, `avatar_name`, `currency`, `include_vat`, `quantity`, `position`, `product_category_id`, `category_track`, `status`, `state`, `created_user`, `created_time`, `modified_user`, `modified_time`, `site_id`, `meta_keywords`, `meta_description`, `meta_title`, `list_product_relate`, `isnew`, `manufacturer_id`, `cus_field1`, `cus_field2`, `cus_field3`, `cus_field4`, `cus_field5`, `cus_field6`, `cus_field7`, `cus_field8`, `cus_field9`, `cus_field10`, `cus_field11`, `cus_field12`, `cus_field13`, `cus_field14`, `cus_field15`, `cus_field16`, `cus_field17`, `cus_field18`, `cus_field19`, `cus_field20`, `cus_field21`, `cus_field22`, `cus_field23`, `cus_field24`, `cus_field25`, `cus_field26`, `cus_field27`, `cus_field28`, `cus_field29`, `cus_field30`, `cus_field31`, `cus_field32`, `cus_field33`, `cus_field34`, `cus_field35`, `cus_field36`, `cus_field37`, `cus_field38`) VALUES (null,null,'Váy liền YT205 : Váy maxi voan bướm xếp ly','YT205','vay-lien-yt205--vay-maxi-voan-buom-xep-ly',0,550000.00,600000.00,0.00,0,0,'/media/images/products/108/1/','867_1432806996_8285566e65400e48.jpg','',0,0,1000,@product_categories374,CONCAT(@product_categories374),1,1,[user_id],[now],[user_id],[now],[site_id],'','','','',1,0,0,0,0,0,0,0,0,0,0,0,0,0,0,0,0,0,0,0,0.0000,0.0000,0.0000,0.0000,0.0000,0.0000,0.0000,0.0000,0,0,0,0,0,0,0,0,0,0,60,64);
set @product92 = LAST_INSERT_ID();
INSERT INTO product (`id`, `attribute_set_id`, `name`, `code`, `alias`, `ishot`, `price`, `price_market`, `price_discount`, `price_discount_percent`, `avatar_id`, `avatar_path`, `avatar_name`, `currency`, `include_vat`, `quantity`, `position`, `product_category_id`, `category_track`, `status`, `state`, `created_user`, `created_time`, `modified_user`, `modified_time`, `site_id`, `meta_keywords`, `meta_description`, `meta_title`, `list_product_relate`, `isnew`, `manufacturer_id`, `cus_field1`, `cus_field2`, `cus_field3`, `cus_field4`, `cus_field5`, `cus_field6`, `cus_field7`, `cus_field8`, `cus_field9`, `cus_field10`, `cus_field11`, `cus_field12`, `cus_field13`, `cus_field14`, `cus_field15`, `cus_field16`, `cus_field17`, `cus_field18`, `cus_field19`, `cus_field20`, `cus_field21`, `cus_field22`, `cus_field23`, `cus_field24`, `cus_field25`, `cus_field26`, `cus_field27`, `cus_field28`, `cus_field29`, `cus_field30`, `cus_field31`, `cus_field32`, `cus_field33`, `cus_field34`, `cus_field35`, `cus_field36`, `cus_field37`, `cus_field38`) VALUES (null,null,'Váy liền YT206 : Váy chiffon sọc kẻ xòe, cổ đính dây hạt','YT206','vay-lien-yt206--vay-chiffon-soc-ke-xoe-co-dinh-day-hat',0,390000.00,450000.00,0.00,0,0,'/media/images/products/108/1/','274_1432806741_3855566e55544829.jpg','',0,0,1000,@product_categories374,CONCAT(@product_categories374),1,1,[user_id],[now],[user_id],[now],[site_id],'','','','',1,0,0,0,0,0,0,0,0,0,0,0,0,0,0,0,0,0,0,0,0.0000,0.0000,0.0000,0.0000,0.0000,0.0000,0.0000,0.0000,0,0,0,0,0,0,0,0,0,0,56,1024);
set @product91 = LAST_INSERT_ID();
INSERT INTO product (`id`, `attribute_set_id`, `name`, `code`, `alias`, `ishot`, `price`, `price_market`, `price_discount`, `price_discount_percent`, `avatar_id`, `avatar_path`, `avatar_name`, `currency`, `include_vat`, `quantity`, `position`, `product_category_id`, `category_track`, `status`, `state`, `created_user`, `created_time`, `modified_user`, `modified_time`, `site_id`, `meta_keywords`, `meta_description`, `meta_title`, `list_product_relate`, `isnew`, `manufacturer_id`, `cus_field1`, `cus_field2`, `cus_field3`, `cus_field4`, `cus_field5`, `cus_field6`, `cus_field7`, `cus_field8`, `cus_field9`, `cus_field10`, `cus_field11`, `cus_field12`, `cus_field13`, `cus_field14`, `cus_field15`, `cus_field16`, `cus_field17`, `cus_field18`, `cus_field19`, `cus_field20`, `cus_field21`, `cus_field22`, `cus_field23`, `cus_field24`, `cus_field25`, `cus_field26`, `cus_field27`, `cus_field28`, `cus_field29`, `cus_field30`, `cus_field31`, `cus_field32`, `cus_field33`, `cus_field34`, `cus_field35`, `cus_field36`, `cus_field37`, `cus_field38`) VALUES (null,null,'Váy liền YT207 : Váy liền ren tay lửng','YT207','vay-lien-yt207--vay-lien-ren-tay-lung',0,485000.00,520000.00,0.00,0,0,'/media/images/products/108/1/','422_1432806294_1925566e396264bb.jpg','',0,0,1000,@product_categories374,CONCAT(@product_categories374),1,1,[user_id],[now],[user_id],[now],[site_id],'','','','',1,0,0,0,0,0,0,0,0,0,0,0,0,0,0,0,0,0,0,0,0.0000,0.0000,0.0000,0.0000,0.0000,0.0000,0.0000,0.0000,0,0,0,0,0,0,0,0,0,0,330,2);
set @product90 = LAST_INSERT_ID();
INSERT INTO product (`id`, `attribute_set_id`, `name`, `code`, `alias`, `ishot`, `price`, `price_market`, `price_discount`, `price_discount_percent`, `avatar_id`, `avatar_path`, `avatar_name`, `currency`, `include_vat`, `quantity`, `position`, `product_category_id`, `category_track`, `status`, `state`, `created_user`, `created_time`, `modified_user`, `modified_time`, `site_id`, `meta_keywords`, `meta_description`, `meta_title`, `list_product_relate`, `isnew`, `manufacturer_id`, `cus_field1`, `cus_field2`, `cus_field3`, `cus_field4`, `cus_field5`, `cus_field6`, `cus_field7`, `cus_field8`, `cus_field9`, `cus_field10`, `cus_field11`, `cus_field12`, `cus_field13`, `cus_field14`, `cus_field15`, `cus_field16`, `cus_field17`, `cus_field18`, `cus_field19`, `cus_field20`, `cus_field21`, `cus_field22`, `cus_field23`, `cus_field24`, `cus_field25`, `cus_field26`, `cus_field27`, `cus_field28`, `cus_field29`, `cus_field30`, `cus_field31`, `cus_field32`, `cus_field33`, `cus_field34`, `cus_field35`, `cus_field36`, `cus_field37`, `cus_field38`) VALUES (null,null,'Váy liền YT208 : Váy Jean xòe cổ tròn phối ren hoa','YT208','vay-lien-yt208--vay-jean-xoe-co-tron-phoi-ren-hoa',0,415000.00,450000.00,0.00,0,0,'/media/images/products/108/1/','19_1432805374_4955566dffe116b5.jpg','',0,0,1000,@product_categories374,CONCAT(@product_categories374),1,1,[user_id],[now],[user_id],[now],[site_id],'','','','',1,0,@product_attribute_option53,0,0,0,0,0,0,0,0,0,0,0,0,0,0,0,0,0,0.0000,0.0000,0.0000,0.0000,0.0000,0.0000,0.0000,0.0000,0,0,0,0,0,0,0,0,0,0,40,512);
set @product89 = LAST_INSERT_ID();
INSERT INTO product (`id`, `attribute_set_id`, `name`, `code`, `alias`, `ishot`, `price`, `price_market`, `price_discount`, `price_discount_percent`, `avatar_id`, `avatar_path`, `avatar_name`, `currency`, `include_vat`, `quantity`, `position`, `product_category_id`, `category_track`, `status`, `state`, `created_user`, `created_time`, `modified_user`, `modified_time`, `site_id`, `meta_keywords`, `meta_description`, `meta_title`, `list_product_relate`, `isnew`, `manufacturer_id`, `cus_field1`, `cus_field2`, `cus_field3`, `cus_field4`, `cus_field5`, `cus_field6`, `cus_field7`, `cus_field8`, `cus_field9`, `cus_field10`, `cus_field11`, `cus_field12`, `cus_field13`, `cus_field14`, `cus_field15`, `cus_field16`, `cus_field17`, `cus_field18`, `cus_field19`, `cus_field20`, `cus_field21`, `cus_field22`, `cus_field23`, `cus_field24`, `cus_field25`, `cus_field26`, `cus_field27`, `cus_field28`, `cus_field29`, `cus_field30`, `cus_field31`, `cus_field32`, `cus_field33`, `cus_field34`, `cus_field35`, `cus_field36`, `cus_field37`, `cus_field38`) VALUES (null,null,'Áo kiểu YH134 : Áo ren hoa hồng ngắn tay','YH134','ao-kieu-yh134--ao-ren-hoa-hong-ngan-tay',0,265000.00,300000.00,0.00,0,0,'/media/images/products/108/1/','67_1432806404_5485566e40495223.jpg','',0,0,1000,@product_categories373,CONCAT(@product_categories373),1,1,[user_id],[now],[user_id],[now],[site_id],'','','','',1,0,@product_attribute_option31,0,0,0,0,0,0,0,0,0,0,0,0,0,0,0,0,0,0.0000,0.0000,0.0000,0.0000,0.0000,0.0000,0.0000,0.0000,0,0,0,0,0,0,0,0,0,0,42,14);
set @product88 = LAST_INSERT_ID();
INSERT INTO product (`id`, `attribute_set_id`, `name`, `code`, `alias`, `ishot`, `price`, `price_market`, `price_discount`, `price_discount_percent`, `avatar_id`, `avatar_path`, `avatar_name`, `currency`, `include_vat`, `quantity`, `position`, `product_category_id`, `category_track`, `status`, `state`, `created_user`, `created_time`, `modified_user`, `modified_time`, `site_id`, `meta_keywords`, `meta_description`, `meta_title`, `list_product_relate`, `isnew`, `manufacturer_id`, `cus_field1`, `cus_field2`, `cus_field3`, `cus_field4`, `cus_field5`, `cus_field6`, `cus_field7`, `cus_field8`, `cus_field9`, `cus_field10`, `cus_field11`, `cus_field12`, `cus_field13`, `cus_field14`, `cus_field15`, `cus_field16`, `cus_field17`, `cus_field18`, `cus_field19`, `cus_field20`, `cus_field21`, `cus_field22`, `cus_field23`, `cus_field24`, `cus_field25`, `cus_field26`, `cus_field27`, `cus_field28`, `cus_field29`, `cus_field30`, `cus_field31`, `cus_field32`, `cus_field33`, `cus_field34`, `cus_field35`, `cus_field36`, `cus_field37`, `cus_field38`) VALUES (null,null,'Áo kiểu YH135 : Áo chiffon dập hoa nổi cổ tròn đính đá','YH135','ao-kieu-yh135--ao-chiffon-dap-hoa-noi-co-tron-dinh-da',0,250000.00,280000.00,0.00,0,0,'/media/images/products/108/1/','229_1432804849_4805566ddf10ece7.jpg','',0,0,1000,@product_categories373,CONCAT(@product_categories373),1,1,[user_id],[now],[user_id],[now],[site_id],'','','','',1,0,0,0,0,0,0,0,0,0,0,0,0,0,0,0,0,0,0,0,0.0000,0.0000,0.0000,0.0000,0.0000,0.0000,0.0000,0.0000,0,0,0,0,0,0,0,0,0,0,106,138);
set @product87 = LAST_INSERT_ID();
INSERT INTO product (`id`, `attribute_set_id`, `name`, `code`, `alias`, `ishot`, `price`, `price_market`, `price_discount`, `price_discount_percent`, `avatar_id`, `avatar_path`, `avatar_name`, `currency`, `include_vat`, `quantity`, `position`, `product_category_id`, `category_track`, `status`, `state`, `created_user`, `created_time`, `modified_user`, `modified_time`, `site_id`, `meta_keywords`, `meta_description`, `meta_title`, `list_product_relate`, `isnew`, `manufacturer_id`, `cus_field1`, `cus_field2`, `cus_field3`, `cus_field4`, `cus_field5`, `cus_field6`, `cus_field7`, `cus_field8`, `cus_field9`, `cus_field10`, `cus_field11`, `cus_field12`, `cus_field13`, `cus_field14`, `cus_field15`, `cus_field16`, `cus_field17`, `cus_field18`, `cus_field19`, `cus_field20`, `cus_field21`, `cus_field22`, `cus_field23`, `cus_field24`, `cus_field25`, `cus_field26`, `cus_field27`, `cus_field28`, `cus_field29`, `cus_field30`, `cus_field31`, `cus_field32`, `cus_field33`, `cus_field34`, `cus_field35`, `cus_field36`, `cus_field37`, `cus_field38`) VALUES (null,null,'Áo kiểu YH136 : Áo chiffon hình quả tay lửng cổ chữ V','YH136','ao-kieu-yh136--ao-chiffon-hinh-qua-tay-lung-co-chu-v',0,250000.00,290000.00,0.00,0,0,'/media/images/products/108/1/','731_1432803801_4185566d9d91ca65.jpg','',0,0,1000,@product_categories373,CONCAT(@product_categories373),1,1,[user_id],[now],[user_id],[now],[site_id],'','','','',1,0,0,0,0,0,0,0,0,0,0,0,0,0,0,0,0,0,0,0,0.0000,0.0000,0.0000,0.0000,0.0000,0.0000,0.0000,0.0000,0,0,0,0,0,0,0,0,0,0,0,2);
set @product86 = LAST_INSERT_ID();
INSERT INTO product (`id`, `attribute_set_id`, `name`, `code`, `alias`, `ishot`, `price`, `price_market`, `price_discount`, `price_discount_percent`, `avatar_id`, `avatar_path`, `avatar_name`, `currency`, `include_vat`, `quantity`, `position`, `product_category_id`, `category_track`, `status`, `state`, `created_user`, `created_time`, `modified_user`, `modified_time`, `site_id`, `meta_keywords`, `meta_description`, `meta_title`, `list_product_relate`, `isnew`, `manufacturer_id`, `cus_field1`, `cus_field2`, `cus_field3`, `cus_field4`, `cus_field5`, `cus_field6`, `cus_field7`, `cus_field8`, `cus_field9`, `cus_field10`, `cus_field11`, `cus_field12`, `cus_field13`, `cus_field14`, `cus_field15`, `cus_field16`, `cus_field17`, `cus_field18`, `cus_field19`, `cus_field20`, `cus_field21`, `cus_field22`, `cus_field23`, `cus_field24`, `cus_field25`, `cus_field26`, `cus_field27`, `cus_field28`, `cus_field29`, `cus_field30`, `cus_field31`, `cus_field32`, `cus_field33`, `cus_field34`, `cus_field35`, `cus_field36`, `cus_field37`, `cus_field38`) VALUES (null,null,'Áo kiểu YH123 : Áo chiffon phối ren thân trước cổ tròn đính hạt','YH123','ao-kieu-yh123--ao-chiffon-phoi-ren-than-truoc-co-tron-dinh-hat',0,290000.00,310000.00,0.00,0,0,'/media/images/products/108/1/','641_1432802429_8055566d47d5b872.jpg','',1,0,1000,@product_categories373,CONCAT(@product_categories373),1,1,[user_id],[now],[user_id],[now],[site_id],'','','','',1,0,0,0,0,0,0,0,0,0,0,0,0,0,0,0,0,0,0,0,0.0000,0.0000,0.0000,0.0000,0.0000,0.0000,0.0000,0.0000,0,0,0,0,0,0,0,0,0,0,0,2);
set @product85 = LAST_INSERT_ID();

INSERT INTO product_info (product_id, product_sortdesc, product_desc, dynamic_field, meta_title, meta_keywords, meta_description, list_product_relate, site_id) VALUES (@product85,'','',CONCAT('[{"id":"',@product_attribute29,'","name":"Xuất xứ","code":"xuat-xu","index_key":"","value":""},{"id":"',@product_attribute30,'","name":"Màu sắc","code":"mau-sac","index_key":["2"],"value":["2"]}]'),'','','','',[site_id]);
INSERT INTO product_info (product_id, product_sortdesc, product_desc, dynamic_field, meta_title, meta_keywords, meta_description, list_product_relate, site_id) VALUES (@product86,'','',CONCAT('[{"id":"',@product_attribute29,'","name":"Xuất xứ","code":"xuat-xu","index_key":"","value":""},{"id":"',@product_attribute30,'","name":"Màu sắc","code":"mau-sac","index_key":["2"],"value":["2"]}]'),'','','','',[site_id]);
INSERT INTO product_info (product_id, product_sortdesc, product_desc, dynamic_field, meta_title, meta_keywords, meta_description, list_product_relate, site_id) VALUES (@product87,'','',CONCAT('[{"id":"',@product_attribute29,'","name":"Xuất xứ","code":"xuat-xu","index_key":"","value":""},{"id":"',@product_attribute30,'","name":"Màu sắc","code":"mau-sac","index_key":["2","8","128"],"value":["2","8","128"]},{"id":"',@product_attribute31,'","name":"Kích thước","code":"kich-thuoc","index_key":["2","8","32","64"],"value":["2","8","32","64"]}]'),'','','','',[site_id]);
INSERT INTO product_info (product_id, product_sortdesc, product_desc, dynamic_field, meta_title, meta_keywords, meta_description, list_product_relate, site_id) VALUES (@product88,'','',CONCAT('[{"id":"',@product_attribute29,'","name":"Xuất xứ","code":"xuat-xu","index_key":"',@product_attribute_option31,'","value":"',@product_attribute_option31,'"},{"id":"',@product_attribute30,'","name":"Màu sắc","code":"mau-sac","index_key":["2","4","8"],"value":["2","4","8"]},{"id":"',@product_attribute31,'","name":"Kích thước","code":"kich-thuoc","index_key":["2","8","32"],"value":["2","8","32"]}]'),'','','','',[site_id]);
INSERT INTO product_info (product_id, product_sortdesc, product_desc, dynamic_field, meta_title, meta_keywords, meta_description, list_product_relate, site_id) VALUES (@product89,'','<p><img alt=\"\" src=\"http://w3ni155.web3nhat.net/data/media/108/images/2015/1279.jpg\" style=\"width: 750px; height: 1766px;\" /></p>\r\n',CONCAT('[{"id":"',@product_attribute29,'","name":"Xuất xứ","code":"xuat-xu","index_key":"',@product_attribute_option53,'","value":"',@product_attribute_option53,'"},{"id":"',@product_attribute30,'","name":"Màu sắc","code":"mau-sac","index_key":["512"],"value":["512"]},{"id":"',@product_attribute31,'","name":"Kích thước","code":"kich-thuoc","index_key":["8","32"],"value":["8","32"]}]'),'','','','',[site_id]);
INSERT INTO product_info (product_id, product_sortdesc, product_desc, dynamic_field, meta_title, meta_keywords, meta_description, list_product_relate, site_id) VALUES (@product90,'','<p><img alt=\"\" src=\"http://w3ni155.web3nhat.net/data/media/108/images/2015/1278.jpg\" /></p>\r\n\r\n<p><img alt=\"\" src=\"http://w3ni155.web3nhat.net/data/media/108/images/2015/8107.jpg\" /></p>\r\n',CONCAT('[{"id":"',@product_attribute29,'","name":"Xuất xứ","code":"xuat-xu","index_key":"","value":""},{"id":"',@product_attribute30,'","name":"Màu sắc","code":"mau-sac","index_key":["2"],"value":["2"]},{"id":"',@product_attribute31,'","name":"Kích thước","code":"kich-thuoc","index_key":["2","8","64","256"],"value":["2","8","64","256"]}]'),'','','','',[site_id]);
INSERT INTO product_info (product_id, product_sortdesc, product_desc, dynamic_field, meta_title, meta_keywords, meta_description, list_product_relate, site_id) VALUES (@product91,'','<p><img alt=\"\" src=\"http://w3ni155.web3nhat.net/data/media/108/images/2015/5127.jpg\" /></p>\r\n',CONCAT('[{"id":"',@product_attribute29,'","name":"Xuất xứ","code":"xuat-xu","index_key":"","value":""},{"id":"',@product_attribute30,'","name":"Màu sắc","code":"mau-sac","index_key":["1024"],"value":["1024"]},{"id":"',@product_attribute31,'","name":"Kích thước","code":"kich-thuoc","index_key":["8","16","32"],"value":["8","16","32"]}]'),'','','','',[site_id]);
INSERT INTO product_info (product_id, product_sortdesc, product_desc, dynamic_field, meta_title, meta_keywords, meta_description, list_product_relate, site_id) VALUES (@product92,'','<p><img alt=\"\" src=\"http://w3ni155.web3nhat.net/data/media/108/images/2015/7113.jpg\" /></p>\r\n',CONCAT('[{"id":"',@product_attribute29,'","name":"Xuất xứ","code":"xuat-xu","index_key":"","value":""},{"id":"',@product_attribute30,'","name":"Màu sắc","code":"mau-sac","index_key":["64"],"value":["64"]},{"id":"',@product_attribute31,'","name":"Kích thước","code":"kich-thuoc","index_key":["4","8","16","32"],"value":["4","8","16","32"]}]'),'','','','',[site_id]);
INSERT INTO product_info (product_id, product_sortdesc, product_desc, dynamic_field, meta_title, meta_keywords, meta_description, list_product_relate, site_id) VALUES (@product93,'','<p><img alt=\"\" src=\"http://w3ni155.web3nhat.net/data/media/108/images/2015/7105.jpg\" /></p>\r\n',CONCAT('[{"id":"',@product_attribute29,'","name":"Xuất xứ","code":"xuat-xu","index_key":"","value":""},{"id":"',@product_attribute30,'","name":"Màu sắc","code":"mau-sac","index_key":["2"],"value":["2"]},{"id":"',@product_attribute31,'","name":"Kích thước","code":"kich-thuoc","index_key":["2","8","32"],"value":["2","8","32"]}]'),'','','','',[site_id]);
INSERT INTO product_info (product_id, product_sortdesc, product_desc, dynamic_field, meta_title, meta_keywords, meta_description, list_product_relate, site_id) VALUES (@product94,'','<p><img alt=\"\" src=\"http://w3ni155.web3nhat.net/data/media/108/images/2015/571.jpg\" style=\"width: 790px; height: 2409px;\" /></p>\r\n',CONCAT('[{"id":"',@product_attribute29,'","name":"Xuất xứ","code":"xuat-xu","index_key":"',@product_attribute_option35,'","value":"',@product_attribute_option35,'"},{"id":"',@product_attribute30,'","name":"Màu sắc","code":"mau-sac","index_key":["8","32","64"],"value":["8","32","64"]},{"id":"',@product_attribute31,'","name":"Kích thước","code":"kich-thuoc","index_key":["16","8"],"value":["16","8"]}]'),'','','','',[site_id]);
INSERT INTO product_info (product_id, product_sortdesc, product_desc, dynamic_field, meta_title, meta_keywords, meta_description, list_product_relate, site_id) VALUES (@product95,'','<p><img alt=\"\" src=\"http://w3ni155.web3nhat.net/data/media/108/images/2015/110.jpg\" style=\"width: 721px; height: 341px;\" /></p>\r\n',CONCAT('[{"id":"',@product_attribute29,'","name":"Xuất xứ","code":"xuat-xu","index_key":"',@product_attribute_option34,'","value":"',@product_attribute_option34,'"},{"id":"',@product_attribute31,'","name":"Kích thước","code":"kich-thuoc","index_key":["2","8","32","64"],"value":["2","8","32","64"]},{"id":"',@product_attribute30,'","name":"Màu sắc","code":"mau-sac","index_key":["512"],"value":["512"]}]'),'','','','',[site_id]);
INSERT INTO product_info (product_id, product_sortdesc, product_desc, dynamic_field, meta_title, meta_keywords, meta_description, list_product_relate, site_id) VALUES (@product96,'','<p><img alt=\"\" src=\"http://w3ni155.web3nhat.net/data/media/108/images/2015/1152.jpg\" style=\"width: 750px; height: 2882px;\" /></p>\r\n',CONCAT('[{"id":"',@product_attribute29,'","name":"Xuất xứ","code":"xuat-xu","index_key":"',@product_attribute_option31,'","value":"',@product_attribute_option31,'"},{"id":"',@product_attribute30,'","name":"Màu sắc","code":"mau-sac","index_key":["512","256"],"value":["512","256"]},{"id":"',@product_attribute31,'","name":"Kích thước","code":"kich-thuoc","index_key":["32","64","2"],"value":["32","64","2"]}]'),'','','','',[site_id]);

INSERT INTO product_configurable (`product_id`,`attribute1_id`,`attribute2_id`,`site_id`) VALUES (@product87,@product_attribute30,@product_attribute31,[site_id]);
INSERT INTO product_configurable (`product_id`,`attribute1_id`,`attribute2_id`,`site_id`) VALUES (@product88,@product_attribute30,@product_attribute31,[site_id]);
INSERT INTO product_configurable (`product_id`,`attribute1_id`,`attribute2_id`,`site_id`) VALUES (@product89,@product_attribute30,@product_attribute31,[site_id]);
INSERT INTO product_configurable (`product_id`,`attribute1_id`,`attribute2_id`,`site_id`) VALUES (@product90,@product_attribute30,@product_attribute31,[site_id]);
INSERT INTO product_configurable (`product_id`,`attribute1_id`,`attribute2_id`,`site_id`) VALUES (@product91,@product_attribute30,@product_attribute31,[site_id]);
INSERT INTO product_configurable (`product_id`,`attribute1_id`,`attribute2_id`,`site_id`) VALUES (@product92,@product_attribute30,@product_attribute31,[site_id]);
INSERT INTO product_configurable (`product_id`,`attribute1_id`,`attribute2_id`,`site_id`) VALUES (@product93,@product_attribute30,@product_attribute31,[site_id]);
INSERT INTO product_configurable (`product_id`,`attribute1_id`,`attribute2_id`,`site_id`) VALUES (@product94,@product_attribute30,@product_attribute31,[site_id]);
INSERT INTO product_configurable (`product_id`,`attribute1_id`,`attribute2_id`,`site_id`) VALUES (@product95,@product_attribute30,@product_attribute31,[site_id]);
INSERT INTO product_configurable (`product_id`,`attribute1_id`,`attribute2_id`,`site_id`) VALUES (@product96,@product_attribute30,@product_attribute31,[site_id]);

INSERT INTO product_configurable_value (`id`, `product_id`, `attribute1_value`, `attribute2_value`, `price`, `multitext`, `site_id`) VALUES (null,@product85,2,16,290000.00,'',[site_id]);
set @product_configurable_value3 = LAST_INSERT_ID();
INSERT INTO product_configurable_value (`id`, `product_id`, `attribute1_value`, `attribute2_value`, `price`, `multitext`, `site_id`) VALUES (null,@product85,2,32,290000.00,'',[site_id]);
set @product_configurable_value4 = LAST_INSERT_ID();
INSERT INTO product_configurable_value (`id`, `product_id`, `attribute1_value`, `attribute2_value`, `price`, `multitext`, `site_id`) VALUES (null,@product85,2,64,290000.00,'',[site_id]);
set @product_configurable_value5 = LAST_INSERT_ID();
INSERT INTO product_configurable_value (`id`, `product_id`, `attribute1_value`, `attribute2_value`, `price`, `multitext`, `site_id`) VALUES (null,@product85,2,128,290000.00,'',[site_id]);
set @product_configurable_value6 = LAST_INSERT_ID();
INSERT INTO product_configurable_value (`id`, `product_id`, `attribute1_value`, `attribute2_value`, `price`, `multitext`, `site_id`) VALUES (null,@product94,32,8,290000.00,'',[site_id]);
set @product_configurable_value7 = LAST_INSERT_ID();
INSERT INTO product_configurable_value (`id`, `product_id`, `attribute1_value`, `attribute2_value`, `price`, `multitext`, `site_id`) VALUES (null,@product94,64,8,290000.00,'',[site_id]);
set @product_configurable_value8 = LAST_INSERT_ID();
INSERT INTO product_configurable_value (`id`, `product_id`, `attribute1_value`, `attribute2_value`, `price`, `multitext`, `site_id`) VALUES (null,@product96,512,32,310000.00,'',[site_id]);
set @product_configurable_value9 = LAST_INSERT_ID();
INSERT INTO product_configurable_value (`id`, `product_id`, `attribute1_value`, `attribute2_value`, `price`, `multitext`, `site_id`) VALUES (null,@product96,512,64,310000.00,'',[site_id]);
set @product_configurable_value10 = LAST_INSERT_ID();
INSERT INTO product_configurable_value (`id`, `product_id`, `attribute1_value`, `attribute2_value`, `price`, `multitext`, `site_id`) VALUES (null,@product95,512,2,350000.00,'',[site_id]);
set @product_configurable_value11 = LAST_INSERT_ID();
INSERT INTO product_configurable_value (`id`, `product_id`, `attribute1_value`, `attribute2_value`, `price`, `multitext`, `site_id`) VALUES (null,@product95,512,8,350000.00,'',[site_id]);
set @product_configurable_value12 = LAST_INSERT_ID();
INSERT INTO product_configurable_value (`id`, `product_id`, `attribute1_value`, `attribute2_value`, `price`, `multitext`, `site_id`) VALUES (null,@product95,512,32,350000.00,'',[site_id]);
set @product_configurable_value13 = LAST_INSERT_ID();
INSERT INTO product_configurable_value (`id`, `product_id`, `attribute1_value`, `attribute2_value`, `price`, `multitext`, `site_id`) VALUES (null,@product95,512,64,350000.00,'',[site_id]);
set @product_configurable_value14 = LAST_INSERT_ID();
INSERT INTO product_configurable_value (`id`, `product_id`, `attribute1_value`, `attribute2_value`, `price`, `multitext`, `site_id`) VALUES (null,@product87,2,2,250000.00,'',[site_id]);
set @product_configurable_value15 = LAST_INSERT_ID();
INSERT INTO product_configurable_value (`id`, `product_id`, `attribute1_value`, `attribute2_value`, `price`, `multitext`, `site_id`) VALUES (null,@product87,2,8,250000.00,'',[site_id]);
set @product_configurable_value16 = LAST_INSERT_ID();
INSERT INTO product_configurable_value (`id`, `product_id`, `attribute1_value`, `attribute2_value`, `price`, `multitext`, `site_id`) VALUES (null,@product87,2,32,250000.00,'',[site_id]);
set @product_configurable_value17 = LAST_INSERT_ID();
INSERT INTO product_configurable_value (`id`, `product_id`, `attribute1_value`, `attribute2_value`, `price`, `multitext`, `site_id`) VALUES (null,@product87,2,64,250000.00,'',[site_id]);
set @product_configurable_value18 = LAST_INSERT_ID();
INSERT INTO product_configurable_value (`id`, `product_id`, `attribute1_value`, `attribute2_value`, `price`, `multitext`, `site_id`) VALUES (null,@product87,8,2,255000.00,'',[site_id]);
set @product_configurable_value19 = LAST_INSERT_ID();
INSERT INTO product_configurable_value (`id`, `product_id`, `attribute1_value`, `attribute2_value`, `price`, `multitext`, `site_id`) VALUES (null,@product87,8,8,255000.00,'',[site_id]);
set @product_configurable_value20 = LAST_INSERT_ID();
INSERT INTO product_configurable_value (`id`, `product_id`, `attribute1_value`, `attribute2_value`, `price`, `multitext`, `site_id`) VALUES (null,@product87,8,32,255000.00,'',[site_id]);
set @product_configurable_value21 = LAST_INSERT_ID();
INSERT INTO product_configurable_value (`id`, `product_id`, `attribute1_value`, `attribute2_value`, `price`, `multitext`, `site_id`) VALUES (null,@product87,128,2,260000.00,'',[site_id]);
set @product_configurable_value22 = LAST_INSERT_ID();
INSERT INTO product_configurable_value (`id`, `product_id`, `attribute1_value`, `attribute2_value`, `price`, `multitext`, `site_id`) VALUES (null,@product87,128,8,260000.00,'',[site_id]);
set @product_configurable_value23 = LAST_INSERT_ID();
INSERT INTO product_configurable_value (`id`, `product_id`, `attribute1_value`, `attribute2_value`, `price`, `multitext`, `site_id`) VALUES (null,@product87,128,32,260000.00,'',[site_id]);
set @product_configurable_value24 = LAST_INSERT_ID();
INSERT INTO product_configurable_value (`id`, `product_id`, `attribute1_value`, `attribute2_value`, `price`, `multitext`, `site_id`) VALUES (null,@product94,8,16,290000.00,'',[site_id]);
set @product_configurable_value25 = LAST_INSERT_ID();
INSERT INTO product_configurable_value (`id`, `product_id`, `attribute1_value`, `attribute2_value`, `price`, `multitext`, `site_id`) VALUES (null,@product93,2,2,270000.00,'',[site_id]);
set @product_configurable_value26 = LAST_INSERT_ID();
INSERT INTO product_configurable_value (`id`, `product_id`, `attribute1_value`, `attribute2_value`, `price`, `multitext`, `site_id`) VALUES (null,@product93,2,8,270000.00,'',[site_id]);
set @product_configurable_value27 = LAST_INSERT_ID();
INSERT INTO product_configurable_value (`id`, `product_id`, `attribute1_value`, `attribute2_value`, `price`, `multitext`, `site_id`) VALUES (null,@product93,2,32,270000.00,'',[site_id]);
set @product_configurable_value28 = LAST_INSERT_ID();
INSERT INTO product_configurable_value (`id`, `product_id`, `attribute1_value`, `attribute2_value`, `price`, `multitext`, `site_id`) VALUES (null,@product92,64,4,550000.00,'',[site_id]);
set @product_configurable_value29 = LAST_INSERT_ID();
INSERT INTO product_configurable_value (`id`, `product_id`, `attribute1_value`, `attribute2_value`, `price`, `multitext`, `site_id`) VALUES (null,@product92,64,8,550000.00,'',[site_id]);
set @product_configurable_value30 = LAST_INSERT_ID();
INSERT INTO product_configurable_value (`id`, `product_id`, `attribute1_value`, `attribute2_value`, `price`, `multitext`, `site_id`) VALUES (null,@product92,64,16,550000.00,'',[site_id]);
set @product_configurable_value31 = LAST_INSERT_ID();
INSERT INTO product_configurable_value (`id`, `product_id`, `attribute1_value`, `attribute2_value`, `price`, `multitext`, `site_id`) VALUES (null,@product92,64,32,550000.00,'',[site_id]);
set @product_configurable_value32 = LAST_INSERT_ID();
INSERT INTO product_configurable_value (`id`, `product_id`, `attribute1_value`, `attribute2_value`, `price`, `multitext`, `site_id`) VALUES (null,@product91,1024,8,390000.00,'',[site_id]);
set @product_configurable_value33 = LAST_INSERT_ID();
INSERT INTO product_configurable_value (`id`, `product_id`, `attribute1_value`, `attribute2_value`, `price`, `multitext`, `site_id`) VALUES (null,@product91,1024,16,390000.00,'',[site_id]);
set @product_configurable_value34 = LAST_INSERT_ID();
INSERT INTO product_configurable_value (`id`, `product_id`, `attribute1_value`, `attribute2_value`, `price`, `multitext`, `site_id`) VALUES (null,@product91,1024,32,390000.00,'',[site_id]);
set @product_configurable_value35 = LAST_INSERT_ID();
INSERT INTO product_configurable_value (`id`, `product_id`, `attribute1_value`, `attribute2_value`, `price`, `multitext`, `site_id`) VALUES (null,@product90,2,2,485000.00,'',[site_id]);
set @product_configurable_value36 = LAST_INSERT_ID();
INSERT INTO product_configurable_value (`id`, `product_id`, `attribute1_value`, `attribute2_value`, `price`, `multitext`, `site_id`) VALUES (null,@product90,2,8,485000.00,'',[site_id]);
set @product_configurable_value37 = LAST_INSERT_ID();
INSERT INTO product_configurable_value (`id`, `product_id`, `attribute1_value`, `attribute2_value`, `price`, `multitext`, `site_id`) VALUES (null,@product90,2,64,485000.00,'',[site_id]);
set @product_configurable_value38 = LAST_INSERT_ID();
INSERT INTO product_configurable_value (`id`, `product_id`, `attribute1_value`, `attribute2_value`, `price`, `multitext`, `site_id`) VALUES (null,@product90,2,256,485000.00,'',[site_id]);
set @product_configurable_value39 = LAST_INSERT_ID();
INSERT INTO product_configurable_value (`id`, `product_id`, `attribute1_value`, `attribute2_value`, `price`, `multitext`, `site_id`) VALUES (null,@product89,512,8,415000.00,'',[site_id]);
set @product_configurable_value40 = LAST_INSERT_ID();
INSERT INTO product_configurable_value (`id`, `product_id`, `attribute1_value`, `attribute2_value`, `price`, `multitext`, `site_id`) VALUES (null,@product89,512,32,415000.00,'',[site_id]);
set @product_configurable_value41 = LAST_INSERT_ID();
INSERT INTO product_configurable_value (`id`, `product_id`, `attribute1_value`, `attribute2_value`, `price`, `multitext`, `site_id`) VALUES (null,@product88,2,2,265000.00,'',[site_id]);
set @product_configurable_value42 = LAST_INSERT_ID();
INSERT INTO product_configurable_value (`id`, `product_id`, `attribute1_value`, `attribute2_value`, `price`, `multitext`, `site_id`) VALUES (null,@product88,2,8,265000.00,'',[site_id]);
set @product_configurable_value43 = LAST_INSERT_ID();
INSERT INTO product_configurable_value (`id`, `product_id`, `attribute1_value`, `attribute2_value`, `price`, `multitext`, `site_id`) VALUES (null,@product88,2,32,265000.00,'',[site_id]);
set @product_configurable_value44 = LAST_INSERT_ID();
INSERT INTO product_configurable_value (`id`, `product_id`, `attribute1_value`, `attribute2_value`, `price`, `multitext`, `site_id`) VALUES (null,@product88,4,2,265000.00,'',[site_id]);
set @product_configurable_value45 = LAST_INSERT_ID();
INSERT INTO product_configurable_value (`id`, `product_id`, `attribute1_value`, `attribute2_value`, `price`, `multitext`, `site_id`) VALUES (null,@product88,4,8,265000.00,'',[site_id]);
set @product_configurable_value46 = LAST_INSERT_ID();
INSERT INTO product_configurable_value (`id`, `product_id`, `attribute1_value`, `attribute2_value`, `price`, `multitext`, `site_id`) VALUES (null,@product88,4,32,265000.00,'',[site_id]);
set @product_configurable_value47 = LAST_INSERT_ID();
INSERT INTO product_configurable_value (`id`, `product_id`, `attribute1_value`, `attribute2_value`, `price`, `multitext`, `site_id`) VALUES (null,@product88,8,2,265000.00,'',[site_id]);
set @product_configurable_value48 = LAST_INSERT_ID();
INSERT INTO product_configurable_value (`id`, `product_id`, `attribute1_value`, `attribute2_value`, `price`, `multitext`, `site_id`) VALUES (null,@product88,8,8,265000.00,'',[site_id]);
set @product_configurable_value49 = LAST_INSERT_ID();
INSERT INTO product_configurable_value (`id`, `product_id`, `attribute1_value`, `attribute2_value`, `price`, `multitext`, `site_id`) VALUES (null,@product88,8,32,265000.00,'',[site_id]);
set @product_configurable_value50 = LAST_INSERT_ID();
INSERT INTO product_configurable_value (`id`, `product_id`, `attribute1_value`, `attribute2_value`, `price`, `multitext`, `site_id`) VALUES (null,@product96,256,2,310000.00,'',[site_id]);
set @product_configurable_value152 = LAST_INSERT_ID();

INSERT INTO product_images (img_id, product_id, `name`, `path`, display_name, description, `alias`, site_id, user_id, height, width, created_time, modified_time) VALUES (null,@product85,'641_1432802429_8055566d47d5b872.jpg','/media/images/products/108/1/','192.jpg','','192jpg',[site_id],[user_id],1168,791,[now],[now]);
set @product_images248 = LAST_INSERT_ID();
INSERT INTO product_images (img_id, product_id, `name`, `path`, display_name, description, `alias`, site_id, user_id, height, width, created_time, modified_time) VALUES (null,@product86,'731_1432803801_4185566d9d91ca65.jpg','/media/images/products/108/1/','3114.jpg','','3114jpg',[site_id],[user_id],1145,750,[now],[now]);
set @product_images249 = LAST_INSERT_ID();
INSERT INTO product_images (img_id, product_id, `name`, `path`, display_name, description, `alias`, site_id, user_id, height, width, created_time, modified_time) VALUES (null,@product86,'18_1432804619_4955566dd0b4bd51.jpg','/media/images/products/108/1/','5115.jpg','','5115jpg',[site_id],[user_id],1201,750,[now],[now]);
set @product_images250 = LAST_INSERT_ID();
INSERT INTO product_images (img_id, product_id, `name`, `path`, display_name, description, `alias`, site_id, user_id, height, width, created_time, modified_time) VALUES (null,@product86,'44_1432804613_2215566dd05b3fc9.jpg','/media/images/products/108/1/','4115.jpg','','4115jpg',[site_id],[user_id],1147,750,[now],[now]);
set @product_images251 = LAST_INSERT_ID();
INSERT INTO product_images (img_id, product_id, `name`, `path`, display_name, description, `alias`, site_id, user_id, height, width, created_time, modified_time) VALUES (null,@product85,'638_1432804675_8355566dd43132a4.jpg','/media/images/products/108/1/','741.jpg','','741jpg',[site_id],[user_id],1012,791,[now],[now]);
set @product_images252 = LAST_INSERT_ID();
INSERT INTO product_images (img_id, product_id, `name`, `path`, display_name, description, `alias`, site_id, user_id, height, width, created_time, modified_time) VALUES (null,@product85,'974_1432804670_2955566dd3e193d6.jpg','/media/images/products/108/1/','341.jpg','','341jpg',[site_id],[user_id],1484,791,[now],[now]);
set @product_images253 = LAST_INSERT_ID();
INSERT INTO product_images (img_id, product_id, `name`, `path`, display_name, description, `alias`, site_id, user_id, height, width, created_time, modified_time) VALUES (null,@product87,'798_1432804857_7625566ddf91ae4e.jpg','/media/images/products/108/1/','3113.jpg','','3113jpg',[site_id],[user_id],1166,750,[now],[now]);
set @product_images254 = LAST_INSERT_ID();
INSERT INTO product_images (img_id, product_id, `name`, `path`, display_name, description, `alias`, site_id, user_id, height, width, created_time, modified_time) VALUES (null,@product87,'229_1432804849_4805566ddf10ece7.jpg','/media/images/products/108/1/','4114.jpg','','4114jpg',[site_id],[user_id],978,750,[now],[now]);
set @product_images255 = LAST_INSERT_ID();
INSERT INTO product_images (img_id, product_id, `name`, `path`, display_name, description, `alias`, site_id, user_id, height, width, created_time, modified_time) VALUES (null,@product87,'181_1432804770_2305566dda2b8a2c.jpg','/media/images/products/108/1/','894.jpg','','894jpg',[site_id],[user_id],1234,750,[now],[now]);
set @product_images256 = LAST_INSERT_ID();
INSERT INTO product_images (img_id, product_id, `name`, `path`, display_name, description, `alias`, site_id, user_id, height, width, created_time, modified_time) VALUES (null,@product88,'677_1432805017_2445566de9963660.jpg','/media/images/products/108/1/','5113.jpg','','5113jpg',[site_id],[user_id],706,750,[now],[now]);
set @product_images258 = LAST_INSERT_ID();
INSERT INTO product_images (img_id, product_id, `name`, `path`, display_name, description, `alias`, site_id, user_id, height, width, created_time, modified_time) VALUES (null,@product89,'19_1432805374_4955566dffe116b5.jpg','/media/images/products/108/1/','51291.jpg','','51291jpg',[site_id],[user_id],300,230,[now],[now]);
set @product_images259 = LAST_INSERT_ID();
INSERT INTO product_images (img_id, product_id, `name`, `path`, display_name, description, `alias`, site_id, user_id, height, width, created_time, modified_time) VALUES (null,@product90,'422_1432806294_1925566e396264bb.jpg','/media/images/products/108/1/','3127.jpg','','3127jpg',[site_id],[user_id],1013,710,[now],[now]);
set @product_images260 = LAST_INSERT_ID();
INSERT INTO product_images (img_id, product_id, `name`, `path`, display_name, description, `alias`, site_id, user_id, height, width, created_time, modified_time) VALUES (null,@product88,'67_1432806404_5485566e40495223.jpg','/media/images/products/108/1/','31121.jpg','','31121jpg',[site_id],[user_id],300,230,[now],[now]);
set @product_images261 = LAST_INSERT_ID();
INSERT INTO product_images (img_id, product_id, `name`, `path`, display_name, description, `alias`, site_id, user_id, height, width, created_time, modified_time) VALUES (null,@product91,'274_1432806741_3855566e55544829.jpg','/media/images/products/108/1/','81061.jpg','','81061jpg',[site_id],[user_id],300,230,[now],[now]);
set @product_images262 = LAST_INSERT_ID();
INSERT INTO product_images (img_id, product_id, `name`, `path`, display_name, description, `alias`, site_id, user_id, height, width, created_time, modified_time) VALUES (null,@product91,'677_1432806739_285566e553e1f05.jpg','/media/images/products/108/1/','1276.jpg','','1276jpg',[site_id],[user_id],949,790,[now],[now]);
set @product_images263 = LAST_INSERT_ID();
INSERT INTO product_images (img_id, product_id, `name`, `path`, display_name, description, `alias`, site_id, user_id, height, width, created_time, modified_time) VALUES (null,@product91,'786_1432806728_7625566e54878555.jpg','/media/images/products/108/1/','3126.jpg','','3126jpg',[site_id],[user_id],773,790,[now],[now]);
set @product_images264 = LAST_INSERT_ID();
INSERT INTO product_images (img_id, product_id, `name`, `path`, display_name, description, `alias`, site_id, user_id, height, width, created_time, modified_time) VALUES (null,@product91,'439_1432806718_3275566e53ef358a.jpg','/media/images/products/108/1/','4128.jpg','','4128jpg',[site_id],[user_id],692,790,[now],[now]);
set @product_images265 = LAST_INSERT_ID();
INSERT INTO product_images (img_id, product_id, `name`, `path`, display_name, description, `alias`, site_id, user_id, height, width, created_time, modified_time) VALUES (null,@product92,'867_1432806996_8285566e65400e48.jpg','/media/images/products/108/1/','8105.jpg','','8105jpg',[site_id],[user_id],1174,790,[now],[now]);
set @product_images266 = LAST_INSERT_ID();
INSERT INTO product_images (img_id, product_id, `name`, `path`, display_name, description, `alias`, site_id, user_id, height, width, created_time, modified_time) VALUES (null,@product92,'815_1432806988_2585566e64c2348c.jpg','/media/images/products/108/1/','995.jpg','','995jpg',[site_id],[user_id],800,800,[now],[now]);
set @product_images267 = LAST_INSERT_ID();
INSERT INTO product_images (img_id, product_id, `name`, `path`, display_name, description, `alias`, site_id, user_id, height, width, created_time, modified_time) VALUES (null,@product93,'914_1432807288_1995566e7785c0ca.jpg','/media/images/products/108/1/','1261.jpg','','1261jpg',[site_id],[user_id],360,320,[now],[now]);
set @product_images268 = LAST_INSERT_ID();
INSERT INTO product_images (img_id, product_id, `name`, `path`, display_name, description, `alias`, site_id, user_id, height, width, created_time, modified_time) VALUES (null,@product93,'709_1432807286_4715566e77608fbf.jpg','/media/images/products/108/1/','3116.jpg','','3116jpg',[site_id],[user_id],1098,750,[now],[now]);
set @product_images269 = LAST_INSERT_ID();
INSERT INTO product_images (img_id, product_id, `name`, `path`, display_name, description, `alias`, site_id, user_id, height, width, created_time, modified_time) VALUES (null,@product93,'450_1432807280_2775566e77090a54.jpg','/media/images/products/108/1/','4117.jpg','','4117jpg',[site_id],[user_id],750,750,[now],[now]);
set @product_images270 = LAST_INSERT_ID();
INSERT INTO product_images (img_id, product_id, `name`, `path`, display_name, description, `alias`, site_id, user_id, height, width, created_time, modified_time) VALUES (null,@product94,'494_1432807524_1085566e86450bad.jpg','/media/images/products/108/1/','1154.jpg','','1154jpg',[site_id],[user_id],1000,750,[now],[now]);
set @product_images271 = LAST_INSERT_ID();
INSERT INTO product_images (img_id, product_id, `name`, `path`, display_name, description, `alias`, site_id, user_id, height, width, created_time, modified_time) VALUES (null,@product95,'349_1432807802_2845566e97a63180.jpg','/media/images/products/108/1/','38.jpg','','38jpg',[site_id],[user_id],576,434,[now],[now]);
set @product_images272 = LAST_INSERT_ID();
INSERT INTO product_images (img_id, product_id, `name`, `path`, display_name, description, `alias`, site_id, user_id, height, width, created_time, modified_time) VALUES (null,@product95,'647_1432807795_3555566e973cf865.jpg','/media/images/products/108/1/','58.jpg','','58jpg',[site_id],[user_id],611,435,[now],[now]);
set @product_images273 = LAST_INSERT_ID();
INSERT INTO product_images (img_id, product_id, `name`, `path`, display_name, description, `alias`, site_id, user_id, height, width, created_time, modified_time) VALUES (null,@product96,'951_1432808076_7165566ea8cc9fd5.jpg','/media/images/products/108/1/','4691.jpg','','4691jpg',[site_id],[user_id],835,582,[now],[now]);
set @product_images274 = LAST_INSERT_ID();
INSERT INTO product_images (img_id, product_id, `name`, `path`, display_name, description, `alias`, site_id, user_id, height, width, created_time, modified_time) VALUES (null,@product96,'21_1432808073_1545566ea8966c0c.jpg','/media/images/products/108/1/','4692.jpg','','4692jpg',[site_id],[user_id],794,750,[now],[now]);
set @product_images275 = LAST_INSERT_ID();

UPDATE product SET avatar_id=@product_images274 WHERE id=@product96;
UPDATE product SET avatar_id=@product_images272 WHERE id=@product95;
UPDATE product SET avatar_id=@product_images271 WHERE id=@product94;
UPDATE product SET avatar_id=@product_images268 WHERE id=@product93;
UPDATE product SET avatar_id=@product_images266 WHERE id=@product92;
UPDATE product SET avatar_id=@product_images262 WHERE id=@product91;
UPDATE product SET avatar_id=@product_images260 WHERE id=@product90;
UPDATE product SET avatar_id=@product_images259 WHERE id=@product89;
UPDATE product SET avatar_id=@product_images261 WHERE id=@product88;
UPDATE product SET avatar_id=@product_images255 WHERE id=@product87;
UPDATE product SET avatar_id=@product_images249 WHERE id=@product86;
UPDATE product SET avatar_id=@product_images248 WHERE id=@product85;


INSERT INTO product_groups (`group_id`, `site_id`, `user_id`, `name`, `description`, `status`, `alias`, `showinhome`, `meta_keywords`, `meta_description`, `meta_title`, `created_time`) VALUES (null,[site_id],[user_id],'Sản phẩm bán chạy','',1,'san-pham-ban-chay',0,'meta_keywords','meta_description','meta_title',[now]);
set @product_groups6 = LAST_INSERT_ID();

INSERT INTO product_to_groups (`id`, `group_id`, `product_id`, `site_id`, `created_time`) VALUES (null,@product_groups6,@product94,[site_id],[now]);
INSERT INTO product_to_groups (`id`, `group_id`, `product_id`, `site_id`, `created_time`) VALUES (null,@product_groups6,@product92,[site_id],[now]);
INSERT INTO product_to_groups (`id`, `group_id`, `product_id`, `site_id`, `created_time`) VALUES (null,@product_groups6,@product89,[site_id],[now]);
INSERT INTO product_to_groups (`id`, `group_id`, `product_id`, `site_id`, `created_time`) VALUES (null,@product_groups6,@product87,[site_id],[now]);
INSERT INTO product_to_groups (`id`, `group_id`, `product_id`, `site_id`, `created_time`) VALUES (null,@product_groups6,@product85,[site_id],[now]);
INSERT INTO product_to_groups (`id`, `group_id`, `product_id`, `site_id`, `created_time`) VALUES (null,@product_groups6,@product93,[site_id],[now]);
INSERT INTO product_to_groups (`id`, `group_id`, `product_id`, `site_id`, `created_time`) VALUES (null,@product_groups6,@product91,[site_id],[now]);
INSERT INTO product_to_groups (`id`, `group_id`, `product_id`, `site_id`, `created_time`) VALUES (null,@product_groups6,@product88,[site_id],[now]);
INSERT INTO product_to_groups (`id`, `group_id`, `product_id`, `site_id`, `created_time`) VALUES (null,@product_groups6,@product95,[site_id],[now]);

INSERT INTO categorypage (id, title, content, site_id, user_id, `alias`, created_time, modified_time, modified_by, meta_keywords, meta_description, meta_title, image_path, image_name) VALUES (null,'Hướng dẫn đặt hàng','<p>Thông tin đang cập nhật ...&nbsp;</p>\r\n',[site_id],[user_id],'huong-dan-dat-hang',[now],[now],[user_id],'','','','','');
set @categorypage24 = LAST_INSERT_ID();
INSERT INTO categorypage (id, title, content, site_id, user_id, `alias`, created_time, modified_time, modified_by, meta_keywords, meta_description, meta_title, image_path, image_name) VALUES (null,'Phương thức vận chuyển','<p><span style=\"line-height: 20.7999992370605px;\">Thông tin đang cập nhật ...&nbsp;</span></p>\r\n',[site_id],[user_id],'phuong-thuc-van-chuyen',[now],[now],[user_id],'','','','','');
set @categorypage25 = LAST_INSERT_ID();
INSERT INTO categorypage (id, title, content, site_id, user_id, `alias`, created_time, modified_time, modified_by, meta_keywords, meta_description, meta_title, image_path, image_name) VALUES (null,'Chính sách đổi trả','<p><span style=\"line-height: 20.7999992370605px;\">Thông tin đang cập nhật ...&nbsp;</span></p>\r\n',[site_id],[user_id],'chinh-sach-doi-tra',[now],[now],[user_id],'','','','','');
set @categorypage26 = LAST_INSERT_ID();
INSERT INTO categorypage (id, title, content, site_id, user_id, `alias`, created_time, modified_time, modified_by, meta_keywords, meta_description, meta_title, image_path, image_name) VALUES (null,'Các câu hỏi thường gặp','<p><span style=\"line-height: 20.7999992370605px;\">Thông tin đang cập nhật ...&nbsp;</span></p>\r\n',[site_id],[user_id],'cac-cau-hoi-thuong-gap',[now],[now],[user_id],'','','','','');
set @categorypage27 = LAST_INSERT_ID();


INSERT INTO videos (video_id, site_id, user_id, video_title, video_description, video_link, video_embed, video_height, video_width, video_prominent, `status`, avatar_path, avatar_name, `alias`, `order`, meta_keywords, meta_description, created_time, modified_time) VALUES (null,[site_id],[user_id],'Quy Trinh- Ban hang da cap thuc pham chuc nang.mp4','','https://www.youtube.com/watch?v=GGptGey6axg','http://www.youtube.com/embed/GGptGey6axg',344,459,1,1,'/media/images/99/video/','745_1429254058_5285530afaa7afad.jpg','quy-trinh--ban-hang-da-cap-thuc-pham-chuc-nangmp4',1,'','',[now],[now]);
set @videos52 = LAST_INSERT_ID();
INSERT INTO videos (video_id, site_id, user_id, video_title, video_description, video_link, video_embed, video_height, video_width, video_prominent, `status`, avatar_path, avatar_name, `alias`, `order`, meta_keywords, meta_description, created_time, modified_time) VALUES (null,[site_id],[user_id],'Sản xuất TVC Quảng Cáo - Đồ Gia Dụng Goldsun','','https://www.youtube.com/watch?v=_CH_xwPal6s','http://www.youtube.com/embed/_CH_xwPal6s',270,480,0,1,'/media/images/81/video/','346_1427371700_6085513f6b4cc19c.jpg','san-xuat-tvc-quang-cao---do-gia-dung-goldsun',1,'','',[now],[now]);
set @videos53 = LAST_INSERT_ID();
INSERT INTO videos (video_id, site_id, user_id, video_title, video_description, video_link, video_embed, video_height, video_width, video_prominent, `status`, avatar_path, avatar_name, `alias`, `order`, meta_keywords, meta_description, created_time, modified_time) VALUES (null,[site_id],[user_id],'Tự tạo máy phát điện 40W thủ công từ đồ gia dụng','','https://www.youtube.com/watch?v=_WRXblF-dv0','http://www.youtube.com/embed/_WRXblF-dv0',270,480,0,1,'/media/images/81/video/','333_1427371675_6115513f69b0a35c.jpg','tu-tao-may-phat-dien-40w-thu-cong-tu-do-gia-dung',1,'','',[now],[now]);
set @videos54 = LAST_INSERT_ID();
INSERT INTO videos (video_id, site_id, user_id, video_title, video_description, video_link, video_embed, video_height, video_width, video_prominent, `status`, avatar_path, avatar_name, `alias`, `order`, meta_keywords, meta_description, created_time, modified_time) VALUES (null,[site_id],[user_id],'Máy lọc nước Kangaroo 8 cấp lọc','','https://www.youtube.com/watch?v=BFkhrftDD2k','http://www.youtube.com/embed/BFkhrftDD2k',270,480,0,1,'/media/images/81/video/','722_1427370865_9155513f371d9a64.jpg','may-loc-nuoc-kangaroo-8-cap-loc',1,'','',[now],[now]);
set @videos55 = LAST_INSERT_ID();


INSERT INTO jobs (id, user_id, site_id, `position`, degree, trade_id, typeofwork, location, quantity, salaryrange, currency, salary_min, salary_max, description, experience, `level`, includes, requirement, benefit, expirydate, publicdate, created_time, modified_time, `alias`, contact_username, contact_email, contact_phone, contact_address,image_path,image_name) VALUES (null,[user_id],[site_id],'Tuyển nhân viên kinh doanh tháng 10',2,26,1,'01',5,2,1,0,0,'<p><span style=\"font-family: Roboto, Arial, Helvetica, sans-serif; line-height: 18.5714282989502px;\">- Tìm kiếm khách hàng tư vấn, cung cấp giải pháp cần thiết lập 1 website cho doanh nghiệp.</span><br style=\"box-sizing: border-box; margin: 0px; padding: 0px; font-family: Roboto, Arial, Helvetica, sans-serif; line-height: 18.5714282989502px;\" />\r\n<span style=\"font-family: Roboto, Arial, Helvetica, sans-serif; line-height: 18.5714282989502px;\">- Gặp gỡ trực tiếp để tư vấn, thuyết phục, đàm phán với khách hàng</span><br style=\"box-sizing: border-box; margin: 0px; padding: 0px; font-family: Roboto, Arial, Helvetica, sans-serif; line-height: 18.5714282989502px;\" />\r\n<span style=\"font-family: Roboto, Arial, Helvetica, sans-serif; line-height: 18.5714282989502px;\">- Lên dự thảo web sau khi khách hàng cơ bản đã đồng ý ký hợp đồng.</span><br style=\"box-sizing: border-box; margin: 0px; padding: 0px; font-family: Roboto, Arial, Helvetica, sans-serif; line-height: 18.5714282989502px;\" />\r\n<span style=\"font-family: Roboto, Arial, Helvetica, sans-serif; line-height: 18.5714282989502px;\">- Ký hợp đồng với khách hàng và tiếp nhận những phản hồi về sản phẩm của khách hàng.</span><br style=\"box-sizing: border-box; margin: 0px; padding: 0px; font-family: Roboto, Arial, Helvetica, sans-serif; line-height: 18.5714282989502px;\" />\r\n<span style=\"font-family: Roboto, Arial, Helvetica, sans-serif; line-height: 18.5714282989502px;\">- Lập kế hoạch công việc cụ thể, mục tiêu phấn đấu gửi cho bộ phận quản lý</span><br style=\"box-sizing: border-box; margin: 0px; padding: 0px; font-family: Roboto, Arial, Helvetica, sans-serif; line-height: 18.5714282989502px;\" />\r\n<span style=\"font-family: Roboto, Arial, Helvetica, sans-serif; line-height: 18.5714282989502px;\">- Lập đề án hướng dẫn cho khách hàng để thu hút khách hàng.</span></p>\r\n',0,1,'<p><span style=\"font-family: Roboto, Arial, Helvetica, sans-serif; line-height: 18.5714282989502px;\">- Tìm kiếm khách hàng tư vấn, cung cấp giải pháp cần thiết lập 1 website cho doanh nghiệp.</span><br style=\"box-sizing: border-box; margin: 0px; padding: 0px; font-family: Roboto, Arial, Helvetica, sans-serif; line-height: 18.5714282989502px;\" />\r\n<span style=\"font-family: Roboto, Arial, Helvetica, sans-serif; line-height: 18.5714282989502px;\">- Gặp gỡ trực tiếp để tư vấn, thuyết phục, đàm phán với khách hàng</span><br style=\"box-sizing: border-box; margin: 0px; padding: 0px; font-family: Roboto, Arial, Helvetica, sans-serif; line-height: 18.5714282989502px;\" />\r\n<span style=\"font-family: Roboto, Arial, Helvetica, sans-serif; line-height: 18.5714282989502px;\">- Lên dự thảo web sau khi khách hàng cơ bản đã đồng ý ký hợp đồng.</span><br style=\"box-sizing: border-box; margin: 0px; padding: 0px; font-family: Roboto, Arial, Helvetica, sans-serif; line-height: 18.5714282989502px;\" />\r\n<span style=\"font-family: Roboto, Arial, Helvetica, sans-serif; line-height: 18.5714282989502px;\">- Ký hợp đồng với khách hàng và tiếp nhận những phản hồi về sản phẩm của khách hàng.</span><br style=\"box-sizing: border-box; margin: 0px; padding: 0px; font-family: Roboto, Arial, Helvetica, sans-serif; line-height: 18.5714282989502px;\" />\r\n<span style=\"font-family: Roboto, Arial, Helvetica, sans-serif; line-height: 18.5714282989502px;\">- Lập kế hoạch công việc cụ thể, mục tiêu phấn đấu gửi cho bộ phận quản lý</span><br style=\"box-sizing: border-box; margin: 0px; padding: 0px; font-family: Roboto, Arial, Helvetica, sans-serif; line-height: 18.5714282989502px;\" />\r\n<span style=\"font-family: Roboto, Arial, Helvetica, sans-serif; line-height: 18.5714282989502px;\">- Lập đề án hướng dẫn cho khách hàng để thu hút khách hàng.</span></p>\r\n','<p><span style=\"font-family: Roboto, Arial, Helvetica, sans-serif; line-height: 18.5714282989502px;\">- Tìm kiếm khách hàng tư vấn, cung cấp giải pháp cần thiết lập 1 website cho doanh nghiệp.</span><br style=\"box-sizing: border-box; margin: 0px; padding: 0px; font-family: Roboto, Arial, Helvetica, sans-serif; line-height: 18.5714282989502px;\" />\r\n<span style=\"font-family: Roboto, Arial, Helvetica, sans-serif; line-height: 18.5714282989502px;\">- Gặp gỡ trực tiếp để tư vấn, thuyết phục, đàm phán với khách hàng</span><br style=\"box-sizing: border-box; margin: 0px; padding: 0px; font-family: Roboto, Arial, Helvetica, sans-serif; line-height: 18.5714282989502px;\" />\r\n<span style=\"font-family: Roboto, Arial, Helvetica, sans-serif; line-height: 18.5714282989502px;\">- Lên dự thảo web sau khi khách hàng cơ bản đã đồng ý ký hợp đồng.</span><br style=\"box-sizing: border-box; margin: 0px; padding: 0px; font-family: Roboto, Arial, Helvetica, sans-serif; line-height: 18.5714282989502px;\" />\r\n<span style=\"font-family: Roboto, Arial, Helvetica, sans-serif; line-height: 18.5714282989502px;\">- Ký hợp đồng với khách hàng và tiếp nhận những phản hồi về sản phẩm của khách hàng.</span><br style=\"box-sizing: border-box; margin: 0px; padding: 0px; font-family: Roboto, Arial, Helvetica, sans-serif; line-height: 18.5714282989502px;\" />\r\n<span style=\"font-family: Roboto, Arial, Helvetica, sans-serif; line-height: 18.5714282989502px;\">- Lập kế hoạch công việc cụ thể, mục tiêu phấn đấu gửi cho bộ phận quản lý</span><br style=\"box-sizing: border-box; margin: 0px; padding: 0px; font-family: Roboto, Arial, Helvetica, sans-serif; line-height: 18.5714282989502px;\" />\r\n<span style=\"font-family: Roboto, Arial, Helvetica, sans-serif; line-height: 18.5714282989502px;\">- Lập đề án hướng dẫn cho khách hàng để thu hút khách hàng.</span></p>\r\n','<p><span style=\"font-family: Roboto, Arial, Helvetica, sans-serif; line-height: 18.5714282989502px;\">- Tìm kiếm khách hàng tư vấn, cung cấp giải pháp cần thiết lập 1 website cho doanh nghiệp.</span><br style=\"box-sizing: border-box; margin: 0px; padding: 0px; font-family: Roboto, Arial, Helvetica, sans-serif; line-height: 18.5714282989502px;\" />\r\n<span style=\"font-family: Roboto, Arial, Helvetica, sans-serif; line-height: 18.5714282989502px;\">- Gặp gỡ trực tiếp để tư vấn, thuyết phục, đàm phán với khách hàng</span><br style=\"box-sizing: border-box; margin: 0px; padding: 0px; font-family: Roboto, Arial, Helvetica, sans-serif; line-height: 18.5714282989502px;\" />\r\n<span style=\"font-family: Roboto, Arial, Helvetica, sans-serif; line-height: 18.5714282989502px;\">- Lên dự thảo web sau khi khách hàng cơ bản đã đồng ý ký hợp đồng.</span><br style=\"box-sizing: border-box; margin: 0px; padding: 0px; font-family: Roboto, Arial, Helvetica, sans-serif; line-height: 18.5714282989502px;\" />\r\n<span style=\"font-family: Roboto, Arial, Helvetica, sans-serif; line-height: 18.5714282989502px;\">- Ký hợp đồng với khách hàng và tiếp nhận những phản hồi về sản phẩm của khách hàng.</span><br style=\"box-sizing: border-box; margin: 0px; padding: 0px; font-family: Roboto, Arial, Helvetica, sans-serif; line-height: 18.5714282989502px;\" />\r\n<span style=\"font-family: Roboto, Arial, Helvetica, sans-serif; line-height: 18.5714282989502px;\">- Lập kế hoạch công việc cụ thể, mục tiêu phấn đấu gửi cho bộ phận quản lý</span><br style=\"box-sizing: border-box; margin: 0px; padding: 0px; font-family: Roboto, Arial, Helvetica, sans-serif; line-height: 18.5714282989502px;\" />\r\n<span style=\"font-family: Roboto, Arial, Helvetica, sans-serif; line-height: 18.5714282989502px;\">- Lập đề án hướng dẫn cho khách hàng để thu hút khách hàng.</span></p>\r\n',1427734800,1427371539,[now],[now],'tuyen-nhan-vien-kinh-doanh-thang-10','A. Dũng','buithanhdung@gmail.com','0948854888','Phòng 211 - Nhà G1 - Số 79 - Ngõ 82 - Phạm Ngọc Thạch - Đống Đa - Hà Nội','/media/images/99/jobs/','768_1429246160_608553090d0770f4.jpg');
set @jobs26808 = LAST_INSERT_ID();
INSERT INTO jobs (id, user_id, site_id, `position`, degree, trade_id, typeofwork, location, quantity, salaryrange, currency, salary_min, salary_max, description, experience, `level`, includes, requirement, benefit, expirydate, publicdate, created_time, modified_time, `alias`, contact_username, contact_email, contact_phone, contact_address,image_path,image_name) VALUES (null,[user_id],[site_id],'Tuyển nhân viên kinh doanh thiết kế website',2,51,1,'01',5,3,1,4000000,10000000,'<p><span style=\"font-family: Roboto, Arial, Helvetica, sans-serif; line-height: 18.5714282989502px;\">- Tìm kiếm khách hàng tư vấn, cung cấp giải pháp cần thiết lập 1 website cho doanh nghiệp.</span><br style=\"box-sizing: border-box; margin: 0px; padding: 0px; font-family: Roboto, Arial, Helvetica, sans-serif; line-height: 18.5714282989502px;\" />\r\n<span style=\"font-family: Roboto, Arial, Helvetica, sans-serif; line-height: 18.5714282989502px;\">- Gặp gỡ trực tiếp để tư vấn, thuyết phục, đàm phán với khách hàng</span><br style=\"box-sizing: border-box; margin: 0px; padding: 0px; font-family: Roboto, Arial, Helvetica, sans-serif; line-height: 18.5714282989502px;\" />\r\n<span style=\"font-family: Roboto, Arial, Helvetica, sans-serif; line-height: 18.5714282989502px;\">- Lên dự thảo web sau khi khách hàng cơ bản đã đồng ý ký hợp đồng.</span><br style=\"box-sizing: border-box; margin: 0px; padding: 0px; font-family: Roboto, Arial, Helvetica, sans-serif; line-height: 18.5714282989502px;\" />\r\n<span style=\"font-family: Roboto, Arial, Helvetica, sans-serif; line-height: 18.5714282989502px;\">- Ký hợp đồng với khách hàng và tiếp nhận những phản hồi về sản phẩm của khách hàng.</span><br style=\"box-sizing: border-box; margin: 0px; padding: 0px; font-family: Roboto, Arial, Helvetica, sans-serif; line-height: 18.5714282989502px;\" />\r\n<span style=\"font-family: Roboto, Arial, Helvetica, sans-serif; line-height: 18.5714282989502px;\">- Lập kế hoạch công việc cụ thể, mục tiêu phấn đấu gửi cho bộ phận quản lý</span><br style=\"box-sizing: border-box; margin: 0px; padding: 0px; font-family: Roboto, Arial, Helvetica, sans-serif; line-height: 18.5714282989502px;\" />\r\n<span style=\"font-family: Roboto, Arial, Helvetica, sans-serif; line-height: 18.5714282989502px;\">- Lập đề án hướng dẫn cho khách hàng để thu hút khách hàng.</span></p>\r\n',0,1,'<p><span style=\"font-family: Roboto, Arial, Helvetica, sans-serif; line-height: 18.5714282989502px;\">01 bản CV cá nhân giới thiệu về bản thân (đính kèm file) và 1 ảnh thẻ gửi về địa chỉ: buithanhdung@gmail.com</span></p>\r\n','<p><span style=\"font-family: Roboto, Arial, Helvetica, sans-serif; line-height: 18.5714282989502px;\">- Tốt nghiệp chuyên ngành kinh tế, Quản trị kinh doanh, marketing hoặc các ngành nghề khác.</span><br style=\"box-sizing: border-box; margin: 0px; padding: 0px; font-family: Roboto, Arial, Helvetica, sans-serif; line-height: 18.5714282989502px;\" />\r\n<span style=\"font-family: Roboto, Arial, Helvetica, sans-serif; line-height: 18.5714282989502px;\">- Sử dụng internet và phần mềm máy tính thành thạo ( Hiểu biết về internet, có kinh nghiệm kinh doanh là một lợi thế ).</span><br style=\"box-sizing: border-box; margin: 0px; padding: 0px; font-family: Roboto, Arial, Helvetica, sans-serif; line-height: 18.5714282989502px;\" />\r\n<span style=\"font-family: Roboto, Arial, Helvetica, sans-serif; line-height: 18.5714282989502px;\">- Khả năng giao tiếp đàm phán tốt, giọng nói dễ nghe, chịu áp lực tốt.</span><br style=\"box-sizing: border-box; margin: 0px; padding: 0px; font-family: Roboto, Arial, Helvetica, sans-serif; line-height: 18.5714282989502px;\" />\r\n<span style=\"font-family: Roboto, Arial, Helvetica, sans-serif; line-height: 18.5714282989502px;\">- Yêu thích công việc kinh doanh.</span><br style=\"box-sizing: border-box; margin: 0px; padding: 0px; font-family: Roboto, Arial, Helvetica, sans-serif; line-height: 18.5714282989502px;\" />\r\n<span style=\"font-family: Roboto, Arial, Helvetica, sans-serif; line-height: 18.5714282989502px;\">- Nhanh nhẹn, chăm chỉ, ngoại hình ưa nhìn.</span><br style=\"box-sizing: border-box; margin: 0px; padding: 0px; font-family: Roboto, Arial, Helvetica, sans-serif; line-height: 18.5714282989502px;\" />\r\n<span style=\"font-family: Roboto, Arial, Helvetica, sans-serif; line-height: 18.5714282989502px;\">- Ưu tiên sinh viên mới ra trường, trẻ trung, năng động .</span><br style=\"box-sizing: border-box; margin: 0px; padding: 0px; font-family: Roboto, Arial, Helvetica, sans-serif; line-height: 18.5714282989502px;\" />\r\n<span style=\"font-family: Roboto, Arial, Helvetica, sans-serif; line-height: 18.5714282989502px;\">- Ứng viên có xe máy và máy tính cá nhân.</span></p>\r\n','<p><span style=\"font-family: Roboto, Arial, Helvetica, sans-serif; line-height: 18.5714282989502px;\">- Có cơ hội thăng tiến cao.</span><br style=\"box-sizing: border-box; margin: 0px; padding: 0px; font-family: Roboto, Arial, Helvetica, sans-serif; line-height: 18.5714282989502px;\" />\r\n<span style=\"font-family: Roboto, Arial, Helvetica, sans-serif; line-height: 18.5714282989502px;\">- Được hưởng lương cứng + trợ cấp + hoa hồng + thưởng.</span><br style=\"box-sizing: border-box; margin: 0px; padding: 0px; font-family: Roboto, Arial, Helvetica, sans-serif; line-height: 18.5714282989502px;\" />\r\n<span style=\"font-family: Roboto, Arial, Helvetica, sans-serif; line-height: 18.5714282989502px;\">- Hỗ trợ ăn trưa.</span><br style=\"box-sizing: border-box; margin: 0px; padding: 0px; font-family: Roboto, Arial, Helvetica, sans-serif; line-height: 18.5714282989502px;\" />\r\n<span style=\"font-family: Roboto, Arial, Helvetica, sans-serif; line-height: 18.5714282989502px;\">- Được đóng BHXH, BHYT</span><br style=\"box-sizing: border-box; margin: 0px; padding: 0px; font-family: Roboto, Arial, Helvetica, sans-serif; line-height: 18.5714282989502px;\" />\r\n<span style=\"font-family: Roboto, Arial, Helvetica, sans-serif; line-height: 18.5714282989502px;\">- Làm việc trong môi trường chuyên nghiệp, nhiều cơ hội học tập, phát triển, và được hưởng đãi ngộ phù hợp với năng lực</span><br style=\"box-sizing: border-box; margin: 0px; padding: 0px; font-family: Roboto, Arial, Helvetica, sans-serif; line-height: 18.5714282989502px;\" />\r\n<span style=\"font-family: Roboto, Arial, Helvetica, sans-serif; line-height: 18.5714282989502px;\">- Có cơ hội tham gia các khóa đào tạo, huấn luyện chuyên môn.</span><br style=\"box-sizing: border-box; margin: 0px; padding: 0px; font-family: Roboto, Arial, Helvetica, sans-serif; line-height: 18.5714282989502px;\" />\r\n<span style=\"font-family: Roboto, Arial, Helvetica, sans-serif; line-height: 18.5714282989502px;\">- Được đào tạo về kỹ năng, cảm nhận về kinh doanh, các kiến thức chuyên sâu về thương mại điện tử, internet.</span></p>\r\n',1433005200,1427371049,[now],[now],'tuyen-nhan-vien-kinh-doanh-thiet-ke-website','A. Dũng','buithanhdung@gmail.com','0948854888','Phòng 211 - Nhà G1 - Số 79 - Ngõ 82 - Phạm Ngọc Thạch - Đống Đa - Hà Nội','/media/images/99/jobs/','708_1429246173_437553090ddbf108.jpg');
set @jobs26809 = LAST_INSERT_ID();
INSERT INTO jobs (id, user_id, site_id, `position`, degree, trade_id, typeofwork, location, quantity, salaryrange, currency, salary_min, salary_max, description, experience, `level`, includes, requirement, benefit, expirydate, publicdate, created_time, modified_time, `alias`, contact_username, contact_email, contact_phone, contact_address,image_path,image_name) VALUES (null,[user_id],[site_id],'Tuyển nhân viên thiết kế website',2,1,1,'01',5,1,1,0,0,'<ul style=\"box-sizing: border-box; margin: 0px 0px 10px; padding-right: 0px; padding-left: 0px; list-style-position: inside; font-family: Roboto, Arial, Helvetica, sans-serif; line-height: 18.5714282989502px;\">\r\n	<li style=\"box-sizing: border-box; margin: 0px; padding: 0px;\">Tiếp nhận và phân tích yêu cầu thiết kế, đưa ra ý tưởng phù hợp nhất, và hoàn thành yêu cầu trong thời gian theo kế hoạch;</li>\r\n	<li style=\"box-sizing: border-box; margin: 0px; padding: 0px;\">Lập kế hoạch, nêu ý tưởng và trực tiếp thiết kế giao diện Website, Flash, Banner, Logo...,và các công việc liên quan đến Thiết kế khác;</li>\r\n	<li style=\"box-sizing: border-box; margin: 0px; padding: 0px;\">Kết hợp với bộ phận kinh doanh và các bộ phận khác để đảm bảo thiết kế đáp ứng được nhu cầu của khách hàng;</li>\r\n	<li style=\"box-sizing: border-box; margin: 0px; padding: 0px;\">Thực hiện tốt các công việc khác khi được giao phó.</li>\r\n</ul>\r\n',0,1,'<p><span style=\"font-family: Roboto, Arial, Helvetica, sans-serif; line-height: 18.5714282989502px;\">Đính kèm CV và các sản phẩm tiêu biểu đã thực hiện vào mail buithanhdung@gmail.com</span></p>\r\n','<ul style=\"box-sizing: border-box; margin: 0px 0px 10px; padding-right: 0px; padding-left: 0px; list-style-position: inside; font-family: Roboto, Arial, Helvetica, sans-serif; line-height: 18.5714282989502px;\">\r\n	<li style=\"box-sizing: border-box; margin: 0px; padding: 0px;\">Có kinh nghiệm thiết kế website nhiều lĩnh vực;</li>\r\n	<li style=\"box-sizing: border-box; margin: 0px; padding: 0px;\">Sử dụng thành thạo các công cụ đồ họa: Photoshop, Illustrator, Corel Draw…;</li>\r\n	<li style=\"box-sizing: border-box; margin: 0px; padding: 0px;\">Thành thạo HTML, CSS;</li>\r\n	<li style=\"box-sizing: border-box; margin: 0px; padding: 0px;\">Sử dụng tốt Flash;</li>\r\n	<li style=\"box-sizing: border-box; margin: 0px; padding: 0px;\">Thành thạo Javascripts là một lợi thế</li>\r\n	<li style=\"box-sizing: border-box; margin: 0px; padding: 0px;\">Có tư duy sáng tạo và thẩm mỹ tốt;</li>\r\n	<li style=\"box-sizing: border-box; margin: 0px; padding: 0px;\">Có thể chịu được áp lực trong công việc;</li>\r\n	<li style=\"box-sizing: border-box; margin: 0px; padding: 0px;\">Tỉ mỉ, chu đáo, năng động, nhiệt tình.</li>\r\n</ul>\r\n','<ul style=\"box-sizing: border-box; margin: 0px 0px 10px; padding-right: 0px; padding-left: 0px; list-style-position: inside; font-family: Roboto, Arial, Helvetica, sans-serif; line-height: 18.5714282989502px;\">\r\n	<li style=\"box-sizing: border-box; margin: 0px; padding: 0px;\">Mức lương cạnh tranh phù hợp với năng lực;</li>\r\n	<li style=\"box-sizing: border-box; margin: 0px; padding: 0px;\">Được hưởng các phụ cấp theo quy định của công ty (phụ cấp xăng xe, phụ cấp ăn trưa, ...);</li>\r\n	<li style=\"box-sizing: border-box; margin: 0px; padding: 0px;\">Được làm việc trong môi trường chuyên nghiệp, năng động và có khả năng phát triển;</li>\r\n	<li style=\"box-sizing: border-box; margin: 0px; padding: 0px;\">Được hưởng đầy đủ các chế độ theo luật quy định của công ty: Bảo hiểm xã hội, bảo hiểm y tế, nghỉ mát, ngày lễ, tết…;</li>\r\n	<li style=\"box-sizing: border-box; margin: 0px; padding: 0px;\">Được tham gia các khoá đào tạo nâng cao trình độ chuyên môn, kĩ năng mềm...;</li>\r\n	<li style=\"box-sizing: border-box; margin: 0px; padding: 0px;\">Cơ hội sở hữu cổ phần ưu đãi dành cho thành viên có kết quả làm việc xuất sắc.</li>\r\n</ul>\r\n',1430326800,1427370915,[now],[now],'tuyen-nhan-vien-thiet-ke-website','A. Dũng','buithanhdung@gmail.com','0948854888','Phòng 211 - Nhà G1 - Số 79 - Ngõ 82 - Phạm Ngọc Thạch - Đống Đa - Hà Nội','/media/images/99/jobs/','186_1429246293_247553091555e6d2.jpg');
set @jobs26810 = LAST_INSERT_ID();


INSERT INTO albums (album_id, album_name, album_description, album_type, photocount, `alias`, site_id, user_id, meta_keywords, meta_description, avatar_path, avatar_name, avatar_id, created_time, modified_time, cat_id,`order`) VALUES (null,'Album 7','Ablum 7',0,8,'album-7',[site_id],[user_id],'','','/media/images/albums/99/1/','163_1429254412_3815530b10c80a1e.jpg',111,[now],[now],0,9999);
set @albums33 = LAST_INSERT_ID();


INSERT INTO images (img_id, album_id, `name`, `path`, display_name, description, `alias`, site_id, user_id, height, width, created_time, modified_time) VALUES (null,@albums33,'163_1429254412_3815530b10c80a1e.jpg','/media/images/albums/99/1/','WHEY-GOLD-STANDARD-ON-2-Lbs-700.jpg','','whey-gold-standard-on-2-lbs-700jpg',[site_id],[user_id],700,700,[now],[now]);
set @images144 = LAST_INSERT_ID();
INSERT INTO images (img_id, album_id, `name`, `path`, display_name, description, `alias`, site_id, user_id, height, width, created_time, modified_time) VALUES (null,@albums33,'384_1429254408_155530b108b4d4e.png','/media/images/albums/99/1/','weight-gain-plus(1)(1).png','','weight-gain-plus11png',[site_id],[user_id],700,700,[now],[now]);
set @images145 = LAST_INSERT_ID();
INSERT INTO images (img_id, album_id, `name`, `path`, display_name, description, `alias`, site_id, user_id, height, width, created_time, modified_time) VALUES (null,@albums33,'79_1429254382_8525530b0ee5032f.jpg','/media/images/albums/99/1/','thuoc-giam-can-ultra-slimming.jpg','','thuoc-giam-can-ultra-slimmingjpg',[site_id],[user_id],700,700,[now],[now]);
set @images146 = LAST_INSERT_ID();
INSERT INTO images (img_id, album_id, `name`, `path`, display_name, description, `alias`, site_id, user_id, height, width, created_time, modified_time) VALUES (null,@albums33,'760_1429254379_3815530b0eb1257b.jpg','/media/images/albums/99/1/','collagen-123-c-290-vien-chinh-hang-usa-100-1406197491.jpg','','collagen-123-c-290-vien-chinh-hang-usa-100-1406197491jpg',[site_id],[user_id],700,700,[now],[now]);
set @images147 = LAST_INSERT_ID();
INSERT INTO images (img_id, album_id, `name`, `path`, display_name, description, `alias`, site_id, user_id, height, width, created_time, modified_time) VALUES (null,@albums33,'219_1429254377_1895530b0e96b4dd.jpg','/media/images/albums/99/1/','bo-xuong-khop-arthro-7-1.jpg','','bo-xuong-khop-arthro-7-1jpg',[site_id],[user_id],700,700,[now],[now]);
set @images148 = LAST_INSERT_ID();
INSERT INTO images (img_id, album_id, `name`, `path`, display_name, description, `alias`, site_id, user_id, height, width, created_time, modified_time) VALUES (null,@albums33,'212_1429254374_5345530b0e6ba870.jpg','/media/images/albums/99/1/','best-weight-gain(9).jpg','','best-weight-gain9jpg',[site_id],[user_id],700,700,[now],[now]);
set @images149 = LAST_INSERT_ID();
INSERT INTO images (img_id, album_id, `name`, `path`, display_name, description, `alias`, site_id, user_id, height, width, created_time, modified_time) VALUES (null,@albums33,'630_1429254369_5795530b0e140ee2.jpg','/media/images/albums/99/1/','album1.jpg','','album1jpg',[site_id],[user_id],700,700,[now],[now]);
set @images150 = LAST_INSERT_ID();
INSERT INTO images (img_id, album_id, `name`, `path`, display_name, description, `alias`, site_id, user_id, height, width, created_time, modified_time) VALUES (null,@albums33,'177_1429254158_7605530b00eb03a3.jpg','/media/images/albums/99/1/','banner-top.jpg','','banner-topjpg',[site_id],[user_id],388,858,[now],[now]);
set @images151 = LAST_INSERT_ID();
INSERT INTO images (img_id, album_id, `name`, `path`, display_name, description, `alias`, site_id, user_id, height, width, created_time, modified_time) VALUES (null,0,'3_1427371898_6245513f77a72242.jpg','/media/images/albums/81/1/','24.63_.jpg','','2463jpg',[site_id],[user_id],600,800,[now],[now]);
set @images152 = LAST_INSERT_ID();
INSERT INTO images (img_id, album_id, `name`, `path`, display_name, description, `alias`, site_id, user_id, height, width, created_time, modified_time) VALUES (null,0,'885_1427371892_1435513f774140da.jpg','/media/images/albums/81/1/','8.jpg','','8jpg',[site_id],[user_id],600,800,[now],[now]);
set @images153 = LAST_INSERT_ID();
INSERT INTO images (img_id, album_id, `name`, `path`, display_name, description, `alias`, site_id, user_id, height, width, created_time, modified_time) VALUES (null,0,'670_1427371864_8225513f7589d777.jpg','/media/images/albums/81/1/','26.33_.jpg','','2633jpg',[site_id],[user_id],600,800,[now],[now]);
set @images154 = LAST_INSERT_ID();
INSERT INTO images (img_id, album_id, `name`, `path`, display_name, description, `alias`, site_id, user_id, height, width, created_time, modified_time) VALUES (null,0,'305_1427371858_8505513f75293a6d.jpg','/media/images/albums/81/1/','26.32_.jpg','','2632jpg',[site_id],[user_id],600,800,[now],[now]);
set @images155 = LAST_INSERT_ID();
INSERT INTO images (img_id, album_id, `name`, `path`, display_name, description, `alias`, site_id, user_id, height, width, created_time, modified_time) VALUES (null,0,'727_1427371851_7735513f74bf2aae.jpg','/media/images/albums/81/1/','24.63_.jpg','','2463jpg',[site_id],[user_id],600,800,[now],[now]);
set @images156 = LAST_INSERT_ID();
INSERT INTO images (img_id, album_id, `name`, `path`, display_name, description, `alias`, site_id, user_id, height, width, created_time, modified_time) VALUES (null,0,'208_1427371833_4415513f73930b63.jpg','/media/images/albums/81/1/','26.33_.jpg','','2633jpg',[site_id],[user_id],600,800,[now],[now]);
set @images157 = LAST_INSERT_ID();
INSERT INTO images (img_id, album_id, `name`, `path`, display_name, description, `alias`, site_id, user_id, height, width, created_time, modified_time) VALUES (null,0,'481_1427371828_7465513f7345c8a6.jpg','/media/images/albums/81/1/','26.32_.jpg','','2632jpg',[site_id],[user_id],600,800,[now],[now]);
set @images158 = LAST_INSERT_ID();
INSERT INTO images (img_id, album_id, `name`, `path`, display_name, description, `alias`, site_id, user_id, height, width, created_time, modified_time) VALUES (null,0,'883_1427371796_1205513f714332d1.jpg','/media/images/albums/81/1/','IMG_20131223_100943-1.jpg','','img20131223100943-1jpg',[site_id],[user_id],519,800,[now],[now]);
set @images159 = LAST_INSERT_ID();
INSERT INTO images (img_id, album_id, `name`, `path`, display_name, description, `alias`, site_id, user_id, height, width, created_time, modified_time) VALUES (null,0,'433_1427371772_9135513f6fc98d2d.jpg','/media/images/albums/81/1/','26.33_.jpg','','2633jpg',[site_id],[user_id],600,800,[now],[now]);
set @images160 = LAST_INSERT_ID();
INSERT INTO images (img_id, album_id, `name`, `path`, display_name, description, `alias`, site_id, user_id, height, width, created_time, modified_time) VALUES (null,0,'911_1427370332_2545513f15cd406a.jpg','/media/images/albums/81/1/','IMG_20131223_100943-1.jpg','','img20131223100943-1jpg',[site_id],[user_id],519,800,[now],[now]);
set @images161 = LAST_INSERT_ID();
INSERT INTO images (img_id, album_id, `name`, `path`, display_name, description, `alias`, site_id, user_id, height, width, created_time, modified_time) VALUES (null,0,'408_1427370325_7635513f155e39fe.jpg','/media/images/albums/81/1/','dmc21.JPG','','dmc21jpg',[site_id],[user_id],450,800,[now],[now]);
set @images162 = LAST_INSERT_ID();
INSERT INTO images (img_id, album_id, `name`, `path`, display_name, description, `alias`, site_id, user_id, height, width, created_time, modified_time) VALUES (null,0,'710_1427370287_4925513f12f01538.jpg','/media/images/albums/81/1/','20131113_095937.jpg','','20131113095937jpg',[site_id],[user_id],600,800,[now],[now]);
set @images163 = LAST_INSERT_ID();
INSERT INTO images (img_id, album_id, `name`, `path`, display_name, description, `alias`, site_id, user_id, height, width, created_time, modified_time) VALUES (null,0,'775_1427370280_7045513f1286bf2c.jpg','/media/images/albums/81/1/','1416447_644774692240329_1588030914_o.jpg','','14164476447746922403291588030914ojpg',[site_id],[user_id],588,766,[now],[now]);
set @images164 = LAST_INSERT_ID();
INSERT INTO images (img_id, album_id, `name`, `path`, display_name, description, `alias`, site_id, user_id, height, width, created_time, modified_time) VALUES (null,0,'737_1427370217_6035513f0e9e15df.jpg','/media/images/albums/81/1/','26.33_.jpg','','2633jpg',[site_id],[user_id],600,800,[now],[now]);
set @images165 = LAST_INSERT_ID();
INSERT INTO images (img_id, album_id, `name`, `path`, display_name, description, `alias`, site_id, user_id, height, width, created_time, modified_time) VALUES (null,0,'999_1427370211_795513f0e39dcbd.jpg','/media/images/albums/81/1/','26.32_.jpg','','2632jpg',[site_id],[user_id],600,800,[now],[now]);
set @images166 = LAST_INSERT_ID();
INSERT INTO images (img_id, album_id, `name`, `path`, display_name, description, `alias`, site_id, user_id, height, width, created_time, modified_time) VALUES (null,0,'347_1427370126_9105513f08e7d4ec.jpg','/media/images/albums/81/1/','24.63_.jpg','','2463jpg',[site_id],[user_id],600,800,[now],[now]);
set @images167 = LAST_INSERT_ID();
INSERT INTO images (img_id, album_id, `name`, `path`, display_name, description, `alias`, site_id, user_id, height, width, created_time, modified_time) VALUES (null,0,'231_1427370119_5565513f0876c024.jpg','/media/images/albums/81/1/','8.jpg','','8jpg',[site_id],[user_id],600,800,[now],[now]);
set @images168 = LAST_INSERT_ID();


INSERT INTO menu_groups (menu_group_id, menu_group_name, menu_group_description, site_id, user_id, config, created_time, modified_time, modified_by, menu_group_type) VALUES (null,'Nhóm menu chính','Nhóm menu chính',[site_id],[user_id],'',[now],[now],[user_id],0);
set @menu_groups28 = LAST_INSERT_ID();
INSERT INTO menu_groups (menu_group_id, menu_group_name, menu_group_description, site_id, user_id, config, created_time, modified_time, modified_by, menu_group_type) VALUES (null,'Nhóm menu footer','Nhóm menu footer',[site_id],[user_id],'',[now],[now],[user_id],0);
set @menu_groups29 = LAST_INSERT_ID();

INSERT INTO menus (menu_id, site_id, user_id, menu_group, menu_title, parent_id, menu_linkto, menu_link, menu_basepath, menu_pathparams, menu_order, `alias`, `status`, menu_target, menu_values, icon_path, icon_name, background_path, background_name, description, created_time, modified_time, modified_by) VALUES (null,[site_id],[user_id],@menu_groups28,'Trang chủ',0,1,'','','[]',1,'trang-chu',1,1,'{\"t\":1,\"oi\":1}','','','','','',[now],[now],[user_id]);
set @menus271 = LAST_INSERT_ID();
INSERT INTO menus (menu_id, site_id, user_id, menu_group, menu_title, parent_id, menu_linkto, menu_link, menu_basepath, menu_pathparams, menu_order, `alias`, `status`, menu_target, menu_values, icon_path, icon_name, background_path, background_name, description, created_time, modified_time, modified_by) VALUES (null,[site_id],[user_id],@menu_groups28,'Liên hệ',0,1,'','/site/site/contact','[]',10,'lien-he',1,1,'{\"t\":1,\"oi\":2}','','','','','',[now],[now],[user_id]);
set @menus275 = LAST_INSERT_ID();
INSERT INTO menus (menu_id, site_id, user_id, menu_group, menu_title, parent_id, menu_linkto, menu_link, menu_basepath, menu_pathparams, menu_order, `alias`, `status`, menu_target, menu_values, icon_path, icon_name, background_path, background_name, description, created_time, modified_time, modified_by) VALUES (null,[site_id],[user_id],@menu_groups28,'Video',0,1,'','/media/video/all','[]',6,'video',1,1,'{\"t\":1,\"oi\":12}','','','','','',[now],[now],[user_id]);
set @menus276 = LAST_INSERT_ID();
INSERT INTO menus (menu_id, site_id, user_id, menu_group, menu_title, parent_id, menu_linkto, menu_link, menu_basepath, menu_pathparams, menu_order, `alias`, `status`, menu_target, menu_values, icon_path, icon_name, background_path, background_name, description, created_time, modified_time, modified_by) VALUES (null,[site_id],[user_id],@menu_groups28,'Album ảnh',0,1,'','/media/album/all','[]',7,'album-anh',1,1,'{\"t\":1,\"oi\":11}','','','','','',[now],[now],[user_id]);
set @menus277 = LAST_INSERT_ID();
INSERT INTO menus (menu_id, site_id, user_id, menu_group, menu_title, parent_id, menu_linkto, menu_link, menu_basepath, menu_pathparams, menu_order, `alias`, `status`, menu_target, menu_values, icon_path, icon_name, background_path, background_name, description, created_time, modified_time, modified_by) VALUES (null,[site_id],[user_id],@menu_groups28,'Tuyển dụng',0,1,'','/work/job','[]',8,'tuyen-dung',1,1,'{\"t\":1,\"oi\":13}','','','','','',[now],[now],[user_id]);
set @menus278 = LAST_INSERT_ID();
INSERT INTO menus (menu_id, site_id, user_id, menu_group, menu_title, parent_id, menu_linkto, menu_link, menu_basepath, menu_pathparams, menu_order, `alias`, `status`, menu_target, menu_values, icon_path, icon_name, background_path, background_name, description, created_time, modified_time, modified_by) VALUES (null,[site_id],[user_id],@menu_groups29,'Hỗ trợ khách hàng',0,1,'','','',0,'ho-tro-khach-hang',1,1,'{\"t\":1,\"oi\":0}','','','','','',[now],[now],[user_id]);
set @menus279 = LAST_INSERT_ID();
INSERT INTO menus (menu_id, site_id, user_id, menu_group, menu_title, parent_id, menu_linkto, menu_link, menu_basepath, menu_pathparams, menu_order, `alias`, `status`, menu_target, menu_values, icon_path, icon_name, background_path, background_name, description, created_time, modified_time, modified_by) VALUES (null,[site_id],[user_id],@menu_groups29,'Các câu hỏi thường gặp',@menus279,1,'','/page/category/detail',CONCAT('{"id":',@categorypage27,',"alias":"cac-cau-hoi-thuong-gap"}'),0,'cac-cau-hoi-thuong-gap',1,1,'','','','','','',[now],[now],[user_id]);
set @menus281 = LAST_INSERT_ID();
INSERT INTO menus (menu_id, site_id, user_id, menu_group, menu_title, parent_id, menu_linkto, menu_link, menu_basepath, menu_pathparams, menu_order, `alias`, `status`, menu_target, menu_values, icon_path, icon_name, background_path, background_name, description, created_time, modified_time, modified_by) VALUES (null,[site_id],[user_id],@menu_groups29,'Hướng dẫn đặt hàng',@menus279,1,'','/page/category/detail',CONCAT('{"id":',@categorypage24,',"alias":"huong-dan-dat-hang"}'),2,'huong-dan-dat-hang',1,1,'','','','','','',[now],[now],[user_id]);
set @menus282 = LAST_INSERT_ID();
INSERT INTO menus (menu_id, site_id, user_id, menu_group, menu_title, parent_id, menu_linkto, menu_link, menu_basepath, menu_pathparams, menu_order, `alias`, `status`, menu_target, menu_values, icon_path, icon_name, background_path, background_name, description, created_time, modified_time, modified_by) VALUES (null,[site_id],[user_id],@menu_groups29,'Phương thức vận chuyển',@menus279,1,'','/page/category/detail',CONCAT('{"id":',@categorypage25,',"alias":"phuong-thuc-van-chuyen"}'),4,'phuong-thuc-van-chuyen',1,1,'','','','','','',[now],[now],[user_id]);
set @menus283 = LAST_INSERT_ID();
INSERT INTO menus (menu_id, site_id, user_id, menu_group, menu_title, parent_id, menu_linkto, menu_link, menu_basepath, menu_pathparams, menu_order, `alias`, `status`, menu_target, menu_values, icon_path, icon_name, background_path, background_name, description, created_time, modified_time, modified_by) VALUES (null,[site_id],[user_id],@menu_groups29,'Liên hệ',@menus279,1,'','/site/site/contact','[]',6,'lien-he',1,1,'{\"t\":1,\"oi\":2}','','','','','',[now],[now],[user_id]);
set @menus270 = LAST_INSERT_ID();
INSERT INTO menus (menu_id, site_id, user_id, menu_group, menu_title, parent_id, menu_linkto, menu_link, menu_basepath, menu_pathparams, menu_order, `alias`, `status`, menu_target, menu_values, icon_path, icon_name, background_path, background_name, description, created_time, modified_time, modified_by) VALUES (null,[site_id],[user_id],@menu_groups28,'Tin tức',0,1,'','/news/news','[]',4,'tin-tuc',1,1,'{\"t\":1,\"oi\":8}','','','','','',[now],[now],[user_id]);
set @menus273 = LAST_INSERT_ID();
INSERT INTO menus (menu_id, site_id, user_id, menu_group, menu_title, parent_id, menu_linkto, menu_link, menu_basepath, menu_pathparams, menu_order, `alias`, `status`, menu_target, menu_values, icon_path, icon_name, background_path, background_name, description, created_time, modified_time, modified_by) VALUES (null,[site_id],[user_id],@menu_groups28,'Giới thiệu',0,1,'','/site/site/introduce','[]',3,'gioi-thieu',1,1,'{\"t\":1,\"oi\":3}','','','','','',[now],[now],[user_id]);
set @menus272 = LAST_INSERT_ID();
INSERT INTO menus (menu_id, site_id, user_id, menu_group, menu_title, parent_id, menu_linkto, menu_link, menu_basepath, menu_pathparams, menu_order, `alias`, `status`, menu_target, menu_values, icon_path, icon_name, background_path, background_name, description, created_time, modified_time, modified_by) VALUES (null,[site_id],[user_id],@menu_groups28,'Áo sơ mi nữ đẹp',0,1,'','/economy/product/category',CONCAT('{"id":',@product_categories373,',"alias":"ao-so-mi-nu-dep"}'),1,'ao-so-mi-nu-dep',1,1,'','','','','','',[now],[now],[user_id]);
set @menus291 = LAST_INSERT_ID();
INSERT INTO menus (menu_id, site_id, user_id, menu_group, menu_title, parent_id, menu_linkto, menu_link, menu_basepath, menu_pathparams, menu_order, `alias`, `status`, menu_target, menu_values, icon_path, icon_name, background_path, background_name, description, created_time, modified_time, modified_by) VALUES (null,[site_id],[user_id],@menu_groups28,'Váy đầm đẹp',0,1,'','/economy/product/category',CONCAT('{"id":',@product_categories374,',"alias":"vay-dam-dep"}'),2,'vay-dam-dep',1,1,'','','','','','',[now],[now],[user_id]);
set @menus292 = LAST_INSERT_ID();
INSERT INTO menus (menu_id, site_id, user_id, menu_group, menu_title, parent_id, menu_linkto, menu_link, menu_basepath, menu_pathparams, menu_order, `alias`, `status`, menu_target, menu_values, icon_path, icon_name, background_path, background_name, description, created_time, modified_time, modified_by) VALUES (null,[site_id],[user_id],@menu_groups28,'Chân váy - Quần',0,1,'','/economy/product/category',CONCAT('{"id":',@product_categories375,',"alias":"chan-vay-quan"}'),3,'chan-vay---quan',1,1,'','','','','','',[now],[now],[user_id]);
set @menus293 = LAST_INSERT_ID();
INSERT INTO menus (menu_id, site_id, user_id, menu_group, menu_title, parent_id, menu_linkto, menu_link, menu_basepath, menu_pathparams, menu_order, `alias`, `status`, menu_target, menu_values, icon_path, icon_name, background_path, background_name, description, created_time, modified_time, modified_by) VALUES (null,[site_id],[user_id],@menu_groups28,' Sản phẩm bán chạy',0,1,'','/economy/product/group','{\"id\":6,\"alias\":\"san-pham-ban-chay\"}',5,'san-pham-ban-chay',1,1,'{\"t\":4,\"ot\":81,\"oi\":6}','','','','','',[now],[now],[user_id]);
set @menus342 = LAST_INSERT_ID();
INSERT INTO menus (menu_id, site_id, user_id, menu_group, menu_title, parent_id, menu_linkto, menu_link, menu_basepath, menu_pathparams, menu_order, `alias`, `status`, menu_target, menu_values, icon_path, icon_name, background_path, background_name, description, created_time, modified_time, modified_by) VALUES (null,[site_id],[user_id],@menu_groups28,'Sản phẩm',0,1,'','/economy/product','[]',2,'san-pham',1,1,'{\"t\":1,\"oi\":9}','','','','','',[now],[now],[user_id]);
set @menus274 = LAST_INSERT_ID();
UPDATE menus SET parent_id=@menus274 WHERE menu_id=@menus291;
UPDATE menus SET parent_id=@menus274 WHERE menu_id=@menus292;
UPDATE menus SET parent_id=@menus274 WHERE menu_id=@menus293;
UPDATE menus SET parent_id=@menus274 WHERE menu_id=@menus342;


INSERT INTO menus_admin (menu_id, site_id, user_id, menu_title, parent_id, menu_linkto, menu_link, menu_basepath, menu_pathparams, menu_order, `alias`, `status`, menu_target, menu_values, iconclass, created_time, modified_time, modified_by) VALUES (null,[site_id],[user_id],'Sản phẩm',0,1,'/san-pham','economy/product','[]',1,'san-pham',1,1,'','icon-file-powerpoint-o',[now],[now],[user_id]);
set @menus_admin402 = LAST_INSERT_ID();
INSERT INTO menus_admin (menu_id, site_id, user_id, menu_title, parent_id, menu_linkto, menu_link, menu_basepath, menu_pathparams, menu_order, `alias`, `status`, menu_target, menu_values, iconclass, created_time, modified_time, modified_by) VALUES (null,[site_id],[user_id],'Quản lý sản phẩm',@menus_admin402,1,'/san-pham','economy/product','[]',1,'quan-ly-san-pham',1,1,'','',[now],[now],[user_id]);
set @menus_admin403 = LAST_INSERT_ID();
INSERT INTO menus_admin (menu_id, site_id, user_id, menu_title, parent_id, menu_linkto, menu_link, menu_basepath, menu_pathparams, menu_order, `alias`, `status`, menu_target, menu_values, iconclass, created_time, modified_time, modified_by) VALUES (null,[site_id],[user_id],'Danh mục sản phẩm',@menus_admin402,1,'/economy/productcategory','economy/productcategory','[]',2,'danh-muc-san-pham',1,1,'','',[now],[now],[user_id]);
set @menus_admin404 = LAST_INSERT_ID();
INSERT INTO menus_admin (menu_id, site_id, user_id, menu_title, parent_id, menu_linkto, menu_link, menu_basepath, menu_pathparams, menu_order, `alias`, `status`, menu_target, menu_values, iconclass, created_time, modified_time, modified_by) VALUES (null,[site_id],[user_id],'Nhóm sản phẩm',@menus_admin402,1,'/economy/productgroups','economy/productgroups','[]',3,'nhom-san-pham',1,1,'','',[now],[now],[user_id]);
set @menus_admin405 = LAST_INSERT_ID();
INSERT INTO menus_admin (menu_id, site_id, user_id, menu_title, parent_id, menu_linkto, menu_link, menu_basepath, menu_pathparams, menu_order, `alias`, `status`, menu_target, menu_values, iconclass, created_time, modified_time, modified_by) VALUES (null,[site_id],[user_id],'Nội dung',0,1,'#','','',2,'noi-dung',1,1,'','icon-file-text-o',[now],[now],[user_id]);
set @menus_admin406 = LAST_INSERT_ID();
INSERT INTO menus_admin (menu_id, site_id, user_id, menu_title, parent_id, menu_linkto, menu_link, menu_basepath, menu_pathparams, menu_order, `alias`, `status`, menu_target, menu_values, iconclass, created_time, modified_time, modified_by) VALUES (null,[site_id],[user_id],'Quản lý bài viết',@menus_admin406,1,'/content/news','content/news','[]',1,'quan-ly-bai-viet',1,1,'','',[now],[now],[user_id]);
set @menus_admin407 = LAST_INSERT_ID();
INSERT INTO menus_admin (menu_id, site_id, user_id, menu_title, parent_id, menu_linkto, menu_link, menu_basepath, menu_pathparams, menu_order, `alias`, `status`, menu_target, menu_values, iconclass, created_time, modified_time, modified_by) VALUES (null,[site_id],[user_id],'Danh mục bài viết',@menus_admin406,1,'/content/newscategory','content/newscategory','[]',2,'danh-muc-bai-viet',1,1,'','',[now],[now],[user_id]);
set @menus_admin408 = LAST_INSERT_ID();
INSERT INTO menus_admin (menu_id, site_id, user_id, menu_title, parent_id, menu_linkto, menu_link, menu_basepath, menu_pathparams, menu_order, `alias`, `status`, menu_target, menu_values, iconclass, created_time, modified_time, modified_by) VALUES (null,[site_id],[user_id],'Quản lý trang nội dung',@menus_admin406,1,'/content/categorypage','content/categorypage','[]',6,'quan-ly-trang-noi-dung',1,1,'','',[now],[now],[user_id]);
set @menus_admin409 = LAST_INSERT_ID();
INSERT INTO menus_admin (menu_id, site_id, user_id, menu_title, parent_id, menu_linkto, menu_link, menu_basepath, menu_pathparams, menu_order, `alias`, `status`, menu_target, menu_values, iconclass, created_time, modified_time, modified_by) VALUES (null,[site_id],[user_id],'Quản lý banner',0,1,'/banner/banner','banner/banner','[]',3,'quan-ly-banner',1,1,'','icon-building-o',[now],[now],[user_id]);
set @menus_admin410 = LAST_INSERT_ID();
INSERT INTO menus_admin (menu_id, site_id, user_id, menu_title, parent_id, menu_linkto, menu_link, menu_basepath, menu_pathparams, menu_order, `alias`, `status`, menu_target, menu_values, iconclass, created_time, modified_time, modified_by) VALUES (null,[site_id],[user_id],'Quản lý album ảnh',0,1,'/media/album','media/album','[]',5,'quan-ly-album-anh',1,1,'','icon-file-image-o',[now],[now],[user_id]);
set @menus_admin411 = LAST_INSERT_ID();
INSERT INTO menus_admin (menu_id, site_id, user_id, menu_title, parent_id, menu_linkto, menu_link, menu_basepath, menu_pathparams, menu_order, `alias`, `status`, menu_target, menu_values, iconclass, created_time, modified_time, modified_by) VALUES (null,[site_id],[user_id],'Quản lý tuyển dụng',0,1,'/work/jobs','work/jobs','[]',6,'quan-ly-tuyen-dung',1,1,'','icon-user',[now],[now],[user_id]);
set @menus_admin412 = LAST_INSERT_ID();
INSERT INTO menus_admin (menu_id, site_id, user_id, menu_title, parent_id, menu_linkto, menu_link, menu_basepath, menu_pathparams, menu_order, `alias`, `status`, menu_target, menu_values, iconclass, created_time, modified_time, modified_by) VALUES (null,[site_id],[user_id],'Quản lý menu',0,1,'/interface/menugroup','interface/menugroup','[]',6,'quan-ly-menu',1,1,'','icon-th-list',[now],[now],[user_id]);
set @menus_admin413 = LAST_INSERT_ID();
INSERT INTO menus_admin (menu_id, site_id, user_id, menu_title, parent_id, menu_linkto, menu_link, menu_basepath, menu_pathparams, menu_order, `alias`, `status`, menu_target, menu_values, iconclass, created_time, modified_time, modified_by) VALUES (null,[site_id],[user_id],'Khách hàng',0,1,'#','','',7,'khach-hang',1,1,'','icon-users',[now],[now],[user_id]);
set @menus_admin414 = LAST_INSERT_ID();
INSERT INTO menus_admin (menu_id, site_id, user_id, menu_title, parent_id, menu_linkto, menu_link, menu_basepath, menu_pathparams, menu_order, `alias`, `status`, menu_target, menu_values, iconclass, created_time, modified_time, modified_by) VALUES (null,[site_id],[user_id],'Quản lý đơn hàng',@menus_admin414,1,'/economy/order','economy/order','[]',0,'quan-ly-don-hang',1,1,'','',[now],[now],[user_id]);
set @menus_admin415 = LAST_INSERT_ID();
INSERT INTO menus_admin (menu_id, site_id, user_id, menu_title, parent_id, menu_linkto, menu_link, menu_basepath, menu_pathparams, menu_order, `alias`, `status`, menu_target, menu_values, iconclass, created_time, modified_time, modified_by) VALUES (null,[site_id],[user_id],'Liên hệ',@menus_admin414,1,'/custom/customform/statistic','custom/customform/statistic','[]',1,'lien-he',1,1,'','',[now],[now],[user_id]);
set @menus_admin416 = LAST_INSERT_ID();
INSERT INTO menus_admin (menu_id, site_id, user_id, menu_title, parent_id, menu_linkto, menu_link, menu_basepath, menu_pathparams, menu_order, `alias`, `status`, menu_target, menu_values, iconclass, created_time, modified_time, modified_by) VALUES (null,[site_id],[user_id],'Email đăng ký nhận tin',@menus_admin414,1,'/content/newsletter','content/newsletter','[]',4,'email-dang-ky-nhan-tin',1,1,'','',[now],[now],[user_id]);
set @menus_admin417 = LAST_INSERT_ID();
INSERT INTO menus_admin (menu_id, site_id, user_id, menu_title, parent_id, menu_linkto, menu_link, menu_basepath, menu_pathparams, menu_order, `alias`, `status`, menu_target, menu_values, iconclass, created_time, modified_time, modified_by) VALUES (null,[site_id],[user_id],'Giao diện',0,1,'#','','[]',8,'giao-dien',1,1,'','icon-desktop',[now],[now],[user_id]);
set @menus_admin418 = LAST_INSERT_ID();
INSERT INTO menus_admin (menu_id, site_id, user_id, menu_title, parent_id, menu_linkto, menu_link, menu_basepath, menu_pathparams, menu_order, `alias`, `status`, menu_target, menu_values, iconclass, created_time, modified_time, modified_by) VALUES (null,[site_id],[user_id],'Tùy chỉnh CSS',@menus_admin418,1,'/interface/sitesettings/stylecustom','interface/sitesettings/stylecustom','[]',5,'tuy-chinh-css',1,1,'','',[now],[now],[user_id]);
set @menus_admin419 = LAST_INSERT_ID();
INSERT INTO menus_admin (menu_id, site_id, user_id, menu_title, parent_id, menu_linkto, menu_link, menu_basepath, menu_pathparams, menu_order, `alias`, `status`, menu_target, menu_values, iconclass, created_time, modified_time, modified_by) VALUES (null,[site_id],[user_id],'Cấu hình website',0,1,'#','','[]',8,'cau-hinh-website',1,1,'','icon-gears',[now],[now],[user_id]);
set @menus_admin420 = LAST_INSERT_ID();
INSERT INTO menus_admin (menu_id, site_id, user_id, menu_title, parent_id, menu_linkto, menu_link, menu_basepath, menu_pathparams, menu_order, `alias`, `status`, menu_target, menu_values, iconclass, created_time, modified_time, modified_by) VALUES (null,[site_id],[user_id],'Thông tin cơ bản',@menus_admin420,1,'/setting/setting','setting/setting','[]',1,'thong-tin-co-ban',1,1,'','',[now],[now],[user_id]);
set @menus_admin421 = LAST_INSERT_ID();
INSERT INTO menus_admin (menu_id, site_id, user_id, menu_title, parent_id, menu_linkto, menu_link, menu_basepath, menu_pathparams, menu_order, `alias`, `status`, menu_target, menu_values, iconclass, created_time, modified_time, modified_by) VALUES (null,[site_id],[user_id],'Thông tin giới thiệu',@menus_admin420,1,'/setting/setting/introduce','setting/setting/introduce','[]',2,'thong-tin-gioi-thieu',1,1,'','',[now],[now],[user_id]);
set @menus_admin422 = LAST_INSERT_ID();
INSERT INTO menus_admin (menu_id, site_id, user_id, menu_title, parent_id, menu_linkto, menu_link, menu_basepath, menu_pathparams, menu_order, `alias`, `status`, menu_target, menu_values, iconclass, created_time, modified_time, modified_by) VALUES (null,[site_id],[user_id],'Thông tin liên hệ',@menus_admin420,1,'/interface/sitesettings/contact','interface/sitesettings/contact','[]',3,'thong-tin-lien-he',1,1,'','',[now],[now],[user_id]);
set @menus_admin423 = LAST_INSERT_ID();
INSERT INTO menus_admin (menu_id, site_id, user_id, menu_title, parent_id, menu_linkto, menu_link, menu_basepath, menu_pathparams, menu_order, `alias`, `status`, menu_target, menu_values, iconclass, created_time, modified_time, modified_by) VALUES (null,[site_id],[user_id],'Cấu hình tên miền',@menus_admin420,1,'/setting/setting/domainsetting','setting/setting/domainsetting','[]',3,'cau-hinh-ten-mien',1,1,'','',[now],[now],[user_id]);
set @menus_admin424 = LAST_INSERT_ID();
INSERT INTO menus_admin (menu_id, site_id, user_id, menu_title, parent_id, menu_linkto, menu_link, menu_basepath, menu_pathparams, menu_order, `alias`, `status`, menu_target, menu_values, iconclass, created_time, modified_time, modified_by) VALUES (null,[site_id],[user_id],'Cài đặt bản đồ',@menus_admin420,1,'/setting/map','setting/map','[]',4,'cai-dat-ban-do',1,1,'','',[now],[now],[user_id]);
set @menus_admin425 = LAST_INSERT_ID();
INSERT INTO menus_admin (menu_id, site_id, user_id, menu_title, parent_id, menu_linkto, menu_link, menu_basepath, menu_pathparams, menu_order, `alias`, `status`, menu_target, menu_values, iconclass, created_time, modified_time, modified_by) VALUES (null,[site_id],[user_id],'Hỗ trợ trực tuyến',@menus_admin420,1,'/setting/support','setting/support','[]',6,'ho-tro-truc-tuyen',1,1,'','',[now],[now],[user_id]);
set @menus_admin428 = LAST_INSERT_ID();
INSERT INTO menus_admin (menu_id, site_id, user_id, menu_title, parent_id, menu_linkto, menu_link, menu_basepath, menu_pathparams, menu_order, `alias`, `status`, menu_target, menu_values, iconclass, created_time, modified_time, modified_by) VALUES (null,[site_id],[user_id],'Thông tin chân trang (footer)',@menus_admin420,1,'/interface/sitesettings/footersetting','interface/sitesettings/footersetting','[]',10,'thong-tin-chan-trang-footer',1,1,'','',[now],[now],[user_id]);
set @menus_admin426 = LAST_INSERT_ID();
INSERT INTO menus_admin (menu_id, site_id, user_id, menu_title, parent_id, menu_linkto, menu_link, menu_basepath, menu_pathparams, menu_order, `alias`, `status`, menu_target, menu_values, iconclass, created_time, modified_time, modified_by) VALUES (null,[site_id],[user_id],'Quản lý Video',0,1,'/media/video','media/video','[]',10,'quan-ly-video',1,1,'','icon-video-camera',[now],[now],[user_id]);
set @menus_admin427 = LAST_INSERT_ID();


INSERT INTO forms (form_id, form_code, form_name, form_description, site_id, `status`, created_time, modified_time, user_id) VALUES (null,'fo_142207332754c31defc73c8','Form liên hệ','form liên hệ',[site_id],1,[now],[now],[user_id]);
set @forms17 = LAST_INSERT_ID();

INSERT INTO form_fields (field_id, form_id, field_key, field_label, field_type, field_options, field_required, `order`, site_id, user_id, `status`) VALUES 
(null,@forms17, 'c21','Tên','text','{\"size\":\"large\"}',1,1,[site_id],[user_id],1),
(null,@forms17, 'c102','Email','email','{\"size\":\"large\"}',1,2,[site_id],[user_id],1),
(null,@forms17, 'c143','Số điện thoại','text','{\"size\":\"large\"}',1,3,[site_id],[user_id],1),
(null,@forms17, 'c184','Chủ đề','text','{\"size\":\"large\"}',1,4,[site_id],[user_id],1),
(null,@forms17, 'c225','Nội dung','paragraph','{\"size\":\"large\"}',1,5,[site_id],[user_id],1),
(null,@forms17, 'c266','Gửi yêu cầu','button','{\"size\":\"large\",\"onclick\":\"\",\"button_type\":\"submitform\"}',0,6,[site_id],[user_id],1);


INSERT INTO page_widgets (page_widget_id, site_id,user_id, widget_title, position, page_key, widget_type, widget_id, created_time, showallpage, worder) VALUES (null,[site_id],[user_id],'Danh mục sản phẩm',1,'introduce/introduce/',1,'categorybox',[now],1,1);
set @page_widgets305 = LAST_INSERT_ID();
INSERT INTO page_widgets (page_widget_id, site_id,user_id, widget_title, position, page_key, widget_type, widget_id, created_time, showallpage, worder) VALUES (null,[site_id],[user_id],'Sản phẩm mới',5,'introduce/introduce/',1,'productsetnew',[now],0,1);
set @page_widgets307 = LAST_INSERT_ID();
INSERT INTO page_widgets (page_widget_id, site_id,user_id, widget_title, position, page_key, widget_type, widget_id, created_time, showallpage, worder) VALUES (null,[site_id],[user_id],'tất cả sản phẩm',5,'economy/product/',1,'productall',[now],0,1);
set @page_widgets308 = LAST_INSERT_ID();
INSERT INTO page_widgets (page_widget_id, site_id,user_id, widget_title, position, page_key, widget_type, widget_id, created_time, showallpage, worder) VALUES (null,[site_id],[user_id],'banner trái',1,'introduce/introduce/',1,'banner',[now],1,6);
set @page_widgets309 = LAST_INSERT_ID();
INSERT INTO page_widgets (page_widget_id, site_id,user_id, widget_title, position, page_key, widget_type, widget_id, created_time, showallpage, worder) VALUES (null,[site_id],[user_id],'Sản phẩm bán chạy',5,'introduce/introduce/',1,'productgroup',[now],0,2);
set @page_widgets310 = LAST_INSERT_ID();
INSERT INTO page_widgets (page_widget_id, site_id,user_id, widget_title, position, page_key, widget_type, widget_id, created_time, showallpage, worder) VALUES (null,[site_id],[user_id],'Hỗ trợ trực tuyến',1,'introduce/introduce/',1,'html',[now],1,2);
set @page_widgets311 = LAST_INSERT_ID();
INSERT INTO page_widgets (page_widget_id, site_id,user_id, widget_title, position, page_key, widget_type, widget_id, created_time, showallpage, worder) VALUES (null,[site_id],[user_id],'Form liên hệ',5,'site/site/contact',1,'customform',[now],0,1);
set @page_widgets312 = LAST_INSERT_ID();
INSERT INTO page_widgets (page_widget_id, site_id,user_id, widget_title, position, page_key, widget_type, widget_id, created_time, showallpage, worder) VALUES (null,[site_id],[user_id],'Tin tức',5,'news/news/',1,'newsall',[now],0,2);
set @page_widgets314 = LAST_INSERT_ID();
INSERT INTO page_widgets (page_widget_id, site_id,user_id, widget_title, position, page_key, widget_type, widget_id, created_time, showallpage, worder) VALUES (null,[site_id],[user_id],'Danh mục sản phẩm được chọn hiển thị trang chủ',5,'introduce/introduce/',1,'productcategoryinhome',[now],0,3);
set @page_widgets315 = LAST_INSERT_ID();
INSERT INTO page_widgets (page_widget_id, site_id,user_id, widget_title, position, page_key, widget_type, widget_id, created_time, showallpage, worder) VALUES (null,[site_id],[user_id],'Video',1,'introduce/introduce/',1,'videohot',[now],1,3);
set @page_widgets316 = LAST_INSERT_ID();
INSERT INTO page_widgets (page_widget_id, site_id,user_id, widget_title, position, page_key, widget_type, widget_id, created_time, showallpage, worder) VALUES (null,[site_id],[user_id],'Tin tức khác',5,'news/news/detail',1,'newsrelation',[now],0,3);
set @page_widgets317 = LAST_INSERT_ID();
INSERT INTO page_widgets (page_widget_id, site_id,user_id, widget_title, position, page_key, widget_type, widget_id, created_time, showallpage, worder) VALUES (null,[site_id],[user_id],'Social',5,'news/news/detail',1,'social',[now],0,1);
set @page_widgets318 = LAST_INSERT_ID();
INSERT INTO page_widgets (page_widget_id, site_id,user_id, widget_title, position, page_key, widget_type, widget_id, created_time, showallpage, worder) VALUES (null,[site_id],[user_id],'Sản phẩm cùng chuyên mục',5,'economy/product/detail',1,'productsrelation',[now],0,3);
set @page_widgets319 = LAST_INSERT_ID();
INSERT INTO page_widgets (page_widget_id, site_id,user_id, widget_title, position, page_key, widget_type, widget_id, created_time, showallpage, worder) VALUES (null,[site_id],[user_id],'Social',5,'economy/product/detail',1,'social',[now],0,1);
set @page_widgets320 = LAST_INSERT_ID();
INSERT INTO page_widgets (page_widget_id, site_id,user_id, widget_title, position, page_key, widget_type, widget_id, created_time, showallpage, worder) VALUES (null,[site_id],[user_id],'Bình luận',5,'economy/product/detail',1,'facebookcomment',[now],0,2);
set @page_widgets321 = LAST_INSERT_ID();
INSERT INTO page_widgets (page_widget_id, site_id,user_id, widget_title, position, page_key, widget_type, widget_id, created_time, showallpage, worder) VALUES (null,[site_id],[user_id],'Bình luận',5,'news/news/detail',1,'facebookcomment',[now],0,2);
set @page_widgets322 = LAST_INSERT_ID();
INSERT INTO page_widgets (page_widget_id, site_id,user_id, widget_title, position, page_key, widget_type, widget_id, created_time, showallpage, worder) VALUES (null,[site_id],[user_id],'Giỏ hàng',12,'introduce/introduce/',1,'shoppingcart',[now],1,1);
set @page_widgets323 = LAST_INSERT_ID();
INSERT INTO page_widgets (page_widget_id, site_id,user_id, widget_title, position, page_key, widget_type, widget_id, created_time, showallpage, worder) VALUES (null,[site_id],[user_id],'phone',13,'introduce/introduce/',1,'html',[now],1,1);
set @page_widgets326 = LAST_INSERT_ID();
INSERT INTO page_widgets (page_widget_id, site_id,user_id, widget_title, position, page_key, widget_type, widget_id, created_time, showallpage, worder) VALUES (null,[site_id],[user_id],'Đăng ký nhận tin khuyến mại',15,'introduce/introduce/',1,'newsletter',[now],1,1);
set @page_widgets328 = LAST_INSERT_ID();
INSERT INTO page_widgets (page_widget_id, site_id,user_id, widget_title, position, page_key, widget_type, widget_id, created_time, showallpage, worder) VALUES (null,[site_id],[user_id],'Facebook',1,'introduce/introduce/',1,'html',[now],1,4);
set @page_widgets329 = LAST_INSERT_ID();
INSERT INTO page_widgets (page_widget_id, site_id,user_id, widget_title, position, page_key, widget_type, widget_id, created_time, showallpage, worder) VALUES (null,[site_id],[user_id],'Sản phẩm nổi bật',1,'introduce/introduce/',1,'hotproduct',[now],1,5);
set @page_widgets330 = LAST_INSERT_ID();
INSERT INTO page_widgets (page_widget_id, site_id,user_id, widget_title, position, page_key, widget_type, widget_id, created_time, showallpage, worder) VALUES (null,[site_id],[user_id],'banner top',10,'introduce/introduce/',1,'banner',[now],1,1);
set @page_widgets331 = LAST_INSERT_ID();
INSERT INTO page_widgets (page_widget_id, site_id,user_id, widget_title, position, page_key, widget_type, widget_id, created_time, showallpage, worder) VALUES (null,[site_id],[user_id],'Search',3,'introduce/introduce/',1,'searchbox',[now],1,1);
set @page_widgets332 = LAST_INSERT_ID();
INSERT INTO page_widgets (page_widget_id, site_id,user_id, widget_title, position, page_key, widget_type, widget_id, created_time, showallpage, worder) VALUES (null,[site_id],[user_id],'Menu chính',31,'introduce/introduce/',1,'menu',[now],1,1);
set @page_widgets333 = LAST_INSERT_ID();
INSERT INTO page_widgets (page_widget_id, site_id,user_id, widget_title, position, page_key, widget_type, widget_id, created_time, showallpage, worder) VALUES (null,[site_id],[user_id],'Nhóm banner chính',41,'introduce/introduce/',1,'bannergroup',[now],0,1);
set @page_widgets334 = LAST_INSERT_ID();
INSERT INTO page_widgets (page_widget_id, site_id,user_id, widget_title, position, page_key, widget_type, widget_id, created_time, showallpage, worder) VALUES (null,[site_id],[user_id],'Banner hỗ trợ',42,'introduce/introduce/',1,'banner',[now],0,1);
set @page_widgets335 = LAST_INSERT_ID();
INSERT INTO page_widgets (page_widget_id, site_id,user_id, widget_title, position, page_key, widget_type, widget_id, created_time, showallpage, worder) VALUES (null,[site_id],[user_id],'Menu foolter',4,'introduce/introduce/',1,'menufooter',[now],1,1);
set @page_widgets336 = LAST_INSERT_ID();
INSERT INTO page_widgets (page_widget_id, site_id,user_id, widget_title, position, page_key, widget_type, widget_id, created_time, showallpage, worder) VALUES (null,[site_id],[user_id],'Map',14,'introduce/introduce/',1,'map',[now],1,1);
set @page_widgets337 = LAST_INSERT_ID();
INSERT INTO page_widgets (page_widget_id, site_id,user_id, widget_title, position, page_key, widget_type, widget_id, created_time, showallpage, worder) VALUES (null,[site_id],[user_id],'Thông tin về shop',4,'introduce/introduce/',1,'support',[now],1,2);
set @page_widgets338 = LAST_INSERT_ID();
INSERT INTO page_widgets (page_widget_id, site_id,user_id, widget_title, position, page_key, widget_type, widget_id, created_time, showallpage, worder) VALUES (null,[site_id],[user_id],'Product Filter',11,'economy/product/category',1,'productFilterInCat',[now],0,1);
set @page_widgets339 = LAST_INSERT_ID();
INSERT INTO page_widgets (page_widget_id, site_id,user_id, widget_title, position, page_key, widget_type, widget_id, created_time, showallpage, worder) VALUES (null,[site_id],[user_id],'Sắp xếp',41,'economy/product/category',1,'productsort',[now],0,1);
set @page_widgets341 = LAST_INSERT_ID();
INSERT INTO page_widgets (page_widget_id, site_id,user_id, widget_title, position, page_key, widget_type, widget_id, created_time, showallpage, worder) VALUES (null,[site_id],[user_id],'Pagesize',42,'economy/product/category',1,'pagesize',[now],0,1);
set @page_widgets342 = LAST_INSERT_ID();
INSERT INTO page_widgets (page_widget_id, site_id,user_id, widget_title, position, page_key, widget_type, widget_id, created_time, showallpage, worder) VALUES (null,[site_id],[user_id],'Sắp xếp',2501,'economy/product/',1,'productsort',[now],0,1);
set @page_widgets345 = LAST_INSERT_ID();
INSERT INTO page_widgets (page_widget_id, site_id,user_id, widget_title, position, page_key, widget_type, widget_id, created_time, showallpage, worder) VALUES (null,[site_id],[user_id],'Scrollup',14,'economy/product/detail',1,'scrollup',[now],1,2);
set @page_widgets346 = LAST_INSERT_ID();
INSERT INTO page_widgets (page_widget_id, site_id,user_id, widget_title, position, page_key, widget_type, widget_id, created_time, showallpage, worder) VALUES (null,[site_id],[user_id],'Pagesize',41,'economy/product/group',1,'pagesize',[now],0,1);
set @page_widgets395 = LAST_INSERT_ID();

INSERT INTO page_widget_config (id, page_widget_id, site_id, user_id, config_data, created_time, modified_time) VALUES (null,@page_widgets305,[site_id],[user_id],'{\"type\":\"product\",\"parent\":0,\"showallpage\":\"1\",\"widget_title\":\"Danh m\\u1ee5c s\\u1ea3n ph\\u1ea9m\",\"show_wiget_title\":\"1\"}',[now],[now]);
INSERT INTO page_widget_config (id, page_widget_id, site_id, user_id, config_data, created_time, modified_time) VALUES (null,@page_widgets307,[site_id],[user_id],'{\"limit\":\"4\",\"showallpage\":\"0\",\"widget_title\":\"S\\u1ea3n ph\\u1ea9m m\\u1edbi\",\"show_wiget_title\":\"1\"}',[now],[now]);
INSERT INTO page_widget_config (id, page_widget_id, site_id, user_id, config_data, created_time, modified_time) VALUES (null,@page_widgets308,[site_id],[user_id],'{\"limit\":\"18\",\"showallpage\":\"0\",\"widget_title\":\"t\\u1ea5t c\\u1ea3 s\\u1ea3n ph\\u1ea9m\",\"show_wiget_title\":\"0\"}',[now],[now]);
INSERT INTO page_widget_config (id, page_widget_id, site_id, user_id, config_data, created_time, modified_time) VALUES (null,@page_widgets309,[site_id],[user_id],CONCAT('{"banner_group_id":',@banner_groups86,',"showallpage":"1","widget_title":"banner trái","show_wiget_title":"0"}'),[now],[now]);
INSERT INTO page_widget_config (id, page_widget_id, site_id, user_id, config_data, created_time, modified_time) VALUES (null,@page_widgets310,[site_id],[user_id],CONCAT('{"limit":"8","group_id":',@product_groups6,',"showallpage":"0","widget_title":"Sản phẩm bán chạy","show_wiget_title":"1"}'),[now],[now]);
INSERT INTO page_widget_config (id, page_widget_id, site_id, user_id, config_data, created_time, modified_time) VALUES (null,@page_widgets311,[site_id],[user_id],'{\"html\":\"<div class=\\\"panel panel-default menu-vertical\\\">\\r\\n<div class=\\\"panel-heading\\\">\\r\\n<h3>H\\u1ed7 tr\\u1ee3 tr\\u1ef1c tuy\\u1ebfn<\\/h3>\\r\\n<\\/div>\\r\\n\\r\\n<div class=\\\"panel-body\\\">\\r\\n<div class=\\\"whtml\\\">\\r\\n<ul class=\\\"menu  menu-list\\\">\\r\\n\\t<li>\\r\\n\\t<div class=\\\"support-item\\\"><a class=\\\"name\\\" href=\\\"ymsgr:sendim?takevn\\\"><img src=\\\"http:\\/\\/opi.yahoo.com\\/online?u=takevn&amp;m=g&amp;t=5\\\" \\/> H\\u1ed7 tr\\u1ee3 1<\\/a><\\/div>\\r\\n\\t<\\/li>\\r\\n\\t<li>\\r\\n\\t<div class=\\\"support-item\\\"><a class=\\\"name\\\" href=\\\"ymsgr:sendim?takevn\\\"><img src=\\\"http:\\/\\/opi.yahoo.com\\/online?u=takevn&amp;m=g&amp;t=5\\\" \\/> H\\u1ed7 tr\\u1ee3 2<\\/a><\\/div>\\r\\n\\t<\\/li>\\r\\n\\t<li>\\r\\n\\t<div class=\\\"support-item\\\"><a class=\\\"icon\\\" href=\\\"#\\\" title=\\\"H\\u1ed7 Tr\\u1ee3 Online\\\"><img src=\\\"http:\\/\\/nangluongfujisolar.com\\/themes\\/introduce\\/w3ni131\\/css\\/img\\/icon-dt.jpg\\\" style=\\\" margin-bottom: 4px; vertical-align: middle; width: 12px; height: 12px;\\\" \\/><\\/a><a class=\\\"name\\\" style=\\\"padding: 0 0 0 5px;\\\">H\\u00e0 N\\u1ed9i: 0948 854 888<\\/a><\\/div>\\r\\n\\t<\\/li>\\r\\n\\t<li>\\r\\n\\t<div class=\\\"support-item\\\"><a class=\\\"icon\\\" href=\\\"#\\\" title=\\\"H\\u1ed7 Tr\\u1ee3 Online\\\"><img src=\\\"http:\\/\\/nangluongfujisolar.com\\/themes\\/introduce\\/w3ni131\\/css\\/img\\/icon-dt.jpg\\\" style=\\\" margin-bottom: 4px; vertical-align: middle; width: 12px; height: 12px;\\\" \\/><\\/a><a class=\\\"name\\\" style=\\\"padding: 0 0 0 5px;\\\">H\\u00e0 N\\u1ed9i: 0916 910 930<\\/a><\\/div>\\r\\n\\t<\\/li>\\r\\n<\\/ul>\\r\\n<\\/div>\\r\\n<\\/div>\\r\\n<\\/div>\\r\\n\",\"showallpage\":\"1\",\"widget_title\":\"H\\u1ed7 tr\\u1ee3 tr\\u1ef1c tuy\\u1ebfn\",\"show_wiget_title\":\"0\"}',[now],[now]);
INSERT INTO page_widget_config (id, page_widget_id, site_id, user_id, config_data, created_time, modified_time) VALUES (null,@page_widgets312,[site_id],[user_id],CONCAT('{"form_id":',@forms17,',"labelClass":"2","showallpage":"0","widget_title":"Form liên hệ","show_wiget_title":"1"}'),[now],[now]);
INSERT INTO page_widget_config (id, page_widget_id, site_id, user_id, config_data, created_time, modified_time) VALUES (null,@page_widgets314,[site_id],[user_id],'{\"limit\":\"10\",\"showallpage\":\"0\",\"widget_title\":\"Tin t\\u1ee9c\",\"show_wiget_title\":\"0\"}',[now],[now]);
INSERT INTO page_widget_config (id, page_widget_id, site_id, user_id, config_data, created_time, modified_time) VALUES (null,@page_widgets315,[site_id],[user_id],'{\"itemslimit\":\"8\",\"limit\":\"3\",\"showallpage\":\"0\",\"widget_title\":\"Danh m\\u1ee5c s\\u1ea3n ph\\u1ea9m \\u0111\\u01b0\\u1ee3c ch\\u1ecdn hi\\u1ec3n th\\u1ecb trang ch\\u1ee7\",\"show_wiget_title\":\"0\"}',[now],[now]);
INSERT INTO page_widget_config (id, page_widget_id, site_id, user_id, config_data, created_time, modified_time) VALUES (null,@page_widgets316,[site_id],[user_id],'{\"limit\":\"1\",\"showallpage\":\"1\",\"widget_title\":\"Video\",\"show_wiget_title\":\"1\"}',[now],[now]);
INSERT INTO page_widget_config (id, page_widget_id, site_id, user_id, config_data, created_time, modified_time) VALUES (null,@page_widgets317,[site_id],[user_id],'{\"limit\":\"3\",\"showallpage\":\"0\",\"widget_title\":\"Tin t\\u1ee9c kh\\u00e1c\",\"show_wiget_title\":\"1\"}',[now],[now]);
INSERT INTO page_widget_config (id, page_widget_id, site_id, user_id, config_data, created_time, modified_time) VALUES (null,@page_widgets318,[site_id],[user_id],'{\"showallpage\":\"0\",\"widget_title\":\"Social\",\"show_wiget_title\":\"0\"}',[now],[now]);
INSERT INTO page_widget_config (id, page_widget_id, site_id, user_id, config_data, created_time, modified_time) VALUES (null,@page_widgets319,[site_id],[user_id],'{\"limit\":\"4\",\"showallpage\":\"0\",\"widget_title\":\"S\\u1ea3n ph\\u1ea9m c\\u00f9ng chuy\\u00ean m\\u1ee5c\",\"show_wiget_title\":\"1\"}',[now],[now]);
INSERT INTO page_widget_config (id, page_widget_id, site_id, user_id, config_data, created_time, modified_time) VALUES (null,@page_widgets320,[site_id],[user_id],'{\"showallpage\":\"0\",\"widget_title\":\"Social\",\"show_wiget_title\":\"0\"}',[now],[now]);
INSERT INTO page_widget_config (id, page_widget_id, site_id, user_id, config_data, created_time, modified_time) VALUES (null,@page_widgets321,[site_id],[user_id],'{\"showallpage\":\"0\",\"widget_title\":\"B\\u00ecnh lu\\u1eadn\",\"show_wiget_title\":\"1\"}',[now],[now]);
INSERT INTO page_widget_config (id, page_widget_id, site_id, user_id, config_data, created_time, modified_time) VALUES (null,@page_widgets322,[site_id],[user_id],'{\"showallpage\":\"0\",\"widget_title\":\"B\\u00ecnh lu\\u1eadn\",\"show_wiget_title\":\"1\"}',[now],[now]);
INSERT INTO page_widget_config (id, page_widget_id, site_id, user_id, config_data, created_time, modified_time) VALUES (null,@page_widgets323,[site_id],[user_id],'{\"showallpage\":\"1\",\"widget_title\":\"Gi\\u1ecf h\\u00e0ng\",\"show_wiget_title\":\"1\"}',[now],[now]);
INSERT INTO page_widget_config (id, page_widget_id, site_id, user_id, config_data, created_time, modified_time) VALUES (null,@page_widgets326,[site_id],[user_id],'{\"html\":\"<div class=\\\"phone\\\">\\r\\n<div class=\\\"icon\\\">&nbsp;<\\/div>\\r\\n\\r\\n<p><span style=\\\"color:#7eb636\\\">0948.854.888<\\/span><\\/p>\\r\\n<\\/div>\\r\\n\",\"showallpage\":\"1\",\"widget_title\":\"phone\",\"show_wiget_title\":\"0\"}',[now],[now]);
INSERT INTO page_widget_config (id, page_widget_id, site_id, user_id, config_data, created_time, modified_time) VALUES (null,@page_widgets328,[site_id],[user_id],'{\"helptext\":\"Vui l\\u00f2ng \\u0111i\\u1ec1n v\\u00e0o form \\u0111\\u0103ng k\\u00ed \\u0111\\u1ec3 nh\\u1eadn th\\u00f4ng tin khuy\\u1ebfn m\\u1ea1i t\\u1eeb ch\\u00fang t\\u00f4i. Xin ch\\u00e2n th\\u00e0nh c\\u1ea3m \\u01a1n!\",\"showallpage\":\"1\",\"widget_title\":\"\\u0110\\u0103ng k\\u00fd nh\\u1eadn tin khuy\\u1ebfn m\\u1ea1i\",\"show_wiget_title\":\"1\"}',[now],[now]);
INSERT INTO page_widget_config (id, page_widget_id, site_id, user_id, config_data, created_time, modified_time) VALUES (null,@page_widgets329,[site_id],[user_id],'{\"html\":\"<div id=\\\"fb-root\\\">&nbsp;<\\/div>\\r\\n<script>(function(d, s, id) {\\r\\n  var js, fjs = d.getElementsByTagName(s)[0];\\r\\n  if (d.getElementById(id)) return;\\r\\n  js = d.createElement(s); js.id = id;\\r\\n  js.src = \\\"\\/\\/connect.facebook.net\\/en_US\\/sdk.js#xfbml=1&version=v2.3&appId=336833589730523\\\";\\r\\n  fjs.parentNode.insertBefore(js, fjs);\\r\\n}(document, \'script\', \'facebook-jssdk\'));<\\/script>\\r\\n\\r\\n<div class=\\\"fb-page\\\" data-hide-cover=\\\"false\\\" data-href=\\\"https:\\/\\/www.facebook.com\\/web3nhat\\\" data-show-facepile=\\\"true\\\" data-show-posts=\\\"false\\\" data-width=\\\"250\\\">\\r\\n<div class=\\\"fb-xfbml-parse-ignore\\\">\\r\\n<blockquote cite=\\\"https:\\/\\/www.facebook.com\\/web3nhat\\\"><a href=\\\"https:\\/\\/www.facebook.com\\/web3nhat\\\">Web 3 Nh\\u1ea5t<\\/a><\\/blockquote>\\r\\n<\\/div>\\r\\n<\\/div>\\r\\n\\r\\n<p>&nbsp;<\\/p>\\r\\n\",\"showallpage\":\"1\",\"widget_title\":\"Facebook\",\"show_wiget_title\":\"0\"}',[now],[now]);
INSERT INTO page_widget_config (id, page_widget_id, site_id, user_id, config_data, created_time, modified_time) VALUES (null,@page_widgets330,[site_id],[user_id],'{\"limit\":\"5\",\"showallpage\":\"1\",\"widget_title\":\"S\\u1ea3n ph\\u1ea9m n\\u1ed5i b\\u1eadt\",\"show_wiget_title\":\"1\"}',[now],[now]);
INSERT INTO page_widget_config (id, page_widget_id, site_id, user_id, config_data, created_time, modified_time) VALUES (null,@page_widgets331,[site_id],[user_id],CONCAT('{"banner_group_id":',@banner_groups87,',"limit":"1","showallpage":"1","widget_title":"banner top","show_wiget_title":"0"}'),[now],[now]);
INSERT INTO page_widget_config (id, page_widget_id, site_id, user_id, config_data, created_time, modified_time) VALUES (null,@page_widgets332,[site_id],[user_id],'{\"showcat\":\"0\",\"showallpage\":\"1\",\"widget_title\":\"Search\",\"show_wiget_title\":\"1\"}',[now],[now]);
INSERT INTO page_widget_config (id, page_widget_id, site_id, user_id, config_data, created_time, modified_time) VALUES (null,@page_widgets333,[site_id],[user_id],CONCAT('{"group_id":',@menu_groups28,',"directfrom":"left","showallpage":"1","widget_title":"Menu chính","show_wiget_title":"0"}'),[now],[now]);
INSERT INTO page_widget_config (id, page_widget_id, site_id, user_id, config_data, created_time, modified_time) VALUES (null,@page_widgets334,[site_id],[user_id],CONCAT('{"banner_group_id":',@banner_groups85,',"timeDelay":"4000","style":"style2","limit":"10","showallpage":"0","widget_title":"Nhóm banner chính","show_wiget_title":"0"}'),[now],[now]);
INSERT INTO page_widget_config (id, page_widget_id, site_id, user_id, config_data, created_time, modified_time) VALUES (null,@page_widgets335,[site_id],[user_id],CONCAT('{"banner_group_id":',@banner_groups88,',"limit":"1","showallpage":"0","widget_title":"Banner hỗ trợ","show_wiget_title":"0"}'),[now],[now]);
INSERT INTO page_widget_config (id, page_widget_id, site_id, user_id, config_data, created_time, modified_time) VALUES (null,@page_widgets336,[site_id],[user_id],CONCAT('{"group_id":',@menu_groups29,',"rows":"2","cols":"1","showallpage":"1","widget_title":"Menu foolter","show_wiget_title":"0"}'),[now],[now]);
INSERT INTO page_widget_config (id, page_widget_id, site_id, user_id, config_data, created_time, modified_time) VALUES (null,@page_widgets337,[site_id],[user_id],'{\"limit\":\"3\",\"showallpage\":\"1\",\"widget_title\":\"Map\",\"show_wiget_title\":\"0\"}',[now],[now]);
INSERT INTO page_widget_config (id, page_widget_id, site_id, user_id, config_data, created_time, modified_time) VALUES (null,@page_widgets338,[site_id],[user_id],'{\"limit\":\"10\",\"showallpage\":\"1\",\"widget_title\":\"Th\\u00f4ng tin v\\u1ec1 shop\",\"show_wiget_title\":\"1\"}',[now],[now]);
INSERT INTO page_widget_config (id, page_widget_id, site_id, user_id, config_data, created_time, modified_time) VALUES (null,@page_widgets339,[site_id],[user_id],'{\"priceFilter\":\"1\",\"showallpage\":\"0\",\"widget_title\":\"Product Filter\",\"show_wiget_title\":\"0\"}',[now],[now]);
INSERT INTO page_widget_config (id, page_widget_id, site_id, user_id, config_data, created_time, modified_time) VALUES (null,@page_widgets341,[site_id],[user_id],'{\"summaryText\":\"S\\u1eafp x\\u1ebfp theo\",\"afterText\":\"\",\"selectedDefault\":\"new\",\"showallpage\":\"0\",\"widget_title\":\"S\\u1eafp x\\u1ebfp\",\"show_wiget_title\":\"0\"}',[now],[now]);
INSERT INTO page_widget_config (id, page_widget_id, site_id, user_id, config_data, created_time, modified_time) VALUES (null,@page_widgets342,[site_id],[user_id],'{\"summaryText\":\"Hi\\u1ec3n th\\u1ecb\",\"afterText\":\"S\\u1ea3n ph\\u1ea9m\\/Trang\",\"pageSize\":\"12\",\"showallpage\":\"0\",\"widget_title\":\"Pagesize\",\"show_wiget_title\":\"0\"}',[now],[now]);
INSERT INTO page_widget_config (id, page_widget_id, site_id, user_id, config_data, created_time, modified_time) VALUES (null,@page_widgets345,[site_id],[user_id],'{\"summaryText\":\"S\\u1eafp x\\u1ebfp theo\",\"afterText\":\"\",\"selectedDefault\":\"new\",\"showallpage\":\"0\",\"widget_title\":\"S\\u1eafp x\\u1ebfp\",\"show_wiget_title\":\"0\"}',[now],[now]);
INSERT INTO page_widget_config (id, page_widget_id, site_id, user_id, config_data, created_time, modified_time) VALUES (null,@page_widgets346,[site_id],[user_id],'{\"showallpage\":\"1\",\"widget_title\":\"Scrollup\",\"show_wiget_title\":\"0\",\"fromTop\":\"100\"}',[now],[now]);
INSERT INTO page_widget_config (id, page_widget_id, site_id, user_id, config_data, created_time, modified_time) VALUES (null,@page_widgets395,[site_id],[user_id],'{\"summaryText\":\"Hi\\u1ec3n th\\u1ecb\",\"afterText\":\"S\\u1ea3n ph\\u1ea9m\\/Trang\",\"pageSize\":\"12\",\"showallpage\":\"0\",\"widget_title\":\"Pagesize\",\"show_wiget_title\":\"0\"}',[now],[now]);

